time_s,substrate_uM,well,product_uM
0.0,9600.0,A9,0.0
20.0,9600.0,A9,4.043078250035942
40.0,9600.0,A9,8.086156500071883
60.0,9600.0,A9,11.680003833437166
80.0,9600.0,A9,15.57333844458287
100.0,9600.0,A9,19.316929416838374
120.0,9600.0,A9,23.060520389093874
140.0,9600.0,A9,27.103598639129817
160.0,9600.0,A9,30.99693325027554
180.0,9600.0,A9,34.89026786142124
200.0,9600.0,A9,38.78360247256696
220.0,9600.0,A9,42.82668072260291
240.0,9600.0,A9,46.72001533374863
260.0,9600.0,A9,50.76309358378455
280.0,9600.0,A9,54.80617183382049
300.0,9600.0,A9,58.69950644496622
320.0,9600.0,A9,62.742584695002144
340.0,9600.0,A9,67.08515022281853
360.0,9600.0,A9,70.97848483396426
380.0,9600.0,A9,75.02156308400019
400.0,9600.0,A9,79.06464133403611
420.0,9600.0,A9,83.25746322296227
440.0,9600.0,A9,87.45028511188843
460.0,9600.0,A9,91.6431070008146
480.0,9600.0,A9,95.53644161196034
500.0,9600.0,A9,99.8790071397767
520.0,9600.0,A9,103.92208538981262
540.0,9600.0,A9,108.26465091762903
560.0,9600.0,A9,112.45747280655519
580.0,9600.0,A9,116.65029469548132
600.0,9600.0,A9,120.69337294551728
620.0,9600.0,A9,125.03593847333366
640.0,9600.0,A9,129.22876036225983
660.0,9600.0,A9,133.42158225118595
680.0,9600.0,A9,137.61440414011213
700.0,9600.0,A9,141.9569696679285
720.0,9600.0,A9,146.14979155685467
740.0,9600.0,A9,150.49235708467103
760.0,9600.0,A9,154.68517897359717
780.0,9600.0,A9,158.87800086252335
800.0,9600.0,A9,163.2205663903397
820.0,9600.0,A9,167.56313191815613
840.0,9600.0,A9,171.75595380708228
860.0,9600.0,A9,175.79903205711818
880.0,9600.0,A9,180.1415975849346
900.0,9600.0,A9,184.33441947386072
920.0,9600.0,A9,188.52724136278692
940.0,9600.0,A9,192.72006325171304
960.0,9600.0,A9,197.21237241841968
980.0,9600.0,A9,201.2554506684556
1000.0,9600.0,A9,205.598016196272
1020.0,9600.0,A9,209.6410944463079
1040.0,9600.0,A9,213.83391633523405
1060.0,9600.0,A9,218.1764818630504
1080.0,9600.0,A9,222.0698164741962
1100.0,9600.0,A9,226.711869279793
1120.0,9600.0,A9,230.4554602520485
1140.0,9600.0,A9,234.64828214097466
1160.0,9600.0,A9,238.84110402990083
1180.0,9600.0,A9,243.3334131966074
1200.0,9600.0,A9,247.82572236331396
1220.0,9600.0,A9,251.26982605778903
1240.0,9600.0,A9,255.61239158560542
1260.0,9600.0,A9,259.50572619675114
1280.0,9600.0,A9,263.6985480856773
1300.0,9600.0,A9,267.7416263357132
1320.0,9600.0,A9,271.93444822463937
1340.0,9600.0,A9,276.7262446691264
1360.0,9600.0,A9,280.3200920024917
1380.0,9600.0,A9,284.21342661363747
1400.0,9600.0,A9,289.4544539747951
1420.0,9600.0,A9,292.29958311370933
1440.0,9600.0,A9,296.0431740859648
1460.0,9600.0,A9,300.53548325267144
1480.0,9600.0,A9,303.8298433082562
1500.0,9600.0,A9,308.3221524749629
1520.0,9600.0,A9,312.51497436388905
1540.0,9600.0,A9,315.3601035028032
1560.0,9600.0,A9,319.8524126695098
1580.0,9600.0,A9,324.34472183621637
1600.0,9600.0,A9,327.48933825291107
1620.0,9600.0,A9,332.1313910585078
1640.0,9600.0,A9,336.02472566965355
1660.0,9600.0,A9,341.2657530308112
1680.0,9600.0,A9,342.76318941971346
1700.0,9600.0,A9,348.75293497532226
1720.0,9600.0,A9,351.1488331975658
1740.0,9600.0,A9,353.6944750586995
1760.0,9600.0,A9,358.33652786429633
1780.0,9600.0,A9,363.2780679476736
1800.0,9600.0,A9,368.06986439216064
0.0,9600.0,A10,0.0
20.0,9600.0,A10,4.342565527816382
40.0,9600.0,A10,8.385643777852325
60.0,9600.0,A10,12.278978388998045
80.0,9600.0,A10,16.32205663903397
100.0,9600.0,A10,20.215391250179692
120.0,9600.0,A10,24.258469500215636
140.0,9600.0,A10,28.151804111361358
160.0,9600.0,A10,32.19488236139728
180.0,9600.0,A10,36.088216972543
200.0,9600.0,A10,39.98155158368873
220.0,9600.0,A10,44.02462983372467
240.0,9600.0,A10,48.06770808376061
260.0,9600.0,A10,52.260529972686754
280.0,9600.0,A10,56.453351861612916
300.0,9600.0,A10,60.49643011164884
320.0,9600.0,A10,64.53950836168478
340.0,9600.0,A10,68.73233025061096
360.0,9600.0,A10,72.9251521395371
380.0,9600.0,A10,77.11797402846327
400.0,9600.0,A10,81.31079591738943
420.0,9600.0,A10,85.50361780631559
440.0,9600.0,A10,89.84618333413196
460.0,9600.0,A10,94.03900522305813
480.0,9600.0,A10,98.08208347309406
500.0,9600.0,A10,102.42464900091043
520.0,9600.0,A10,106.6174708898366
540.0,9600.0,A10,110.81029277876276
560.0,9600.0,A10,115.30260194546935
580.0,9600.0,A10,119.49542383439551
600.0,9600.0,A10,123.83798936221189
620.0,9600.0,A10,128.18055489002828
640.0,9600.0,A10,132.3733767789544
660.0,9600.0,A10,136.71594230677078
680.0,9600.0,A10,141.0585078345872
700.0,9600.0,A10,145.40107336240357
720.0,9600.0,A10,149.59389525132974
740.0,9600.0,A10,153.9364607791461
760.0,9600.0,A10,158.27902630696246
780.0,9600.0,A10,162.62159183477883
800.0,9600.0,A10,166.814413723705
820.0,9600.0,A10,171.15697925152142
840.0,9600.0,A10,175.34980114044754
860.0,9600.0,A10,179.84211030715414
880.0,9600.0,A10,183.88518855719008
900.0,9600.0,A10,188.37749772389668
920.0,9600.0,A10,192.57031961282286
940.0,9600.0,A10,196.763141501749
960.0,9600.0,A10,201.25545066845558
980.0,9600.0,A10,205.44827255738176
1000.0,9600.0,A10,209.9405817240883
1020.0,9600.0,A10,214.28314725190475
1040.0,9600.0,A10,218.02673822416023
1060.0,9600.0,A10,222.66879102975707
1080.0,9600.0,A10,226.26263836312233
1100.0,9600.0,A10,231.20417844649958
1120.0,9600.0,A10,234.9477694187551
1140.0,9600.0,A10,239.29033494657145
1160.0,9600.0,A10,243.3334131966074
1180.0,9600.0,A10,247.97546600220423
1200.0,9600.0,A10,252.7672624466913
1220.0,9600.0,A10,256.2113661411663
1240.0,9600.0,A10,260.7036753078729
1260.0,9600.0,A10,264.5970099190186
1280.0,9600.0,A10,268.7898318079448
1300.0,9600.0,A10,273.13239733576114
1320.0,9600.0,A10,277.3252192246873
1340.0,9600.0,A10,281.5180411136135
1360.0,9600.0,A10,285.41137572475924
1380.0,9600.0,A10,289.1549666970147
1400.0,9600.0,A10,294.845224974843
1420.0,9600.0,A10,297.8400977526474
1440.0,9600.0,A10,302.48215055824426
1460.0,9600.0,A10,306.22574153049976
1480.0,9600.0,A10,309.22061430830416
1500.0,9600.0,A10,314.6113853083521
1520.0,9600.0,A10,317.60625808615646
1540.0,9600.0,A10,322.39805453064355
1560.0,9600.0,A10,324.79395275288704
1580.0,9600.0,A10,329.88523647515456
1600.0,9600.0,A10,333.77857108630025
1620.0,9600.0,A10,339.3190857252384
1640.0,9600.0,A10,343.2124203363841
1660.0,9600.0,A10,347.4052422253103
1680.0,9600.0,A10,350.40011500311465
1700.0,9600.0,A10,353.5447314198093
1720.0,9600.0,A10,359.9837078920887
1740.0,9600.0,A10,361.33140064210073
1760.0,9600.0,A10,365.37447889213666
1780.0,9600.0,A10,369.5673007810628
1800.0,9600.0,A10,373.1611481144281
0.0,9600.0,A11,0.0
20.0,9600.0,A11,4.342565527816382
40.0,9600.0,A11,8.385643777852325
60.0,9600.0,A11,12.428722027888266
80.0,9600.0,A11,16.471800277924192
100.0,9600.0,A11,20.365134889069914
120.0,9600.0,A11,24.258469500215636
140.0,9600.0,A11,28.451291389141797
160.0,9600.0,A11,32.49436963917774
180.0,9600.0,A11,36.68719152810388
200.0,9600.0,A11,40.88001341703004
220.0,9600.0,A11,45.07283530595621
240.0,9600.0,A11,49.11591355599215
260.0,9600.0,A11,53.15899180602808
280.0,9600.0,A11,57.20207005606402
300.0,9600.0,A11,61.245148306099956
320.0,9600.0,A11,65.2882265561359
340.0,9600.0,A11,69.63079208395229
360.0,9600.0,A11,73.67387033398822
380.0,9600.0,A11,77.86669222291438
400.0,9600.0,A11,82.05951411184051
420.0,9600.0,A11,86.25233600076668
440.0,9600.0,A11,90.44515788969284
460.0,9600.0,A11,94.78772341750924
480.0,9600.0,A11,98.83080166754515
500.0,9600.0,A11,103.17336719536155
520.0,9600.0,A11,107.36618908428771
540.0,9600.0,A11,111.85849825099432
560.0,9600.0,A11,116.05132013992048
580.0,9600.0,A11,120.39388566773684
600.0,9600.0,A11,124.88619483444344
620.0,9600.0,A11,129.0790167233696
640.0,9600.0,A11,133.42158225118595
660.0,9600.0,A11,137.91389141789253
680.0,9600.0,A11,142.1067133068187
700.0,9600.0,A11,146.59902247352534
720.0,9600.0,A11,150.79184436245149
740.0,9600.0,A11,155.43389716804828
760.0,9600.0,A11,159.62671905697442
780.0,9600.0,A11,164.11902822368106
800.0,9600.0,A11,168.7610810292779
820.0,9600.0,A11,173.10364655709427
840.0,9600.0,A11,177.1467248071302
860.0,9600.0,A11,181.6390339738368
880.0,9600.0,A11,185.98159950165316
900.0,9600.0,A11,190.4739086683598
920.0,9600.0,A11,194.66673055728592
940.0,9600.0,A11,199.00929608510228
960.0,9600.0,A11,203.20211797402848
980.0,9600.0,A11,207.3949398629546
1000.0,9600.0,A11,212.33647994633182
1020.0,9600.0,A11,216.52930183525805
1040.0,9600.0,A11,220.57238008529396
1060.0,9600.0,A11,224.61545833532992
1080.0,9600.0,A11,229.10776750203655
1100.0,9600.0,A11,233.7498203076333
1120.0,9600.0,A11,237.79289855766928
1140.0,9600.0,A11,242.28520772437585
1160.0,9600.0,A11,246.478029613302
1180.0,9600.0,A11,250.97033878000863
1200.0,9600.0,A11,255.1631606689348
1220.0,9600.0,A11,259.05649528008047
1240.0,9600.0,A11,263.6985480856773
1260.0,9600.0,A11,267.29239541904263
1280.0,9600.0,A11,272.08419186352967
1300.0,9600.0,A11,275.5282955580047
1320.0,9600.0,A11,280.6195792802722
1340.0,9600.0,A11,285.41137572475924
1360.0,9600.0,A11,288.85547941923426
1380.0,9600.0,A11,292.29958311370933
1400.0,9600.0,A11,298.58881594709857
1420.0,9600.0,A11,301.28420144712254
1440.0,9600.0,A11,305.6267669749389
1460.0,9600.0,A11,310.5683070583161
1480.0,9600.0,A11,313.71292347501077
1500.0,9600.0,A11,318.65446355838804
1520.0,9600.0,A11,322.0985672528631
1540.0,9600.0,A11,325.9919018640088
1560.0,9600.0,A11,330.63395466960566
1580.0,9600.0,A11,334.37754564186116
1600.0,9600.0,A11,337.52216205855575
1620.0,9600.0,A11,344.5601130863961
1640.0,9600.0,A11,347.4052422253103
1660.0,9600.0,A11,352.19703866979734
1680.0,9600.0,A11,355.3416550864919
1700.0,9600.0,A11,358.93550241985724
1720.0,9600.0,A11,362.9785806698931
1740.0,9600.0,A11,367.02165891992905
1760.0,9600.0,A11,370.01653169773346
1780.0,9600.0,A11,376.75499544779336
1800.0,9600.0,A11,377.95294455891514
0.0,4800.0,B9,0.0
20.0,4800.0,B9,3.593847333365282
40.0,4800.0,B9,7.3374383056207835
60.0,4800.0,B9,11.081029277876269
80.0,4800.0,B9,14.52513297235133
100.0,4800.0,B9,18.11898030571661
120.0,4800.0,B9,21.862571277972112
140.0,4800.0,B9,25.456418611337394
160.0,4800.0,B9,29.05026594470266
180.0,4800.0,B9,32.64411327806794
200.0,4800.0,B9,36.23796061143322
220.0,4800.0,B9,39.831807944798506
240.0,4800.0,B9,43.57539891705401
260.0,4800.0,B9,47.16924625041927
280.0,4800.0,B9,50.912837222674774
300.0,4800.0,B9,54.65642819493028
320.0,4800.0,B9,58.549762806076
340.0,4800.0,B9,62.44309741722172
360.0,4800.0,B9,66.1866883894772
380.0,4800.0,B9,70.22976663951314
400.0,4800.0,B9,74.12310125065886
420.0,4800.0,B9,78.01643586180457
440.0,4800.0,B9,82.05951411184053
460.0,4800.0,B9,85.80310508409602
480.0,4800.0,B9,89.84618333413198
500.0,4800.0,B9,93.8892615841679
520.0,4800.0,B9,97.63285255642339
540.0,4800.0,B9,101.82567444534955
560.0,4800.0,B9,105.56926541760507
580.0,4800.0,B9,109.16311275097033
600.0,4800.0,B9,113.35593463989649
620.0,4800.0,B9,117.24926925104222
640.0,4800.0,B9,121.14260386218794
660.0,4800.0,B9,125.3354257511141
680.0,4800.0,B9,129.0790167233696
700.0,4800.0,B9,133.42158225118592
720.0,4800.0,B9,137.3149168623317
740.0,4800.0,B9,141.35799511236763
760.0,4800.0,B9,145.5508170012938
780.0,4800.0,B9,149.29440797354928
800.0,4800.0,B9,153.18774258469497
820.0,4800.0,B9,157.5303081125114
840.0,4800.0,B9,161.4236427236571
860.0,4800.0,B9,165.46672097369301
880.0,4800.0,B9,169.36005558483876
900.0,4800.0,B9,173.5528774737649
920.0,4800.0,B9,177.59595572380084
940.0,4800.0,B9,181.33954669605635
960.0,4800.0,B9,185.08313766831185
980.0,4800.0,B9,189.57544683501845
1000.0,4800.0,B9,193.46878144616417
1020.0,4800.0,B9,197.36211605730986
1040.0,4800.0,B9,201.40519430734582
1060.0,4800.0,B9,205.44827255738176
1080.0,4800.0,B9,209.19186352963726
1100.0,4800.0,B9,213.3846854185634
1120.0,4800.0,B9,217.2780200297091
1140.0,4800.0,B9,221.17135464085487
1160.0,4800.0,B9,224.76520197422013
1180.0,4800.0,B9,229.1077675020365
1200.0,4800.0,B9,232.70161483540176
1220.0,4800.0,B9,237.04418036321815
1240.0,4800.0,B9,240.7877713354737
1260.0,4800.0,B9,244.53136230772915
1280.0,4800.0,B9,248.42469691887484
1300.0,4800.0,B9,252.7672624466913
1320.0,4800.0,B9,256.06162250227607
1340.0,4800.0,B9,260.10470075231206
1360.0,4800.0,B9,264.5970099190186
1380.0,4800.0,B9,268.1908572523839
1400.0,4800.0,B9,271.93444822463937
1420.0,4800.0,B9,275.9775264746753
1440.0,4800.0,B9,279.72111744693086
1460.0,4800.0,B9,283.913939335857
1480.0,4800.0,B9,286.9088121136613
1500.0,4800.0,B9,291.2513776414778
1520.0,4800.0,B9,294.3959940581724
1540.0,4800.0,B9,299.1877905026594
1560.0,4800.0,B9,302.78163783602474
1580.0,4800.0,B9,306.37548516939
1600.0,4800.0,B9,309.2206143083041
1620.0,4800.0,B9,314.4616416694618
1640.0,4800.0,B9,316.85753989170536
1660.0,4800.0,B9,321.79907997508263
1680.0,4800.0,B9,324.1949781973262
1700.0,4800.0,B9,327.93856916958157
1720.0,4800.0,B9,332.8801092529589
1740.0,4800.0,B9,336.0247256696535
1760.0,4800.0,B9,339.4688293641286
1780.0,4800.0,B9,344.7098567252862
1800.0,4800.0,B9,347.55498586420043
0.0,4800.0,B10,0.0
20.0,4800.0,B10,3.893334611145722
40.0,4800.0,B10,7.936412861181664
60.0,4800.0,B10,11.82974747232737
80.0,4800.0,B10,15.42359480569265
100.0,4800.0,B10,19.316929416838374
120.0,4800.0,B10,23.060520389093874
140.0,4800.0,B10,26.953855000239596
160.0,4800.0,B10,30.8471896113853
180.0,4800.0,B10,34.89026786142124
200.0,4800.0,B10,38.78360247256696
220.0,4800.0,B10,42.67693708371269
240.0,4800.0,B10,46.869758972638834
260.0,4800.0,B10,50.61334994489433
280.0,4800.0,B10,54.65642819493028
300.0,4800.0,B10,58.69950644496622
320.0,4800.0,B10,62.89232833389238
340.0,4800.0,B10,66.9354065839283
360.0,4800.0,B10,70.97848483396425
380.0,4800.0,B10,75.02156308400018
400.0,4800.0,B10,79.21438497292634
420.0,4800.0,B10,83.10771958407207
440.0,4800.0,B10,87.30054147299823
460.0,4800.0,B10,91.4933633619244
480.0,4800.0,B10,95.68618525085053
500.0,4800.0,B10,99.87900713977669
520.0,4800.0,B10,104.07182902870285
540.0,4800.0,B10,108.41439455651924
560.0,4800.0,B10,112.45747280655517
580.0,4800.0,B10,116.50055105659112
600.0,4800.0,B10,120.69337294551728
620.0,4800.0,B10,125.03593847333364
640.0,4800.0,B10,129.37850400115005
660.0,4800.0,B10,133.57132589007614
680.0,4800.0,B10,137.76414777900231
700.0,4800.0,B10,141.9569696679285
720.0,4800.0,B10,146.14979155685464
740.0,4800.0,B10,150.6421007235613
760.0,4800.0,B10,154.83492261248745
780.0,4800.0,B10,159.02774450141362
800.0,4800.0,B10,163.22056639033977
820.0,4800.0,B10,167.56313191815607
840.0,4800.0,B10,171.60621016819204
860.0,4800.0,B10,175.9487756960084
880.0,4800.0,B10,180.29134122382484
900.0,4800.0,B10,184.484163112751
920.0,4800.0,B10,188.82672864056735
940.0,4800.0,B10,192.86980689060326
960.0,4800.0,B10,197.21237241841968
980.0,4800.0,B10,201.55493794623604
1000.0,4800.0,B10,205.7477598351622
1020.0,4800.0,B10,209.6410944463079
1040.0,4800.0,B10,213.98365997412432
1060.0,4800.0,B10,218.32622550194068
1080.0,4800.0,B10,222.0698164741962
1100.0,4800.0,B10,226.56212564090282
1120.0,4800.0,B10,230.75494752982897
1140.0,4800.0,B10,234.94776941875514
1160.0,4800.0,B10,239.1405913076813
1180.0,4800.0,B10,243.3334131966074
1200.0,4800.0,B10,247.67597872442377
1220.0,4800.0,B10,251.56931333556952
1240.0,4800.0,B10,256.0616225022762
1260.0,4800.0,B10,259.95495711342176
1280.0,4800.0,B10,263.5488044467871
1300.0,4800.0,B10,268.6400881690546
1320.0,4800.0,B10,272.98265369687095
1340.0,4800.0,B10,276.87598830801664
1360.0,4800.0,B10,280.7693229191624
1380.0,4800.0,B10,284.51291389141795
1400.0,4800.0,B10,290.0534285303561
1420.0,4800.0,B10,293.1980449470507
1440.0,4800.0,B10,297.09137955819637
1460.0,4800.0,B10,301.7334323637932
1480.0,4800.0,B10,305.17753605826823
1500.0,4800.0,B10,308.7713833916335
1520.0,4800.0,B10,313.5631798361205
1540.0,4800.0,B10,317.30677080837603
1560.0,4800.0,B10,320.9006181417413
1580.0,4800.0,B10,325.6924145862283
1600.0,4800.0,B10,329.1365182807034
1620.0,4800.0,B10,334.0780583640807
1640.0,4800.0,B10,337.3724184196655
1660.0,4800.0,B10,342.1642148641526
1680.0,4800.0,B10,346.0575494752983
1700.0,4800.0,B10,348.75293497532226
1720.0,4800.0,B10,353.6944750586995
1740.0,4800.0,B10,355.0421678087115
1760.0,4800.0,B10,362.9785806698931
1780.0,4800.0,B10,368.2196080310508
1800.0,4800.0,B10,369.2678135032824
0.0,4800.0,B11,0.0
20.0,4800.0,B11,3.7435909722555016
40.0,4800.0,B11,7.786669222291444
60.0,4800.0,B11,11.530260194546928
80.0,4800.0,B11,15.27385116680243
100.0,4800.0,B11,19.01744213905793
120.0,4800.0,B11,22.910776750203652
140.0,4800.0,B11,26.804111361349374
160.0,4800.0,B11,30.54770233360486
180.0,4800.0,B11,34.441036944750586
200.0,4800.0,B11,38.334371555896304
220.0,4800.0,B11,42.07796252815181
240.0,4800.0,B11,46.12104077818775
260.0,4800.0,B11,50.01437538933345
280.0,4800.0,B11,53.757966361588956
300.0,4800.0,B11,57.801044611624896
320.0,4800.0,B11,61.69437922277062
340.0,4800.0,B11,65.88720111169677
360.0,4800.0,B11,69.9302793617327
380.0,4800.0,B11,73.97335761176865
400.0,4800.0,B11,77.86669222291437
420.0,4800.0,B11,81.90977047295031
440.0,4800.0,B11,86.10259236187648
460.0,4800.0,B11,90.1456706119124
480.0,4800.0,B11,94.33849250083856
500.0,4800.0,B11,98.53131438976472
520.0,4800.0,B11,102.72413627869088
540.0,4800.0,B11,106.91695816761705
560.0,4800.0,B11,110.96003641765297
580.0,4800.0,B11,115.00311466768892
600.0,4800.0,B11,119.19593655661508
620.0,4800.0,B11,123.53850208443144
640.0,4800.0,B11,127.7313239733576
660.0,4800.0,B11,131.92414586228378
680.0,4800.0,B11,136.11696775120996
700.0,4800.0,B11,140.45953327902632
720.0,4800.0,B11,144.65235516795246
740.0,4800.0,B11,148.84517705687864
760.0,4800.0,B11,153.33748622358522
780.0,4800.0,B11,157.5303081125114
800.0,4800.0,B11,161.72313000143754
820.0,4800.0,B11,165.91595189036371
840.0,4800.0,B11,170.10877377928986
860.0,4800.0,B11,174.30159566821604
880.0,4800.0,B11,178.6441611960324
900.0,4800.0,B11,182.98672672384876
920.0,4800.0,B11,187.1795486127749
940.0,4800.0,B11,191.22262686281087
960.0,4800.0,B11,195.56519239062723
980.0,4800.0,B11,199.7580142795534
1000.0,4800.0,B11,204.10057980736977
1020.0,4800.0,B11,208.29340169629594
1040.0,4800.0,B11,212.3364799463319
1060.0,4800.0,B11,216.67904547414827
1080.0,4800.0,B11,220.57238008529401
1100.0,4800.0,B11,225.21443289089078
1120.0,4800.0,B11,228.95802386314634
1140.0,4800.0,B11,233.3005893909627
1160.0,4800.0,B11,237.49341127988887
1180.0,4800.0,B11,241.53648952992484
1200.0,4800.0,B11,246.02879869663133
1220.0,4800.0,B11,250.07187694666735
1240.0,4800.0,B11,254.4144424744837
1260.0,4800.0,B11,258.1580334467391
1280.0,4800.0,B11,262.2011116967751
1300.0,4800.0,B11,266.5436772245915
1320.0,4800.0,B11,270.2872681968469
1340.0,4800.0,B11,275.22880828022426
1360.0,4800.0,B11,278.5231683358091
1380.0,4800.0,B11,282.8657338636255
1400.0,4800.0,B11,287.80727394700267
1420.0,4800.0,B11,291.10163400258756
1440.0,4800.0,B11,294.54573769706263
1460.0,4800.0,B11,299.33753414154967
1480.0,4800.0,B11,302.33240691935407
1500.0,4800.0,B11,307.5734342805117
1520.0,4800.0,B11,311.6165125305477
1540.0,4800.0,B11,315.36010350280316
1560.0,4800.0,B11,318.9539508361685
1580.0,4800.0,B11,323.29651636398484
1600.0,4800.0,B11,327.1898509751306
1620.0,4800.0,B11,332.28113469739804
1640.0,4800.0,B11,335.1262638363122
1660.0,4800.0,B11,339.91806028079924
1680.0,4800.0,B11,342.91293305860364
1700.0,4800.0,B11,348.0042167808711
1720.0,4800.0,B11,351.4483204753462
1740.0,4800.0,B11,355.3416550864919
1760.0,4800.0,B11,358.4862715031866
1780.0,4800.0,B11,363.87704250323446
1800.0,4800.0,B11,366.12319708658777
0.0,2400.0,C9,0.0
20.0,2400.0,C9,0.14974363889022008
40.0,2400.0,C9,5.241027361157698
60.0,2400.0,C9,6.888207388950119
80.0,2400.0,C9,7.487181944511
100.0,2400.0,C9,7.6369255834012195
120.0,2400.0,C9,8.53538741674254
140.0,2400.0,C9,10.18256744453496
160.0,2400.0,C9,11.680003833437153
180.0,2400.0,C9,13.626671139010014
200.0,2400.0,C9,15.573338444582875
220.0,2400.0,C9,17.220518472375293
240.0,2400.0,C9,18.71795486127749
260.0,2400.0,C9,19.915903972399253
280.0,2400.0,C9,21.113853083521015
300.0,2400.0,C9,22.611289472423206
320.0,2400.0,C9,24.108725861325407
340.0,2400.0,C9,25.306674972447166
360.0,2400.0,C9,26.804111361349367
380.0,2400.0,C9,28.151804111361347
400.0,2400.0,C9,29.499496861373327
420.0,2400.0,C9,30.99693325027553
440.0,2400.0,C9,32.344626000287505
460.0,2400.0,C9,33.692318750299485
480.0,2400.0,C9,35.18975513920169
500.0,2400.0,C9,36.53744788921367
520.0,2400.0,C9,37.88514063922565
540.0,2400.0,C9,39.38257702812785
560.0,2400.0,C9,41.02975705592025
580.0,2400.0,C9,42.22770616704201
600.0,2400.0,C9,43.87488619483443
620.0,2400.0,C9,45.22257894484641
640.0,2400.0,C9,46.72001533374861
660.0,2400.0,C9,48.217451722650814
680.0,2400.0,C9,49.714888111553016
700.0,2400.0,C9,51.21232450045522
720.0,2400.0,C9,52.70976088935741
740.0,2400.0,C9,54.05745363936939
760.0,2400.0,C9,55.55489002827158
780.0,2400.0,C9,57.05232641717378
800.0,2400.0,C9,58.54976280607598
820.0,2400.0,C9,60.1969428338684
840.0,2400.0,C9,61.6943792227706
860.0,2400.0,C9,63.1918156116728
880.0,2400.0,C9,64.68925200057501
900.0,2400.0,C9,66.1866883894772
920.0,2400.0,C9,67.6841247783794
940.0,2400.0,C9,69.1815611672816
960.0,2400.0,C9,70.6789975561838
980.0,2400.0,C9,72.176433945086
1000.0,2400.0,C9,73.67387033398819
1020.0,2400.0,C9,75.3210503617806
1040.0,2400.0,C9,76.81848675068281
1060.0,2400.0,C9,78.31592313958501
1080.0,2400.0,C9,79.81335952848721
1100.0,2400.0,C9,81.31079591738941
1120.0,2400.0,C9,82.95797594518183
1140.0,2400.0,C9,84.45541233408403
1160.0,2400.0,C9,85.95284872298623
1180.0,2400.0,C9,87.45028511188843
1200.0,2400.0,C9,88.94772150079064
1220.0,2400.0,C9,90.44515788969284
1240.0,2400.0,C9,91.94259427859504
1260.0,2400.0,C9,93.58977430638744
1280.0,2400.0,C9,94.93746705639943
1300.0,2400.0,C9,96.58464708419184
1320.0,2400.0,C9,98.23182711198426
1340.0,2400.0,C9,99.57951986199625
1360.0,2400.0,C9,100.92721261200823
1380.0,2400.0,C9,102.57439263980065
1400.0,2400.0,C9,104.07182902870285
1420.0,2400.0,C9,105.71900905649527
1440.0,2400.0,C9,107.06670180650725
1460.0,2400.0,C9,108.71388183429967
1480.0,2400.0,C9,110.21131822320187
1500.0,2400.0,C9,111.85849825099427
1520.0,2400.0,C9,113.20619100100626
1540.0,2400.0,C9,114.70362738990846
1560.0,2400.0,C9,116.20106377881066
1580.0,2400.0,C9,117.69850016771287
1600.0,2400.0,C9,119.34568019550528
1620.0,2400.0,C9,120.84311658440748
1640.0,2400.0,C9,122.19080933441944
1660.0,2400.0,C9,123.83798936221189
1680.0,2400.0,C9,125.18568211222384
1700.0,2400.0,C9,126.68311850112605
1720.0,2400.0,C9,128.3302985289185
1740.0,2400.0,C9,129.67799127893045
1760.0,2400.0,C9,131.17542766783265
1780.0,2400.0,C9,132.52312041784464
1800.0,2400.0,C9,134.02055680674684
0.0,2400.0,C10,0.0
20.0,2400.0,C10,0.29948727778044015
40.0,2400.0,C10,5.390771000047918
60.0,2400.0,C10,7.037951027840339
80.0,2400.0,C10,7.6369255834012195
100.0,2400.0,C10,7.786669222291439
120.0,2400.0,C10,8.83487469452298
140.0,2400.0,C10,10.63179836120562
160.0,2400.0,C10,12.129234750107813
180.0,2400.0,C10,14.075902055680674
200.0,2400.0,C10,16.172313000143756
220.0,2400.0,C10,17.819493027936172
240.0,2400.0,C10,19.316929416838374
260.0,2400.0,C10,20.664622166850354
280.0,2400.0,C10,21.862571277972112
300.0,2400.0,C10,23.509751305764524
320.0,2400.0,C10,24.857444055776508
340.0,2400.0,C10,26.354880444678706
360.0,2400.0,C10,27.852316833580907
380.0,2400.0,C10,29.200009583592887
400.0,2400.0,C10,30.69744597249509
420.0,2400.0,C10,32.19488236139728
440.0,2400.0,C10,33.692318750299485
460.0,2400.0,C10,35.040011500311465
480.0,2400.0,C10,36.68719152810389
500.0,2400.0,C10,38.03488427811586
520.0,2400.0,C10,39.53232066701806
540.0,2400.0,C10,41.029757055920264
560.0,2400.0,C10,42.67693708371267
580.0,2400.0,C10,44.17437347261487
600.0,2400.0,C10,45.82155350040729
620.0,2400.0,C10,47.31898988930949
640.0,2400.0,C10,48.966169917101915
660.0,2400.0,C10,50.46360630600412
680.0,2400.0,C10,51.96104269490631
700.0,2400.0,C10,53.45847908380851
720.0,2400.0,C10,55.105659111600936
740.0,2400.0,C10,56.60309550050312
760.0,2400.0,C10,58.25027552829554
780.0,2400.0,C10,59.89745555608796
800.0,2400.0,C10,61.394891944990164
820.0,2400.0,C10,62.892328333892365
840.0,2400.0,C10,64.53950836168478
860.0,2400.0,C10,66.03694475058698
880.0,2400.0,C10,67.6841247783794
900.0,2400.0,C10,69.1815611672816
920.0,2400.0,C10,70.82874119507403
940.0,2400.0,C10,72.47592122286645
960.0,2400.0,C10,73.97335761176865
980.0,2400.0,C10,75.62053763956105
1000.0,2400.0,C10,77.26771766735347
1020.0,2400.0,C10,78.9148976951459
1040.0,2400.0,C10,80.56207772293831
1060.0,2400.0,C10,82.05951411184051
1080.0,2400.0,C10,83.70669413963293
1100.0,2400.0,C10,85.35387416742536
1120.0,2400.0,C10,86.85131055632756
1140.0,2400.0,C10,88.49849058411998
1160.0,2400.0,C10,90.1456706119124
1180.0,2400.0,C10,91.79285063970482
1200.0,2400.0,C10,93.44003066749723
1220.0,2400.0,C10,94.93746705639943
1240.0,2400.0,C10,96.43490344530163
1260.0,2400.0,C10,98.08208347309404
1280.0,2400.0,C10,99.57951986199625
1300.0,2400.0,C10,101.22669988978866
1320.0,2400.0,C10,102.87387991758109
1340.0,2400.0,C10,104.52105994537351
1360.0,2400.0,C10,106.16823997316592
1380.0,2400.0,C10,107.66567636206813
1400.0,2400.0,C10,109.16311275097033
1420.0,2400.0,C10,110.81029277876276
1440.0,2400.0,C10,112.45747280655516
1460.0,2400.0,C10,114.10465283434758
1480.0,2400.0,C10,115.75183286213999
1500.0,2400.0,C10,117.39901288993242
1520.0,2400.0,C10,118.7467056399444
1540.0,2400.0,C10,120.54362930662704
1560.0,2400.0,C10,121.89132205663903
1580.0,2400.0,C10,123.53850208443143
1600.0,2400.0,C10,125.18568211222386
1620.0,2400.0,C10,126.68311850112606
1640.0,2400.0,C10,128.4800421678087
1660.0,2400.0,C10,129.82773491782066
1680.0,2400.0,C10,131.4749149456131
1700.0,2400.0,C10,133.1220949734055
1720.0,2400.0,C10,134.6195313623077
1740.0,2400.0,C10,136.1169677512099
1760.0,2400.0,C10,137.91389141789256
1780.0,2400.0,C10,139.26158416790454
1800.0,2400.0,C10,140.90876419569696
0.0,2400.0,C11,0.0
20.0,2400.0,C11,0.29948727778044015
40.0,2400.0,C11,5.3907710000479225
60.0,2400.0,C11,6.888207388950119
80.0,2400.0,C11,7.6369255834012195
100.0,2400.0,C11,7.786669222291439
120.0,2400.0,C11,8.685131055632759
140.0,2400.0,C11,10.4820547223154
160.0,2400.0,C11,11.979491111217593
180.0,2400.0,C11,13.926158416790454
200.0,2400.0,C11,16.022569361253534
220.0,2400.0,C11,17.66974938904595
240.0,2400.0,C11,19.01744213905793
260.0,2400.0,C11,20.365134889069914
280.0,2400.0,C11,21.563084000191672
300.0,2400.0,C11,23.210264027984085
320.0,2400.0,C11,24.707700416886286
340.0,2400.0,C11,26.055393166898266
360.0,2400.0,C11,27.552829555800468
380.0,2400.0,C11,28.900522305812448
400.0,2400.0,C11,30.39795869471465
420.0,2400.0,C11,31.74565144472663
440.0,2400.0,C11,33.24308783362882
460.0,2400.0,C11,34.74052422253103
480.0,2400.0,C11,36.08821697254301
500.0,2400.0,C11,37.5856533614452
520.0,2400.0,C11,39.083089750347405
540.0,2400.0,C11,40.580526139249606
560.0,2400.0,C11,42.07796252815181
580.0,2400.0,C11,43.425655278163774
600.0,2400.0,C11,45.07283530595619
620.0,2400.0,C11,46.42052805596817
640.0,2400.0,C11,48.06770808376059
660.0,2400.0,C11,49.565144472662794
680.0,2400.0,C11,51.062580861564996
700.0,2400.0,C11,52.5600172504672
720.0,2400.0,C11,54.20719727825961
740.0,2400.0,C11,55.55489002827159
760.0,2400.0,C11,57.202070056064
780.0,2400.0,C11,58.699506444966204
800.0,2400.0,C11,60.34668647275862
820.0,2400.0,C11,61.84412286166082
840.0,2400.0,C11,63.34155925056302
860.0,2400.0,C11,64.98873927835544
880.0,2400.0,C11,66.48617566725764
900.0,2400.0,C11,67.98361205615984
920.0,2400.0,C11,69.63079208395227
940.0,2400.0,C11,71.12822847285446
960.0,2400.0,C11,72.62566486175666
980.0,2400.0,C11,74.12310125065886
1000.0,2400.0,C11,75.77028127845128
1020.0,2400.0,C11,77.26771766735347
1040.0,2400.0,C11,78.9148976951459
1060.0,2400.0,C11,80.4123340840481
1080.0,2400.0,C11,81.9097704729503
1100.0,2400.0,C11,83.4072068618525
1120.0,2400.0,C11,85.05438688964492
1140.0,2400.0,C11,86.55182327854712
1160.0,2400.0,C11,88.19900330633953
1180.0,2400.0,C11,89.69643969524174
1200.0,2400.0,C11,91.34361972303417
1220.0,2400.0,C11,92.84105611193635
1240.0,2400.0,C11,94.33849250083854
1260.0,2400.0,C11,95.98567252863097
1280.0,2400.0,C11,97.48310891753317
1300.0,2400.0,C11,98.83080166754515
1320.0,2400.0,C11,100.62772533422779
1340.0,2400.0,C11,102.12516172312999
1360.0,2400.0,C11,103.6225981120322
1380.0,2400.0,C11,105.1200345009344
1400.0,2400.0,C11,106.76721452872681
1420.0,2400.0,C11,108.26465091762901
1440.0,2400.0,C11,109.76208730653121
1460.0,2400.0,C11,111.55901097321386
1480.0,2400.0,C11,112.7569600843356
1500.0,2400.0,C11,114.55388375101823
1520.0,2400.0,C11,116.05132013992043
1540.0,2400.0,C11,117.54875652882264
1560.0,2400.0,C11,119.04619291772484
1580.0,2400.0,C11,120.69337294551725
1600.0,2400.0,C11,122.04106569552923
1620.0,2400.0,C11,123.53850208443143
1640.0,2400.0,C11,125.18568211222386
1660.0,2400.0,C11,126.83286214001626
1680.0,2400.0,C11,128.18055489002828
1700.0,2400.0,C11,129.67799127893048
1720.0,2400.0,C11,131.32517130672286
1740.0,2400.0,C11,132.82260769562507
1760.0,2400.0,C11,134.32004408452727
1780.0,2400.0,C11,135.81748047342947
1800.0,2400.0,C11,137.31491686233167
0.0,1200.0,D9,0.0
20.0,1200.0,D9,0.7487181944510962
40.0,1200.0,D9,1.3476927500119764
60.0,1200.0,D9,2.0964109444630767
80.0,1200.0,D9,2.6953855000239573
100.0,1200.0,D9,3.4441036944750576
120.0,1200.0,D9,4.192821888926158
140.0,1200.0,D9,4.941540083377258
160.0,1200.0,D9,5.540514638938134
180.0,1200.0,D9,6.289232833389234
200.0,1200.0,D9,7.037951027840335
220.0,1200.0,D9,7.786669222291435
240.0,1200.0,D9,8.535387416742536
260.0,1200.0,D9,9.284105611193636
280.0,1200.0,D9,10.032823805644732
300.0,1200.0,D9,10.781542000095833
320.0,1200.0,D9,11.530260194546933
340.0,1200.0,D9,12.428722027888254
360.0,1200.0,D9,13.177440222339353
380.0,1200.0,D9,13.926158416790454
400.0,1200.0,D9,14.824620250131774
420.0,1200.0,D9,15.573338444582875
440.0,1200.0,D9,16.322056639033974
460.0,1200.0,D9,17.220518472375286
480.0,1200.0,D9,17.969236666826387
500.0,1200.0,D9,18.86769850016771
520.0,1200.0,D9,19.61641669461881
540.0,1200.0,D9,20.51487852796013
560.0,1200.0,D9,21.26359672241123
580.0,1200.0,D9,22.162058555752548
600.0,1200.0,D9,22.91077675020365
620.0,1200.0,D9,23.80923858354497
640.0,1200.0,D9,24.70770041688629
660.0,1200.0,D9,25.45641861133739
680.0,1200.0,D9,26.504624083568924
700.0,1200.0,D9,27.253342278020025
720.0,1200.0,D9,28.151804111361344
740.0,1200.0,D9,28.900522305812444
760.0,1200.0,D9,29.948727778043985
780.0,1200.0,D9,30.847189611385307
800.0,1200.0,D9,31.745651444726626
820.0,1200.0,D9,32.64411327806795
840.0,1200.0,D9,33.39283147251905
860.0,1200.0,D9,34.291293305860364
880.0,1200.0,D9,35.18975513920169
900.0,1200.0,D9,36.088216972543
920.0,1200.0,D9,36.98667880588432
940.0,1200.0,D9,37.88514063922565
960.0,1200.0,D9,38.78360247256696
980.0,1200.0,D9,39.682064305908284
1000.0,1200.0,D9,40.580526139249606
1020.0,1200.0,D9,41.47898797259093
1040.0,1200.0,D9,42.527193444822466
1060.0,1200.0,D9,43.42565527816379
1080.0,1200.0,D9,44.32411711150511
1100.0,1200.0,D9,45.22257894484641
1120.0,1200.0,D9,46.121040778187734
1140.0,1200.0,D9,47.01950261152905
1160.0,1200.0,D9,47.91796444487037
1180.0,1200.0,D9,48.816426278211694
1200.0,1200.0,D9,49.86463175044323
1220.0,1200.0,D9,50.76309358378455
1240.0,1200.0,D9,51.661555417125875
1260.0,1200.0,D9,52.5600172504672
1280.0,1200.0,D9,53.608222722698734
1300.0,1200.0,D9,54.50668455604006
1320.0,1200.0,D9,55.25540275049116
1340.0,1200.0,D9,56.303608222722694
1360.0,1200.0,D9,57.20207005606402
1380.0,1200.0,D9,58.10053188940534
1400.0,1200.0,D9,58.99899372274664
1420.0,1200.0,D9,60.047199194978184
1440.0,1200.0,D9,60.9456610283195
1460.0,1200.0,D9,61.84412286166082
1480.0,1200.0,D9,62.742584695002144
1500.0,1200.0,D9,63.79079016723368
1520.0,1200.0,D9,64.68925200057501
1540.0,1200.0,D9,65.58771383391633
1560.0,1200.0,D9,66.33643202836743
1580.0,1200.0,D9,67.38463750059897
1600.0,1200.0,D9,68.28309933394029
1620.0,1200.0,D9,69.1815611672816
1640.0,1200.0,D9,70.08002300062293
1660.0,1200.0,D9,71.12822847285446
1680.0,1200.0,D9,71.87694666730556
1700.0,1200.0,D9,72.9251521395371
1720.0,1200.0,D9,73.82361397287843
1740.0,1200.0,D9,74.72207580621975
1760.0,1200.0,D9,75.62053763956106
1780.0,1200.0,D9,76.5189994729024
1800.0,1200.0,D9,77.56720494513392
0.0,1200.0,D10,0.0
20.0,1200.0,D10,0.7487181944510962
40.0,1200.0,D10,1.3476927500119764
60.0,1200.0,D10,2.0964109444630767
80.0,1200.0,D10,2.845129138914177
100.0,1200.0,D10,3.4441036944750576
120.0,1200.0,D10,4.192821888926158
140.0,1200.0,D10,4.941540083377258
160.0,1200.0,D10,5.540514638938134
180.0,1200.0,D10,6.289232833389234
200.0,1200.0,D10,7.037951027840335
220.0,1200.0,D10,7.936412861181656
240.0,1200.0,D10,8.535387416742536
260.0,1200.0,D10,9.284105611193636
280.0,1200.0,D10,10.032823805644737
300.0,1200.0,D10,10.781542000095833
320.0,1200.0,D10,11.530260194546933
340.0,1200.0,D10,12.278978388998032
360.0,1200.0,D10,13.027696583449133
380.0,1200.0,D10,13.926158416790454
400.0,1200.0,D10,14.674876611241555
420.0,1200.0,D10,15.573338444582875
440.0,1200.0,D10,16.322056639033974
460.0,1200.0,D10,17.070774833485075
480.0,1200.0,D10,17.81949302793617
500.0,1200.0,D10,18.717954861277487
520.0,1200.0,D10,19.466673055728588
540.0,1200.0,D10,20.36513488906991
560.0,1200.0,D10,21.26359672241123
580.0,1200.0,D10,22.01231491686233
600.0,1200.0,D10,22.91077675020365
620.0,1200.0,D10,23.80923858354497
640.0,1200.0,D10,24.70770041688629
660.0,1200.0,D10,25.306674972447173
680.0,1200.0,D10,26.354880444678713
700.0,1200.0,D10,27.253342278020025
720.0,1200.0,D10,28.002060472471126
740.0,1200.0,D10,28.750778666922223
760.0,1200.0,D10,29.798984139153763
780.0,1200.0,D10,30.697445972495085
800.0,1200.0,D10,31.595907805836404
820.0,1200.0,D10,32.49436963917773
840.0,1200.0,D10,33.24308783362883
860.0,1200.0,D10,34.14154966697015
880.0,1200.0,D10,35.040011500311465
900.0,1200.0,D10,35.93847333365278
920.0,1200.0,D10,36.8369351669941
940.0,1200.0,D10,37.735397000335425
960.0,1200.0,D10,38.63385883367675
980.0,1200.0,D10,39.682064305908284
1000.0,1200.0,D10,40.430782500359385
1020.0,1200.0,D10,41.47898797259093
1040.0,1200.0,D10,42.377449805932244
1060.0,1200.0,D10,43.275911639273566
1080.0,1200.0,D10,44.17437347261489
1100.0,1200.0,D10,45.07283530595619
1120.0,1200.0,D10,45.97129713929751
1140.0,1200.0,D10,47.01950261152905
1160.0,1200.0,D10,47.91796444487037
1180.0,1200.0,D10,48.816426278211694
1200.0,1200.0,D10,49.714888111553016
1220.0,1200.0,D10,50.61334994489433
1240.0,1200.0,D10,51.661555417125875
1260.0,1200.0,D10,52.5600172504672
1280.0,1200.0,D10,53.608222722698734
1300.0,1200.0,D10,54.50668455604006
1320.0,1200.0,D10,55.25540275049116
1340.0,1200.0,D10,56.303608222722694
1360.0,1200.0,D10,57.20207005606402
1380.0,1200.0,D10,58.10053188940534
1400.0,1200.0,D10,59.14873736163686
1420.0,1200.0,D10,60.047199194978184
1440.0,1200.0,D10,61.09540466720972
1460.0,1200.0,D10,61.99386650055104
1480.0,1200.0,D10,62.742584695002144
1500.0,1200.0,D10,63.79079016723368
1520.0,1200.0,D10,64.68925200057501
1540.0,1200.0,D10,65.58771383391633
1560.0,1200.0,D10,66.48617566725764
1580.0,1200.0,D10,67.53438113948918
1600.0,1200.0,D10,68.4328429728305
1620.0,1200.0,D10,69.33130480617183
1640.0,1200.0,D10,70.37951027840337
1660.0,1200.0,D10,71.27797211174469
1680.0,1200.0,D10,72.176433945086
1700.0,1200.0,D10,73.07489577842733
1720.0,1200.0,D10,74.12310125065886
1740.0,1200.0,D10,75.02156308400019
1760.0,1200.0,D10,75.92002491734151
1780.0,1200.0,D10,76.96823038957305
1800.0,1200.0,D10,77.86669222291435
0.0,1200.0,D11,0.0
20.0,1200.0,D11,0.7487181944511003
40.0,1200.0,D11,1.3476927500119764
60.0,1200.0,D11,1.9466673055728567
80.0,1200.0,D11,2.545641861133737
100.0,1200.0,D11,3.2943600555848374
120.0,1200.0,D11,4.043078250035938
140.0,1200.0,D11,4.642052805596818
160.0,1200.0,D11,5.241027361157698
180.0,1200.0,D11,5.989745555608795
200.0,1200.0,D11,6.588720111169675
220.0,1200.0,D11,7.3374383056207755
240.0,1200.0,D11,8.086156500071876
260.0,1200.0,D11,8.834874694522975
280.0,1200.0,D11,9.583592888974076
300.0,1200.0,D11,10.332311083425177
320.0,1200.0,D11,11.081029277876272
340.0,1200.0,D11,11.680003833437153
360.0,1200.0,D11,12.578465666778474
380.0,1200.0,D11,13.327183861229575
400.0,1200.0,D11,14.075902055680674
420.0,1200.0,D11,14.824620250131774
440.0,1200.0,D11,15.573338444582875
460.0,1200.0,D11,16.471800277924196
480.0,1200.0,D11,17.220518472375296
500.0,1200.0,D11,17.969236666826387
520.0,1200.0,D11,18.86769850016771
540.0,1200.0,D11,19.61641669461881
560.0,1200.0,D11,20.36513488906991
580.0,1200.0,D11,21.26359672241123
600.0,1200.0,D11,22.162058555752548
620.0,1200.0,D11,23.06052038909387
640.0,1200.0,D11,23.80923858354497
660.0,1200.0,D11,24.40821313910585
680.0,1200.0,D11,25.45641861133739
700.0,1200.0,D11,26.354880444678713
720.0,1200.0,D11,27.253342278020025
740.0,1200.0,D11,27.852316833580904
760.0,1200.0,D11,28.900522305812444
780.0,1200.0,D11,29.798984139153763
800.0,1200.0,D11,30.697445972495085
820.0,1200.0,D11,31.446164166946186
840.0,1200.0,D11,32.19488236139728
860.0,1200.0,D11,33.093344194738606
880.0,1200.0,D11,33.99180602807993
900.0,1200.0,D11,34.89026786142125
920.0,1200.0,D11,35.788729694762566
940.0,1200.0,D11,36.68719152810388
960.0,1200.0,D11,37.5856533614452
980.0,1200.0,D11,38.484115194786526
1000.0,1200.0,D11,39.38257702812785
1020.0,1200.0,D11,40.28103886146916
1040.0,1200.0,D11,41.179500694810486
1060.0,1200.0,D11,42.22770616704203
1080.0,1200.0,D11,43.126168000383345
1100.0,1200.0,D11,44.02462983372467
1120.0,1200.0,D11,44.92309166706599
1140.0,1200.0,D11,45.82155350040729
1160.0,1200.0,D11,46.72001533374861
1180.0,1200.0,D11,47.618477167089935
1200.0,1200.0,D11,48.66668263932147
1220.0,1200.0,D11,49.565144472662794
1240.0,1200.0,D11,50.46360630600412
1260.0,1200.0,D11,51.36206813934543
1280.0,1200.0,D11,52.410273611576976
1300.0,1200.0,D11,53.15899180602808
1320.0,1200.0,D11,54.05745363936939
1340.0,1200.0,D11,55.105659111600936
1360.0,1200.0,D11,56.00412094494226
1380.0,1200.0,D11,56.90258277828357
1400.0,1200.0,D11,57.801044611624896
1420.0,1200.0,D11,58.84925008385644
1440.0,1200.0,D11,59.59796827830752
1460.0,1200.0,D11,60.49643011164884
1480.0,1200.0,D11,61.394891944990164
1500.0,1200.0,D11,62.4430974172217
1520.0,1200.0,D11,63.34155925056302
1540.0,1200.0,D11,64.24002108390434
1560.0,1200.0,D11,65.13848291724567
1580.0,1200.0,D11,66.1866883894772
1600.0,1200.0,D11,67.08515022281853
1620.0,1200.0,D11,67.98361205615984
1640.0,1200.0,D11,68.88207388950117
1660.0,1200.0,D11,69.9302793617327
1680.0,1200.0,D11,70.82874119507403
1700.0,1200.0,D11,71.72720302841535
1720.0,1200.0,D11,72.62566486175666
1740.0,1200.0,D11,73.6738703339882
1760.0,1200.0,D11,74.57233216732953
1780.0,1200.0,D11,75.47079400067085
1800.0,1200.0,D11,76.36925583401216
0.0,600.0,E9,0.0
20.0,600.0,E9,0.1497436388902159
40.0,600.0,E9,0.5989745555608761
60.0,600.0,E9,0.8984618333413162
80.0,600.0,E9,1.3476927500119764
100.0,600.0,E9,1.6471800277924167
120.0,600.0,E9,1.9466673055728567
140.0,600.0,E9,2.395898222243517
160.0,600.0,E9,2.845129138914177
180.0,600.0,E9,3.144616416694617
200.0,600.0,E9,3.4441036944750576
220.0,600.0,E9,3.8933346111457174
240.0,600.0,E9,4.192821888926158
260.0,600.0,E9,4.642052805596818
280.0,600.0,E9,4.941540083377254
300.0,600.0,E9,5.540514638938134
320.0,600.0,E9,5.840001916718575
340.0,600.0,E9,6.289232833389234
360.0,600.0,E9,6.588720111169675
380.0,600.0,E9,7.037951027840335
400.0,600.0,E9,7.487181944510995
420.0,600.0,E9,7.936412861181656
440.0,600.0,E9,8.235900138962096
460.0,600.0,E9,8.685131055632755
480.0,600.0,E9,9.134361972303417
500.0,600.0,E9,9.583592888974072
520.0,600.0,E9,10.032823805644732
540.0,600.0,E9,10.482054722315393
560.0,600.0,E9,10.931285638986052
580.0,600.0,E9,11.230772916766492
600.0,600.0,E9,11.680003833437153
620.0,600.0,E9,12.278978388998032
640.0,600.0,E9,12.728209305668694
660.0,600.0,E9,13.177440222339353
680.0,600.0,E9,13.626671139010014
700.0,600.0,E9,14.075902055680674
720.0,600.0,E9,14.525132972351333
740.0,600.0,E9,14.974363889021992
760.0,600.0,E9,15.423594805692654
780.0,600.0,E9,15.872825722363313
800.0,600.0,E9,16.322056639033974
820.0,600.0,E9,16.921031194594853
840.0,600.0,E9,17.370262111265514
860.0,600.0,E9,17.819493027936172
880.0,600.0,E9,18.268723944606833
900.0,600.0,E9,18.867698500167712
920.0,600.0,E9,19.316929416838374
940.0,600.0,E9,19.76616033350903
960.0,600.0,E9,20.215391250179692
980.0,600.0,E9,20.664622166850354
1000.0,600.0,E9,21.113853083521015
1020.0,600.0,E9,21.712827639081887
1040.0,600.0,E9,22.162058555752544
1060.0,600.0,E9,22.611289472423206
1080.0,600.0,E9,23.060520389093867
1100.0,600.0,E9,23.659494944654746
1120.0,600.0,E9,24.108725861325407
1140.0,600.0,E9,24.557956777996065
1160.0,600.0,E9,25.156931333556948
1180.0,600.0,E9,25.60616225022761
1200.0,600.0,E9,26.205136805788488
1220.0,600.0,E9,26.65436772245915
1240.0,600.0,E9,27.103598639129807
1260.0,600.0,E9,27.552829555800468
1280.0,600.0,E9,28.151804111361347
1300.0,600.0,E9,28.60103502803201
1320.0,600.0,E9,29.05026594470267
1340.0,600.0,E9,29.64924050026355
1360.0,600.0,E9,30.09847141693421
1380.0,600.0,E9,30.54770233360486
1400.0,600.0,E9,30.99693325027552
1420.0,600.0,E9,31.5959078058364
1440.0,600.0,E9,32.04513872250706
1460.0,600.0,E9,32.49436963917772
1480.0,600.0,E9,33.0933441947386
1500.0,600.0,E9,33.54257511140926
1520.0,600.0,E9,34.14154966697014
1540.0,600.0,E9,34.5907805836408
1560.0,600.0,E9,35.040011500311465
1580.0,600.0,E9,35.638986055872344
1600.0,600.0,E9,36.088216972543
1620.0,600.0,E9,36.53744788921367
1640.0,600.0,E9,37.136422444774546
1660.0,600.0,E9,37.5856533614452
1680.0,600.0,E9,38.03488427811586
1700.0,600.0,E9,38.63385883367675
1720.0,600.0,E9,39.083089750347405
1740.0,600.0,E9,39.682064305908284
1760.0,600.0,E9,40.131295222578935
1780.0,600.0,E9,40.5805261392496
1800.0,600.0,E9,41.02975705592026
0.0,600.0,E10,0.0
20.0,600.0,E10,0.1497436388902159
40.0,600.0,E10,0.5989745555608761
60.0,600.0,E10,0.8984618333413162
80.0,600.0,E10,1.4974363889021964
100.0,600.0,E10,1.6471800277924167
120.0,600.0,E10,2.0964109444630767
140.0,600.0,E10,2.395898222243517
160.0,600.0,E10,2.9948727778043973
180.0,600.0,E10,3.144616416694617
200.0,600.0,E10,3.5938473333652774
220.0,600.0,E10,3.8933346111457174
240.0,600.0,E10,4.342565527816378
260.0,600.0,E10,4.642052805596814
280.0,600.0,E10,5.091283722267474
300.0,600.0,E10,5.540514638938134
320.0,600.0,E10,5.989745555608795
340.0,600.0,E10,6.289232833389234
360.0,600.0,E10,6.7384637500598945
380.0,600.0,E10,7.187694666730555
400.0,600.0,E10,7.487181944510995
420.0,600.0,E10,7.936412861181656
440.0,600.0,E10,8.385643777852316
460.0,600.0,E10,8.834874694522975
480.0,600.0,E10,9.284105611193636
500.0,600.0,E10,9.733336527864292
520.0,600.0,E10,10.032823805644732
540.0,600.0,E10,10.631798361205613
560.0,600.0,E10,11.081029277876272
580.0,600.0,E10,11.530260194546933
600.0,600.0,E10,11.979491111217593
620.0,600.0,E10,12.428722027888254
640.0,600.0,E10,12.877952944558913
660.0,600.0,E10,13.476927500119794
680.0,600.0,E10,13.776414777900234
700.0,600.0,E10,14.225645694570892
720.0,600.0,E10,14.674876611241553
740.0,600.0,E10,15.273851166802432
760.0,600.0,E10,15.573338444582873
780.0,600.0,E10,16.172313000143753
800.0,600.0,E10,16.621543916814414
820.0,600.0,E10,17.070774833485075
840.0,600.0,E10,17.669749389045954
860.0,600.0,E10,18.118980305716615
880.0,600.0,E10,18.568211222387273
900.0,600.0,E10,19.167185777948152
920.0,600.0,E10,19.616416694618813
940.0,600.0,E10,20.065647611289474
960.0,600.0,E10,20.514878527960132
980.0,600.0,E10,20.964109444630793
1000.0,600.0,E10,21.413340361301444
1020.0,600.0,E10,22.012314916862326
1040.0,600.0,E10,22.611289472423206
1060.0,600.0,E10,23.060520389093867
1080.0,600.0,E10,23.509751305764524
1100.0,600.0,E10,23.958982222435186
1120.0,600.0,E10,24.408213139105847
1140.0,600.0,E10,25.007187694666726
1160.0,600.0,E10,25.60616225022761
1180.0,600.0,E10,25.90564952800805
1200.0,600.0,E10,26.504624083568928
1220.0,600.0,E10,27.103598639129807
1240.0,600.0,E10,27.552829555800468
1260.0,600.0,E10,28.00206047247113
1280.0,600.0,E10,28.60103502803201
1300.0,600.0,E10,29.05026594470267
1320.0,600.0,E10,29.499496861373327
1340.0,600.0,E10,30.09847141693421
1360.0,600.0,E10,30.54770233360486
1380.0,600.0,E10,31.14667688916574
1400.0,600.0,E10,31.5959078058364
1420.0,600.0,E10,32.19488236139728
1440.0,600.0,E10,32.64411327806794
1460.0,600.0,E10,33.0933441947386
1480.0,600.0,E10,33.692318750299485
1500.0,600.0,E10,34.14154966697014
1520.0,600.0,E10,34.5907805836408
1540.0,600.0,E10,35.18975513920169
1560.0,600.0,E10,35.638986055872344
1580.0,600.0,E10,36.23796061143322
1600.0,600.0,E10,36.68719152810388
1620.0,600.0,E10,37.136422444774546
1640.0,600.0,E10,37.735397000335425
1660.0,600.0,E10,38.18462791700608
1680.0,600.0,E10,38.63385883367675
1700.0,600.0,E10,39.232833389237626
1720.0,600.0,E10,39.8318079447985
1740.0,600.0,E10,40.281038861469156
1760.0,600.0,E10,40.73026977813982
1780.0,600.0,E10,41.3292443337007
1800.0,600.0,E10,41.77847525037136
0.0,600.0,E11,0.0
20.0,600.0,E11,0.299487277780436
40.0,600.0,E11,0.5989745555608761
60.0,600.0,E11,0.8984618333413162
80.0,600.0,E11,1.3476927500119764
100.0,600.0,E11,1.6471800277924167
120.0,600.0,E11,1.9466673055728567
140.0,600.0,E11,2.395898222243517
160.0,600.0,E11,2.845129138914177
180.0,600.0,E11,3.144616416694617
200.0,600.0,E11,3.4441036944750576
220.0,600.0,E11,3.8933346111457174
240.0,600.0,E11,4.342565527816378
260.0,600.0,E11,4.642052805596818
280.0,600.0,E11,4.941540083377254
300.0,600.0,E11,5.540514638938134
320.0,600.0,E11,5.840001916718575
340.0,600.0,E11,6.289232833389234
360.0,600.0,E11,6.7384637500598945
380.0,600.0,E11,7.037951027840335
400.0,600.0,E11,7.487181944510995
420.0,600.0,E11,7.936412861181656
440.0,600.0,E11,8.385643777852316
460.0,600.0,E11,8.834874694522975
480.0,600.0,E11,9.284105611193636
500.0,600.0,E11,9.583592888974076
520.0,600.0,E11,10.032823805644732
540.0,600.0,E11,10.482054722315393
560.0,600.0,E11,10.931285638986052
580.0,600.0,E11,11.380516555656714
600.0,600.0,E11,11.829747472327373
620.0,600.0,E11,12.278978388998032
640.0,600.0,E11,12.877952944558913
660.0,600.0,E11,13.177440222339353
680.0,600.0,E11,13.626671139010014
700.0,600.0,E11,14.075902055680674
720.0,600.0,E11,14.525132972351333
740.0,600.0,E11,15.124107527912212
760.0,600.0,E11,15.423594805692654
780.0,600.0,E11,15.872825722363313
800.0,600.0,E11,16.471800277924192
820.0,600.0,E11,16.921031194594853
840.0,600.0,E11,17.370262111265514
860.0,600.0,E11,17.969236666826394
880.0,600.0,E11,18.418467583497055
900.0,600.0,E11,19.01744213905793
920.0,600.0,E11,19.46667305572859
940.0,600.0,E11,19.915903972399253
960.0,600.0,E11,20.365134889069914
980.0,600.0,E11,20.81436580574057
1000.0,600.0,E11,21.263596722411233
1020.0,600.0,E11,21.862571277972105
1040.0,600.0,E11,22.311802194642766
1060.0,600.0,E11,22.910776750203645
1080.0,600.0,E11,23.360007666874306
1100.0,600.0,E11,23.809238583544968
1120.0,600.0,E11,24.258469500215625
1140.0,600.0,E11,24.857444055776508
1160.0,600.0,E11,25.306674972447166
1180.0,600.0,E11,25.755905889117827
1200.0,600.0,E11,26.354880444678706
1220.0,600.0,E11,26.95385500023959
1240.0,600.0,E11,27.403085916910246
1260.0,600.0,E11,27.852316833580907
1280.0,600.0,E11,28.451291389141787
1300.0,600.0,E11,29.05026594470267
1320.0,600.0,E11,29.499496861373327
1340.0,600.0,E11,29.948727778043988
1360.0,600.0,E11,30.54770233360487
1380.0,600.0,E11,30.99693325027552
1400.0,600.0,E11,31.446164166946183
1420.0,600.0,E11,32.04513872250706
1440.0,600.0,E11,32.49436963917772
1460.0,600.0,E11,32.943600555848384
1480.0,600.0,E11,33.54257511140926
1500.0,600.0,E11,33.99180602807992
1520.0,600.0,E11,34.5907805836408
1540.0,600.0,E11,35.040011500311465
1560.0,600.0,E11,35.638986055872344
1580.0,600.0,E11,36.088216972543
1600.0,600.0,E11,36.68719152810388
1620.0,600.0,E11,37.136422444774546
1640.0,600.0,E11,37.735397000335425
1660.0,600.0,E11,38.18462791700608
1680.0,600.0,E11,38.63385883367675
1700.0,600.0,E11,39.232833389237626
1720.0,600.0,E11,39.831807944798506
1740.0,600.0,E11,40.281038861469156
1760.0,600.0,E11,40.73026977813982
1780.0,600.0,E11,41.17950069481048
1800.0,600.0,E11,41.77847525037136
0.0,300.0,F9,0.0
20.0,300.0,F9,0.14974363889022008
40.0,300.0,F9,0.14974363889022008
60.0,300.0,F9,0.44923091667066023
80.0,300.0,F9,0.5989745555608803
100.0,300.0,F9,0.8984618333413205
120.0,300.0,F9,1.0482054722315406
140.0,300.0,F9,1.1979491111217606
160.0,300.0,F9,1.4974363889022007
180.0,300.0,F9,1.4974363889022007
200.0,300.0,F9,1.796923666682641
220.0,300.0,F9,1.9466673055728567
240.0,300.0,F9,2.246154583353297
260.0,300.0,F9,2.246154583353297
280.0,300.0,F9,2.545641861133737
300.0,300.0,F9,2.845129138914177
320.0,300.0,F9,2.9948727778043973
340.0,300.0,F9,3.144616416694617
360.0,300.0,F9,3.2943600555848374
380.0,300.0,F9,3.7435909722554976
400.0,300.0,F9,3.8933346111457174
420.0,300.0,F9,4.043078250035938
440.0,300.0,F9,4.342565527816378
460.0,300.0,F9,4.642052805596818
480.0,300.0,F9,4.642052805596818
500.0,300.0,F9,5.0912837222674785
520.0,300.0,F9,5.241027361157698
540.0,300.0,F9,5.540514638938139
560.0,300.0,F9,5.690258277828359
580.0,300.0,F9,5.840001916718578
600.0,300.0,F9,6.139489194499019
620.0,300.0,F9,6.289232833389239
640.0,300.0,F9,6.7384637500598945
660.0,300.0,F9,6.7384637500598945
680.0,300.0,F9,7.187694666730555
700.0,300.0,F9,7.187694666730555
720.0,300.0,F9,7.636925583401215
740.0,300.0,F9,7.786669222291435
760.0,300.0,F9,8.086156500071876
780.0,300.0,F9,8.385643777852316
800.0,300.0,F9,8.535387416742536
820.0,300.0,F9,8.685131055632755
840.0,300.0,F9,8.984618333413195
860.0,300.0,F9,9.284105611193636
880.0,300.0,F9,9.433849250083856
900.0,300.0,F9,9.733336527864296
920.0,300.0,F9,10.032823805644737
940.0,300.0,F9,10.332311083425177
960.0,300.0,F9,10.482054722315397
980.0,300.0,F9,10.931285638986056
1000.0,300.0,F9,11.081029277876278
1020.0,300.0,F9,11.380516555656714
1040.0,300.0,F9,11.530260194546933
1060.0,300.0,F9,11.979491111217593
1080.0,300.0,F9,12.129234750107813
1100.0,300.0,F9,12.428722027888254
1120.0,300.0,F9,12.578465666778474
1140.0,300.0,F9,12.877952944558913
1160.0,300.0,F9,13.177440222339353
1180.0,300.0,F9,13.476927500119794
1200.0,300.0,F9,13.776414777900234
1220.0,300.0,F9,13.926158416790454
1240.0,300.0,F9,14.375389333461115
1260.0,300.0,F9,14.375389333461115
1280.0,300.0,F9,14.674876611241555
1300.0,300.0,F9,14.974363889021994
1320.0,300.0,F9,15.273851166802435
1340.0,300.0,F9,15.573338444582875
1360.0,300.0,F9,15.872825722363313
1380.0,300.0,F9,16.022569361253534
1400.0,300.0,F9,16.322056639033974
1420.0,300.0,F9,16.621543916814414
1440.0,300.0,F9,16.921031194594853
1460.0,300.0,F9,17.070774833485075
1480.0,300.0,F9,17.370262111265514
1500.0,300.0,F9,17.669749389045954
1520.0,300.0,F9,17.969236666826394
1540.0,300.0,F9,18.268723944606833
1560.0,300.0,F9,18.418467583497055
1580.0,300.0,F9,18.71795486127749
1600.0,300.0,F9,19.01744213905793
1620.0,300.0,F9,19.316929416838374
1640.0,300.0,F9,19.616416694618813
1660.0,300.0,F9,19.915903972399253
1680.0,300.0,F9,20.065647611289474
1700.0,300.0,F9,20.365134889069914
1720.0,300.0,F9,20.664622166850354
1740.0,300.0,F9,20.964109444630793
1760.0,300.0,F9,21.263596722411233
1780.0,300.0,F9,21.413340361301454
1800.0,300.0,F9,21.712827639081894
0.0,300.0,F10,0.0
20.0,300.0,F10,0.14974363889022008
40.0,300.0,F10,0.29948727778044015
60.0,300.0,F10,0.5989745555608803
80.0,300.0,F10,0.7487181944511003
100.0,300.0,F10,1.0482054722315406
120.0,300.0,F10,1.1979491111217606
140.0,300.0,F10,1.3476927500119806
160.0,300.0,F10,1.6471800277924207
180.0,300.0,F10,1.6471800277924207
200.0,300.0,F10,1.946667305572861
220.0,300.0,F10,2.096410944463081
240.0,300.0,F10,2.3958982222435212
260.0,300.0,F10,2.545641861133737
280.0,300.0,F10,2.6953855000239573
300.0,300.0,F10,2.9948727778043973
320.0,300.0,F10,3.144616416694617
340.0,300.0,F10,3.2943600555848374
360.0,300.0,F10,3.5938473333652774
380.0,300.0,F10,3.8933346111457174
400.0,300.0,F10,4.043078250035938
420.0,300.0,F10,4.192821888926158
440.0,300.0,F10,4.642052805596818
460.0,300.0,F10,4.791796444487038
480.0,300.0,F10,4.941540083377258
500.0,300.0,F10,5.241027361157698
520.0,300.0,F10,5.540514638938139
540.0,300.0,F10,5.840001916718578
560.0,300.0,F10,5.989745555608799
580.0,300.0,F10,6.139489194499019
600.0,300.0,F10,6.289232833389239
620.0,300.0,F10,6.588720111169679
640.0,300.0,F10,7.037951027840339
660.0,300.0,F10,7.037951027840335
680.0,300.0,F10,7.487181944510995
700.0,300.0,F10,7.636925583401215
720.0,300.0,F10,7.936412861181656
740.0,300.0,F10,8.086156500071876
760.0,300.0,F10,8.535387416742536
780.0,300.0,F10,8.834874694522975
800.0,300.0,F10,8.834874694522975
820.0,300.0,F10,9.134361972303417
840.0,300.0,F10,9.433849250083856
860.0,300.0,F10,9.583592888974076
880.0,300.0,F10,9.883080166754516
900.0,300.0,F10,10.182567444534957
920.0,300.0,F10,10.482054722315397
940.0,300.0,F10,10.631798361205616
960.0,300.0,F10,10.931285638986056
980.0,300.0,F10,11.380516555656717
1000.0,300.0,F10,11.680003833437157
1020.0,300.0,F10,11.680003833437157
1040.0,300.0,F10,11.979491111217593
1060.0,300.0,F10,12.428722027888254
1080.0,300.0,F10,12.578465666778474
1100.0,300.0,F10,12.728209305668694
1120.0,300.0,F10,13.027696583449133
1140.0,300.0,F10,13.327183861229575
1160.0,300.0,F10,13.626671139010014
1180.0,300.0,F10,13.926158416790454
1200.0,300.0,F10,14.225645694570893
1220.0,300.0,F10,14.375389333461115
1240.0,300.0,F10,14.824620250131774
1260.0,300.0,F10,14.974363889021994
1280.0,300.0,F10,15.273851166802435
1300.0,300.0,F10,15.573338444582875
1320.0,300.0,F10,15.872825722363315
1340.0,300.0,F10,16.022569361253534
1360.0,300.0,F10,16.322056639033974
1380.0,300.0,F10,16.621543916814414
1400.0,300.0,F10,16.921031194594853
1420.0,300.0,F10,17.220518472375293
1440.0,300.0,F10,17.520005750155732
1460.0,300.0,F10,17.669749389045954
1480.0,300.0,F10,17.969236666826394
1500.0,300.0,F10,18.268723944606833
1520.0,300.0,F10,18.568211222387273
1540.0,300.0,F10,18.867698500167712
1560.0,300.0,F10,19.01744213905793
1580.0,300.0,F10,19.46667305572859
1600.0,300.0,F10,19.616416694618813
1620.0,300.0,F10,19.915903972399253
1640.0,300.0,F10,20.215391250179692
1660.0,300.0,F10,20.514878527960132
1680.0,300.0,F10,20.664622166850354
1700.0,300.0,F10,20.964109444630793
1720.0,300.0,F10,21.263596722411233
1740.0,300.0,F10,21.563084000191672
1760.0,300.0,F10,21.862571277972112
1780.0,300.0,F10,22.012314916862334
1800.0,300.0,F10,22.311802194642773
0.0,300.0,F11,0.0
20.0,300.0,F11,0.14974363889022008
40.0,300.0,F11,0.29948727778044015
60.0,300.0,F11,0.5989745555608803
80.0,300.0,F11,0.7487181944511003
100.0,300.0,F11,0.8984618333413205
120.0,300.0,F11,1.1979491111217606
140.0,300.0,F11,1.3476927500119806
160.0,300.0,F11,1.4974363889022007
180.0,300.0,F11,1.6471800277924207
200.0,300.0,F11,1.946667305572861
220.0,300.0,F11,2.096410944463081
240.0,300.0,F11,2.3958982222435212
260.0,300.0,F11,2.3958982222435212
280.0,300.0,F11,2.6953855000239573
300.0,300.0,F11,2.9948727778043973
320.0,300.0,F11,3.144616416694617
340.0,300.0,F11,3.2943600555848374
360.0,300.0,F11,3.5938473333652774
380.0,300.0,F11,3.8933346111457174
400.0,300.0,F11,4.043078250035938
420.0,300.0,F11,4.192821888926158
440.0,300.0,F11,4.642052805596818
460.0,300.0,F11,4.791796444487038
480.0,300.0,F11,4.941540083377258
500.0,300.0,F11,5.241027361157698
520.0,300.0,F11,5.540514638938139
540.0,300.0,F11,5.690258277828359
560.0,300.0,F11,5.989745555608799
580.0,300.0,F11,5.989745555608799
600.0,300.0,F11,6.289232833389239
620.0,300.0,F11,6.588720111169679
640.0,300.0,F11,6.888207388950119
660.0,300.0,F11,7.037951027840339
680.0,300.0,F11,7.487181944510995
700.0,300.0,F11,7.487181944510995
720.0,300.0,F11,7.936412861181656
740.0,300.0,F11,8.086156500071876
760.0,300.0,F11,8.385643777852316
780.0,300.0,F11,8.685131055632755
800.0,300.0,F11,8.834874694522975
820.0,300.0,F11,9.134361972303417
840.0,300.0,F11,9.284105611193636
860.0,300.0,F11,9.583592888974076
880.0,300.0,F11,9.883080166754516
900.0,300.0,F11,10.182567444534957
920.0,300.0,F11,10.482054722315397
940.0,300.0,F11,10.631798361205616
960.0,300.0,F11,10.931285638986056
980.0,300.0,F11,11.380516555656717
1000.0,300.0,F11,11.530260194546937
1020.0,300.0,F11,11.680003833437157
1040.0,300.0,F11,11.979491111217593
1060.0,300.0,F11,12.428722027888254
1080.0,300.0,F11,12.428722027888254
1100.0,300.0,F11,12.728209305668694
1120.0,300.0,F11,13.027696583449133
1140.0,300.0,F11,13.327183861229575
1160.0,300.0,F11,13.626671139010014
1180.0,300.0,F11,13.776414777900234
1200.0,300.0,F11,14.075902055680674
1220.0,300.0,F11,14.375389333461115
1240.0,300.0,F11,14.824620250131774
1260.0,300.0,F11,14.824620250131774
1280.0,300.0,F11,15.124107527912214
1300.0,300.0,F11,15.423594805692655
1320.0,300.0,F11,15.723082083473095
1340.0,300.0,F11,16.022569361253534
1360.0,300.0,F11,16.322056639033974
1380.0,300.0,F11,16.471800277924192
1400.0,300.0,F11,16.77128755570463
1420.0,300.0,F11,17.070774833485075
1440.0,300.0,F11,17.370262111265514
1460.0,300.0,F11,17.520005750155732
1480.0,300.0,F11,17.819493027936172
1500.0,300.0,F11,18.118980305716615
1520.0,300.0,F11,18.418467583497055
1540.0,300.0,F11,18.71795486127749
1560.0,300.0,F11,18.867698500167712
1580.0,300.0,F11,19.167185777948152
1600.0,300.0,F11,19.46667305572859
1620.0,300.0,F11,19.76616033350903
1640.0,300.0,F11,20.065647611289474
1660.0,300.0,F11,20.365134889069914
1680.0,300.0,F11,20.514878527960132
1700.0,300.0,F11,20.81436580574057
1720.0,300.0,F11,21.113853083521015
1740.0,300.0,F11,21.413340361301454
1760.0,300.0,F11,21.712827639081894
1780.0,300.0,F11,21.862571277972112
1800.0,300.0,F11,22.162058555752555
