block,Row,Col,concentration_uM,enzyme_slope_signal,bg_slope_signal_mean,corrected_slope_signal,corrected_rate_uM_per_s
0,A,9,9600.0,0.001385892002734109,2.607655502392348e-06,0.0013832843472317167,0.2071380317743598
0,A,10,9600.0,0.0014080191387559813,2.607655502392348e-06,0.001405411483253589,0.2104514296404938
0,A,11,9600.0,0.0014298954203691052,2.607655502392348e-06,0.0014272877648667129,0.21372726365463018
0,B,9,4800.0,0.0013165119617224888,4.725222146274785e-06,0.001311786739576214,0.19643171983207958
0,B,10,4800.0,0.0013977758031442247,4.725222146274785e-06,0.00139305058099795,0.20860046315676808
0,B,11,4800.0,0.0013921421736158585,4.725222146274785e-06,0.0013874169514695837,0.20775686297103113
0,C,9,2400.0,0.0005008680792891321,3.485987696514e-08,0.000500833219412167,0.07499658875188184
0,C,10,2400.0,0.0005274948735475054,3.485987696514e-08,0.0005274600136705403,0.07898378181611186
0,C,11,2400.0,0.0005121886534518116,3.485987696514e-08,0.0005121537935748465,0.07669177272132806
0,D,9,1200.0,0.0003007101845522899,8.407382091592628e-07,0.0002998694463431306,0.04490354208741593
0,D,10,1200.0,0.0003022946001367055,8.407382091592628e-07,0.00030145386192754624,0.045140798242540706
0,D,11,1200.0,0.0002982105263157896,8.407382091592628e-07,0.0002973697881066303,0.04452923416710047
0,E,9,600.0,0.00016056185919343825,5.126452494873591e-08,0.00016051059466848952,0.024035440526092754
0,E,10,600.0,0.00016342925495557083,5.126452494873591e-08,0.0001633779904306221,0.024464814801652884
0,E,11,600.0,0.00016362474367737534,5.126452494873591e-08,0.0001635734791524266,0.02449408799421789
0,F,9,300.0,8.557006151743001e-05,4.299384825700622e-07,8.514012303485994e-05,0.012749191838800964
0,F,10,300.0,8.771770334928235e-05,4.299384825700622e-07,8.728776486671229e-05,0.013070787541735391
0,F,11,300.0,8.695762132604243e-05,4.299384825700622e-07,8.652768284347237e-05,0.012956970093720405
