substrate_uM,fitted_v_over_E_s,lower_95_s,upper_95_s
0.0,0.0,0.0,0.0
26.25,6.29577073609352e-05,6.192617710758904e-06,0.00011972279701111149
52.5,0.0001254426353532,1.316701550604151e-05,0.0002377182552003585
78.75,0.0001874600895434982,2.0904383278351143e-05,0.0003540157958086453
105.0,0.0002490152964084113,2.9386329235543375e-05,0.00046864426358127925
131.25,0.0003101134048026729,3.859486940185897e-05,0.0005816319402034869
157.5,0.00037075948739485475,4.851241740927014e-05,0.0006930065573804394
183.75,0.00043095854207130457,5.912177457012487e-05,0.0008027953095724842
210.0,0.0004907154933091532,7.040612022238832e-05,0.000911024866395918
236.25,0.000550035193519181,8.234900233906807e-05,0.0010177213846992938
262.5,0.0006089224243593151,9.493432839370966e-05,0.0011229105203249205
288.75,0.0006673818980195014,0.0001081463564741083,0.0012266174395648946
315.0,0.0007254182584786796,0.0001219696866366658,0.0013288668303206934
341.25,0.0007830360827345621,0.00013638925249405756,0.0014296829129750667
367.5,0.000840239882006904,0.0001513903130291388,0.0015290894509846693
393.75,0.0008970341029149257,0.000166958444628243,0.0016271097612016085
420.0,0.000953423128629535,0.00018307953332726153,0.0017237667239318084
446.25,0.001009411280000976,0.0001997397672641077,0.0018190827927378442
472.5,0.0010650028166625128,0.0002169256293313884,0.0019130800039936372
498.75,0.001120201938110742,0.00023462389002329518,0.0020057799861981887
525.0,0.0011750127847631054,0.00025282160047094865,0.002097203969055262
551.25,0.0012294394389931699,0.0002715060856605927,0.002187372792325747
577.5,0.0012834859261442078,0.0002906649378292387,0.002276306914459177
603.75,0.0013371562155216155,0.00031028601003252007,0.0023640264210107106
630.0,0.0013904542213646791,0.00033035740987970275,0.0024505510328496558
656.25,0.0014433838037981874,0.00035086749343095727,0.0025359001141654174
682.5,0.0014959487697643807,0.0003718048592521383,0.0026200926802766233
708.75,0.0015481528739357028,0.00039315834262250936,0.0027031474052488964
735.0,0.0015999998196088228,0.00041491700989095123,0.0027850826293266944
761.25,0.0016514932595803667,0.0004370701529763715,0.002865916366184362
787.5,0.0017026367970047983,0.00045960728400815153,0.002945666310001445
813.75,0.0017534339862348718,0.0004825181301026148,0.0030243498423671287
840.0,0.0018038883336450656,0.0005057926282715979,0.0031019840390185335
866.25,0.0018540032984384008,0.0005294209204593689,0.0031785856764174327
892.5,0.0019037822934370333,0.000553393348704237,0.0032541712381698295
918.75,0.0019532286858569966,0.0005777004504212951,0.003328756921292698
945.0,0.0020023457980674693,0.000602332953802894,0.0034023586423320446
971.25,0.002051136908334923,0.0006272817733335102,0.003474992043336336
997.5,0.002099605251552503,0.0006525380054157933,0.0035466724976892126
1023.75,0.0021477540199549765,0.0006780929241046835,0.0036174151158052696
1050.0,0.002195586363819596,0.0007039379769465761,0.0036872347506926163
1076.25,0.0022431053921531793,0.00073006478092061,0.0037561460033857484
1102.5,0.0022903141733657353,0.0007564651184792481,0.0038241632282522225
1128.75,0.0023372157359309435,0.0007831309336853995,0.003891300538176487
1155.0,0.0023838130690337733,0.0008100543284434354,0.003957571809624111
1181.25,0.0024301091232055466,0.0008372275588214941,0.004022990687589599
1207.5,0.002476106810946719,0.0008646430314626222,0.004087570590430816
1233.75,0.0025218090073376638,0.0008922933000822723,0.004151324714593055
1260.0,0.002567218550637713,0.0009201710620498694,0.004214266039225556
1286.25,0.002612338242872738,0.0009482691550521279,0.004276407330693348
1312.5,0.002657170850411508,0.00097658055383593,0.0043377611469870864
1338.75,0.0027017191045310813,0.0010050983670286378,0.004398339842033525
1365.0,0.0027459857019714764,0.0010338158340337667,0.004458155569909186
1391.25,0.0027899733054798535,0.0010627263219999776,0.004517220288959729
1417.5,0.002833684544344438,0.0010918233228615112,0.0045755457658273645
1443.75,0.0028771220149184126,0.0011211004504481047,0.00463314357938872
1470.0,0.002920288281133999,0.0011505514376626196,0.0046900251246053785
1496.25,0.002963185875006936,0.0011801701337245663,0.004746201616289305
1522.5,0.0030058172971315703,0.0012099505014778514,0.004801684092785289
1548.75,0.0030481850171667608,0.0012398866147610443,0.0048564834195724774
1575.0,0.003090291474312788,0.0012699726558385736,0.004910610292787002
1601.25,0.003132139077779477,0.0013002029128912742,0.0049640752426676794
1627.5,0.0031737302072457033,0.001330571777564801,0.005016888636926606
1653.75,0.0032150672133104854,0.0013610737425743963,0.005069060684046575
1680.0,0.003256152417935826,0.0013917033993646238,0.005120601436507028
1706.25,0.003296988114881492,0.0014224554358226913,0.005171520793940293
1732.5,0.003337576570131891,0.0014533246340439994,0.005221828506219783
1758.75,0.003377920022315221,0.0014843058681486537,0.005271534176481788
1785.0,0.003418020683115054,0.001515394102147678,0.00532064726408243
1811.25,0.0034578807376745083,0.001546584387857715,0.005369177087491302
1837.5,0.0034975023449931673,0.0015778718628630356,0.0054171328271232985
1863.75,0.0035368876383168987,0.0016092517485237366,0.005464523528110061
1890.0,0.0035760387255207174,0.0016407193480290194,0.0055113581030124155
1916.25,0.0036149576894848397,0.0016722700444944956,0.005557645334475184
1942.5,0.0036536465884640665,0.0017038992991024438,0.005603393877825689
1968.75,0.003692107456450639,0.0017356026492841127,0.005648612263617165
1995.0,0.003730342303530692,0.0017673757069430317,0.0056933089001183525
2021.25,0.0037683531162344477,0.0017992141567184199,0.005737492075750476
2047.5,0.0038061418578802654,0.0018311137542878124,0.005781169961472718
2073.75,0.0038437104689126827,0.0018630703247080214,0.005824350613117344
2100.0,0.0038810608672345637,0.0018950797607936078,0.0058670419736755195
2126.25,0.003918194948533481,0.0019271380215320254,0.005909251875534936
2152.5,0.003955114586602435,0.001959241130534706,0.005950988042670164
2178.75,0.003991821633655041,0.0019913851745232787,0.005992258092786804
2205.0,0.004028317920635284,0.0020235663018502584,0.00603306953942031
2231.25,0.0040646052575219515,0.002055780721053436,0.006073429793990467
2257.5,0.004100685433627855,0.002088024699443385,0.006113346167812324
2283.75,0.004136560217893939,0.0021202945617233462,0.0061528258740645315
2310.0,0.004172231359178389,0.0021525866886409352,0.006191876029715842
2336.25,0.004207700586540812,0.002184897515671055,0.00623050365741057
2362.5,0.004242969609521632,0.002217223531729433,0.006268715687313831
2388.75,0.004278040118416737,0.002249561277916247,0.0063065189589172265
2415.0,0.004312913784547532,0.0022819073462892847,0.0063439202228057785
2441.25,0.004347592260526429,0.0023142583786661835,0.006380926142386676
2467.5,0.0043820771805179164,0.0023466110654552248,0.006417543295580608
2493.75,0.004416370160495248,0.0023789621445142136,0.0064537781764762835
2520.0,0.004450472798492877,0.002411308400037055,0.0064896371969487
2546.25,0.00448438667485468,0.0024436466614675537,0.0065251266882418064
2572.5,0.004518113352478084,0.0024759738024400734,0.006560252902516094
2598.75,0.004551654377054158,0.002508286739746637,0.006595022014361679
2625.0,0.004585011277303748,0.0025405824323301565,0.006629440122277339
2651.25,0.004618185565209734,0.0025728578803034144,0.006663513250116054
2677.5,0.004651178736245489,0.0026051101239934495,0.006697247348497528
2703.75,0.0046839922695996,0.0026373362430111252,0.006730648296188075
2730.0,0.004716627628396928,0.0026695333553455065,0.00676372190144835
2756.25,0.004749086259916082,0.0027016986164827726,0.006796473903349392
2782.5,0.004781369595803367,0.002733829218549495,0.00682890997305724
2808.75,0.004813479052283271,0.0027659223894799458,0.006861035715086597
2835.0,0.004845416030365569,0.0027979753922072687,0.00689285666852387
2861.25,0.004877181916049087,0.00282998552387825,0.006924378308219924
2887.5,0.00490877808052221,0.0028619501150915533,0.006955606045952868
2913.75,0.004940205880360184,0.0028938665291592235,0.006986545231561144
2940.0,0.004971466657719259,0.0029257321613912176,0.007017201154047301
2966.25,0.0050025617405277676,0.0029575444384029,0.007047579042652635
2992.5,0.0050334924426741505,0.002989300817445343,0.007077684067902958
3018.75,0.0050642600641920225,0.0030209987857582254,0.0071075213426258195
3045.0,0.005094865891442315,0.003052635859945298,0.007137095922939331
3071.25,0.0051253111972925525,0.0030842095853722542,0.007166412809212851
3097.5,0.005155597241293311,0.0031157175355869347,0.007195476946999688
3123.75,0.005185725269851926,0.0031471573117617157,0.007224293227942136
3150.0,0.005215696516403474,0.0031785265421580794,0.007252866490648869
3176.25,0.005245512201579105,0.0032098228816132314,0.007281201521544978
3202.5,0.00527517353337175,0.003241044011048713,0.007309303055694787
3228.75,0.005304681707299268,0.0032721876370009383,0.007337175777597598
3255.0,0.005334037906565075,0.0033032514911736175,0.007364824321956533
3281.25,0.005363243302216285,0.003334233330011981,0.007392253274420589
3307.5,0.005392299053299434,0.0033651309342987877,0.00741946717230008
3333.75,0.005421206307013808,0.0033959421087720438,0.007446470505255572
3360.0,0.0054499661988624305,0.003426664681764415,0.007473267715960446
3386.25,0.005478579852800744,0.0034572965048642237,0.007499863200737264
3412.5,0.005507048381383029,0.0034878354525980826,0.007526261310167976
3438.75,0.005535372885906606,0.0035182794221350344,0.007552466349678178
3465.0,0.005563554456553844,0.003548626333012199,0.00757848258009549
3491.25,0.005591594172532038,0.003578874126881836,0.0076043142181822405
3517.5,0.0056194931022111655,0.003609020767279799,0.007629965437142532
3543.75,0.005647252303259589,0.0036390642394153305,0.007655440367103847
3570.0,0.005674872822777705,0.003669002549982058,0.007680743095573353
3596.25,0.005702355697429616,0.0036988337269902123,0.0077058776678690195
3622.5,0.005729701953572822,0.0037285558196198955,0.007730848087525747
3648.75,0.005756912607385991,0.0037581668980953757,0.007755658316676605
3675.0,0.005783988664994833,0.003787665053580228,0.007780312276409438
3701.25,0.005810931122596108,0.0038170483980932636,0.0078048138470989525
3727.5,0.005837740966579807,0.003846315064445108,0.007829166868714505
3753.75,0.005864419173649525,0.003875463206195197,0.007853375141103854
3780.0,0.005890966710941077,0.0039044909976291508,0.007877442424253003
3806.25,0.005917384536139368,0.003933396633756263,0.007901372438522472
3832.5,0.0059436735975935484,0.003962178330326888,0.00792516886486021
3858.75,0.0059698348344305084,0.003990834323869588,0.007948835344991429
3885.0,0.0059958691766666995,0.004019362871747683,0.007972375481585716
3911.25,0.006021777545318344,0.0040477622522350635,0.007995792838401624
3937.5,0.006047560852510052,0.004076030764610835,0.008019090940409267
3963.75,0.006073220001581856,0.004104166729272643,0.008042273273891069
3990.0,0.006098755887194717,0.004132168487868163,0.008065343286521271
4016.25,0.006124169395434507,0.004160034403444513,0.0080883043874245
4042.5,0.0061494614039145,0.004187762860615178,0.008111159947213821
4068.75,0.006174632781876396,0.0042153522657439576,0.008133913298008836
4095.0,0.006199684390289906,0.004242801047145537,0.008156567733434275
4121.25,0.006224617081950916,0.004270107655302197,0.008179126508599635
4147.5,0.00624943170157826,0.004297270563096118,0.008201592840060402
4173.75,0.0062741290859091164,0.004324288266056781,0.008223969905761453
4200.0,0.0062987100637930575,0.004351159282622795,0.00824626084496332
4226.25,0.0063231754562847785,0.004377882154417681,0.008268468758151876
4252.5,0.006347526076735507,0.004404455446538822,0.008290596706932192
4278.75,0.006371762730883144,0.004430877747859012,0.008312647713907276
4305.0,0.006395886216941136,0.004457147671339846,0.008334624762542426
4331.25,0.006419897325686101,0.004483263854356206,0.008356530797015996
4357.5,0.006443796840544242,0.004509224959031096,0.008378368722057387
4383.75,0.006467585537676547,0.004535029672580032,0.008400141402773061
4410.0,0.006491264186062824,0.004560676707664056,0.008421851664461593
4436.25,0.006514833547584548,0.004586164802750694,0.008443502292418402
4462.5,0.006538294377106584,0.004611492722481727,0.00846509603173144
4488.75,0.006561647422557777,0.00463665925804709,0.008486635587068464
4515.0,0.006584893425010432,0.004661663227563741,0.008508123622457123
4541.25,0.0066080331187587035,0.00468650347645868,0.008529562761058727
4567.5,0.006631067231395914,0.004711178877855006,0.008550955584936822
4593.75,0.00665399648389082,0.004735688332960084,0.008572304634821558
4620.0,0.00667682159066283,0.00476003077145472,0.00859361240987094
4646.25,0.0066995432596562016,0.004784205151882251,0.008614881367430152
4672.5,0.006722162192413245,0.004808210462036609,0.008636113922789882
4698.75,0.006744679084146519,0.004832045719348081,0.008657312448944956
4725.0,0.006767094623810058,0.004855709971265846,0.008678479276354269
4751.25,0.006789409494169643,0.00487920229563604,0.008699616692703246
4777.5,0.006811624371872128,0.0049025218010743075,0.008720726942669949
4803.75,0.00683373992751383,0.004925667627331711,0.008741812227695949
4830.0,0.006855756825708005,0.004948638945652843,0.008762874705763167
4856.25,0.0068776757251514335,0.004971434959125106,0.008783916491177761
4882.5,0.006899497278690104,0.004994054903017943,0.008804939654362265
4908.75,0.006921222133384033,0.005016498045111046,0.00882594622165702
4935.0,0.006942850930571222,0.005038763686010309,0.008846938175132135
4961.25,0.006964384305930768,0.005060851159450655,0.008867917452410883
4987.5,0.006985822889545143,0.00508275983258447,0.008888885946505817
5013.75,0.007007167305961649,0.005104489106254827,0.008909845505668472
5040.0,0.007028418174253064,0.0051260384152523025,0.008930797933253826
5066.25,0.007049576108077501,0.005147407228554625,0.008951744987600378
5092.5,0.0070706417157374735,0.0051685950495480686,0.008972688381926879
5118.75,0.007091615600238193,0.005189601416229735,0.008993629784246652
5145.0,0.00711249835934511,0.005210425901389949,0.009014570817300272
5171.25,0.007133290585640704,0.0052310681127738035,0.009035513058507605
5197.5,0.007153992866580531,0.0052515276932212675,0.009056458039939794
5223.75,0.007174605784548554,0.005271804320784964,0.009077407248312144
5250.0,0.007195129916911757,0.005291897708825093,0.009098362124998422
5276.25,0.007215565836074049,0.005311807606080789,0.00911932406606731
5302.5,0.007235914109529478,0.005331533796717436,0.00914029442234152
5328.75,0.007256175299914765,0.005351076100349402,0.009161274499480128
5355.0,0.007276349965061163,0.005370434372037684,0.009182265558084641
5381.25,0.0072964386580456455,0.0053896085022623,0.009203268813828991
5407.5,0.0073164419272414545,0.005408598416868854,0.009224285437614055
5433.75,0.007336360316367996,0.005427404076989196,0.009245316555746796
5460.0,0.0073561943645401055,0.0054460254789359674,0.009266363250144244
5486.25,0.0073759446063166876,0.00546446265407086,0.009287426558562515
5512.5,0.007395611571748743,0.005482715668646594,0.009308507474850892
5538.75,0.007415195786426785,0.005500784623622582,0.009329606949230988
5565.0,0.007434697771527661,0.005518669654454406,0.009350725888600916
5591.25,0.007454118043860786,0.005536370930857221,0.00937186515686435
5617.5,0.007473457115913795,0.005553888656543281,0.009393025575284309
5643.75,0.007492715495897626,0.005571223068933933,0.00941420792286132
5670.0,0.0075118936877910355,0.005588374438846324,0.009435412936735747
5696.25,0.007530992191384563,0.005605343070155244,0.009456641312613883
5722.5,0.007550011502323951,0.005622129299430651,0.00947789370521725
5748.75,0.007568952112153017,0.0056387334955512285,0.009499170728754806
5775.0,0.007587814508356002,0.005655156059294668,0.009520472957417337
5801.25,0.007606599174399396,0.005671397422905293,0.009541800925893499
5827.5,0.00762530658977324,0.005687458049639597,0.009563155129906882
5853.75,0.007643937230031927,0.005703338433290515,0.009584536026773338
5880.0,0.007662491566834499,0.005719039097691147,0.00960594403597785
5906.25,0.007680970067984453,0.005734560596198766,0.00962737953977014
5932.5,0.007699373197469049,0.005749903511159861,0.009648842883778236
5958.75,0.007717701415498151,0.005765068453357267,0.009670334377639036
5985.0,0.0077359551785425905,0.0057800560614400705,0.00969185429564511
6011.25,0.007754134939372059,0.0057948670013374245,0.009713402877406692
6037.5,0.0077722411470925465,0.005809501965657113,0.00973498032852798
6063.75,0.00779027424718332,0.005823961673069906,0.009756586821296733
6090.0,0.007808234681533467,0.005838246867680646,0.009778222495386287
6116.25,0.00782612288847798,0.0058523583183872,0.00979988745856876
6142.5,0.007843939302833424,0.005866296818228095,0.009821581787438754
6168.75,0.007861684355933162,0.005880063183720145,0.00984330552814618
6195.0,0.007879358475662172,0.005893658254186885,0.00986505869713746
6221.25,0.00789696208649143,0.00590708289107891,0.009886841281903952
6247.5,0.0079144956095119,0.005920337977287222,0.009908653241736579
6273.75,0.007931959462468104,0.005933424416450572,0.009930494508485637
6300.0,0.007949354059791304,0.005946343132257762,0.009952364987324847
6326.25,0.007966679812632283,0.0059590950677460355,0.009974264557518531
6352.5,0.007983937128893736,0.00597168118459649,0.009996193073190981
6378.75,0.00800112641326229,0.0059841024624274364,0.010018150364097143
6405.0,0.008018248067240129,0.0059963598980868294,0.010040136236393427
6431.25,0.008035302489176261,0.006008454504944562,0.010062150473407961
6457.5,0.00805229007429741,0.006020387312185546,0.010084192836409274
6483.75,0.008069211214738548,0.006032159364104691,0.010106263065372404
6510.0,0.00808606629957306,0.006043771719404278,0.010128360879741841
6536.25,0.00810285571484258,0.006055225450494926,0.010150485979190233
6562.5,0.008119579843586452,0.006066521642800741,0.010172638044372163
6588.75,0.00813623906587086,0.006077661394069518,0.010194816737672203
6615.0,0.008152833758817628,0.006088645813688707,0.01021702170394655
6641.25,0.008169364296632668,0.006099476022007886,0.01023925257125745
6667.5,0.008185831050634116,0.0061101531496683785,0.010261508951599854
6693.75,0.008202234389280126,0.006120678336940735,0.010283790441619518
6720.0,0.00821857467819636,0.0061310527330705605,0.010306096623322158
6746.25,0.008234852280203148,0.0061412774956334445,0.010328427064772851
6772.5,0.008251067555342351,0.006151353789899313,0.01035078132078539
6798.75,0.008267220860903894,0.006161282788206948,0.01037315893360084
6825.0,0.008283312551452019,0.006171065669348913,0.010395559433555124
6851.25,0.008299342978851225,0.006180703617967504,0.010417982339734948
6877.5,0.008315312492291914,0.006190197823961935,0.010440427160621893
6903.75,0.008331221438315743,0.0061995494819073885,0.010462893394724098
6930.0,0.008347070160840695,0.006208759790485938,0.010485380531195451
6956.25,0.008362859001185864,0.006217829951929884,0.010507888050441845
6982.5,0.008378588298095952,0.006226761171477683,0.01053041542471422
7008.75,0.008394258387765495,0.006235554656842664,0.010552962118688326
7035.0,0.008409869603862826,0.006244211617694784,0.01057552759003087
7061.25,0.008425422277553746,0.006252733265155561,0.01059811128995193
7087.5,0.008440916737524942,0.0062611208113063695,0.010620712663743514
7113.75,0.008456353310007155,0.0062693754687101165,0.010643331151304194
7140.0,0.008471732318798062,0.006277498449946512,0.010665966187649612
7166.25,0.008487054085284919,0.006285490967160844,0.010688617203408994
7192.5,0.008502318928466956,0.006293354231626441,0.010711283625307471
7218.75,0.00851752716497751,0.006301089453320694,0.010733964876634326
7245.0,0.008532679109105917,0.006308697840514712,0.010756660377697121
7271.25,0.008547775072819166,0.006316180599376567,0.010779369546261765
7297.5,0.00856281536578331,0.006323538933587983,0.010802091797978636
7323.75,0.008577800295384635,0.006330774043974535,0.010824826546794735
7350.0,0.008592730166750606,0.006337887128149134,0.010847573205352078
7376.25,0.008607605282770577,0.006344879380168772,0.010870331185372381
7402.5,0.008622425944116274,0.006351751990204338,0.01089309989802821
7428.75,0.008637192449262053,0.006358506144223376,0.01091587875430073
7455.0,0.008651905094504935,0.006365143023685704,0.010938667165324167
7481.25,0.008666564173984427,0.006371663805251542,0.010961464542717313
7507.5,0.008681169979702126,0.0063780696605022155,0.010984270298902036
7533.75,0.008695722801541099,0.006384361755672979,0.011007083847409218
7560.0,0.008710222927285068,0.006390541251397975,0.011029904603172162
7586.25,0.008724670642637385,0.006396609302466973,0.011052731982807797
7612.5,0.008739066231239784,0.006402567057593748,0.011075565404885822
7638.75,0.008753409974690953,0.006408415659195785,0.011098404290186121
7665.0,0.008767702152564892,0.00641415624318524,0.011121248061944543
7691.25,0.008781943042429075,0.006419789938770669,0.01114409614608748
7717.5,0.008796132919862426,0.006425317868269557,0.011166947971455295
7743.75,0.008810272058473087,0.006430741146931137,0.011189802970015036
7770.0,0.008824360729916011,0.006436060882769505,0.011212660577062519
7796.25,0.008838399203910354,0.006441278176406528,0.01123552023141418
7822.5,0.008852387748256692,0.006446394120924482,0.011258381375588903
7848.75,0.008866326628854048,0.0064514098017280485,0.011281243455980047
7875.0,0.008880216109716734,0.0064563262964154695,0.011304105923017997
7901.25,0.008894056452991034,0.006461144674658614,0.011326968231323455
7927.5,0.008907847918971683,0.006465865998091576,0.011349829839851791
7953.75,0.008921590766118193,0.006470491320207763,0.011372690212028623
7980.0,0.008935285251070995,0.006475021686265008,0.011395548815876982
8006.25,0.008948931628667414,0.006479458133198571,0.011418405124136256
8032.5,0.008962530151957476,0.006483801689541725,0.011441258614373227
8058.75,0.008976081072219562,0.006488053375353785,0.01146410876908534
8085.0,0.008989584638975867,0.006492214202155117,0.011486955075796617
8111.25,0.009003041100007726,0.00649628517286909,0.011509797027146362
8137.5,0.009016450701370764,0.006500267281770658,0.01153263412097087
8163.75,0.009029813687409903,0.006504161514441316,0.011555465860378488
8190.0,0.009043130300774192,0.006507968847730208,0.011578291753818176
8216.25,0.009056400782431504,0.006511690249721137,0.011601111315141872
8242.5,0.009069625371683064,0.006515326679705356,0.011623924063660772
8268.75,0.009082804306177835,0.006518879088159731,0.011646729524195938
8295.0,0.009095937821926756,0.006522348416730245,0.011669527227123267
8321.25,0.009109026153316829,0.006525735598220547,0.01169231670841311
8347.5,0.009122069533125058,0.006529041556585274,0.011715097509664842
8373.75,0.009135068192532259,0.006532267206928118,0.0117378691781364
8400.0,0.009148022361136704,0.006535413455504233,0.011760631266769177
8426.25,0.009160932266967663,0.006538481199726992,0.011783383334208334
8452.5,0.009173798136498752,0.006541471328178691,0.011806124944818813
8478.75,0.009186620194661203,0.006544384720625218,0.011828855668697189
8505.0,0.00919939866485696,0.006547222248034394,0.011851575081679527
8531.25,0.009212133768971655,0.006549984772597802,0.011874282765345507
8557.5,0.009224825727387451,0.006552673147756031,0.011896978307018871
8583.75,0.009237474758995761,0.006555288218227039,0.011919661299764482
8610.0,0.00925008108120982,0.006557830820037613,0.011942331342382028
8636.25,0.009262644909977153,0.006560301780557666,0.01196498803939664
8662.5,0.009275166459791897,0.00656270191853725,0.011987631001046543
8688.75,0.009287645943707012,0.006565032044146173,0.012010259843267852
8715.0,0.00930008357334637,0.006567292959016062,0.012032874187676677
8741.25,0.0093124795589167,0.006569485456284685,0.012055473661548714
8767.5,0.00932483410921945,0.006571610320642473,0.012078057897796427
8793.75,0.009337147431662503,0.0065736683283811066,0.0121006265349439
8820.0,0.00934941973227178,0.006575660247443984,0.012123179217099577
8846.25,0.009361651215702737,0.006577586837478503,0.012145715593926971
8872.5,0.009373842085251737,0.00657944884989003,0.012168235320613443
8898.75,0.00938599254286731,0.006581247027897455,0.012190738057837163
8925.0,0.009398102789161316,0.006582982106590226,0.012213223471732407
8951.25,0.00941017302341998,0.006584654812986713,0.012235691233853247
8977.5,0.009422203443614816,0.006586265866093878,0.012258141021135753
9003.75,0.009434194246413462,0.006587815976968121,0.012280572515858804
9030.0,0.009446145627190391,0.0065893058487771555,0.012302985405603626
9056.25,0.009458057780037523,0.006590736176862982,0.012325379383212064
9082.5,0.009469930897774736,0.006592107648805674,0.012347754146743798
9108.75,0.009481765171960262,0.006593420944488044,0.012370109399432479
9135.0,0.009493560792900993,0.006594676736161062,0.012392444849640924
9161.25,0.00950531794966269,0.006595875688509943,0.012414760210815437
9187.5,0.00951703683008007,0.006597018458720865,0.012437055201439276
9213.75,0.009528717620766819,0.006598105696548192,0.012459329544985446
9240.0,0.009540360507125494,0.006599138044382216,0.012481582969868772
9266.25,0.009551965673357334,0.006600116137317272,0.012503815209397397
9292.5,0.009563533302471975,0.006601040603220252,0.012526026001723698
9318.75,0.009575063576297066,0.006601912062799378,0.012548215089794753
9345.0,0.0095865566754878,0.006602731129673235,0.012570382221302367
9371.25,0.009598012779536352,0.006603498410440003,0.012592527148632699
9397.5,0.00960943206678121,0.0066042145047468265,0.012614649628815594
9423.75,0.009620814714416445,0.006604880005359278,0.012636749423473611
9450.0,0.009632160898500866,0.0066054954982308735,0.01265882629877086
9476.25,0.009643470793967105,0.006606061562572604,0.012680880025361607
9502.5,0.009654744574630596,0.006606578770922424,0.012702910378338768
9528.75,0.009665982413198491,0.006607047689214697,0.012724917137182285
9555.0,0.009677184481278476,0.006607468876849505,0.012746900085707447
9581.25,0.0096883509493875,0.006607842886761828,0.01276885901201317
9607.5,0.009699481986960435,0.006608170265490562,0.012790793708430307
9633.75,0.009710577762358641,0.006608451553247331,0.012812703971469951
9660.0,0.009721638442878456,0.006608687283985048,0.012834589601771862
9686.25,0.009732664194759608,0.0066088779854662685,0.012856450404052948
9712.5,0.009743655183193534,0.006609024179331161,0.012878286187055906
9738.75,0.00975461157233164,0.006609126381165294,0.012900096763497987
9765.0,0.009765533525293467,0.006609185100566994,0.012921881950019939
9791.25,0.00977642120417479,0.006609200841214378,0.012943641567135202
9817.5,0.009787274770055634,0.00660917410093202,0.012965375439179248
9843.75,0.00979809438300822,0.00660910537175724,0.012987083394259198
9870.0,0.009808880202104828,0.006608995140005916,0.01300876526420374
9896.25,0.009819632385425606,0.006608843886337968,0.013030420884513245
9922.5,0.009830351090066284,0.006608652085822297,0.01305205009431027
9948.75,0.009841036472145823,0.006608420208001361,0.013073652736290286
9975.0,0.009851688686814,0.0066081487169551865,0.013095228656672814
10001.25,0.009862307888258913,0.006607838071364985,0.013116777705152842
10027.5,0.009872894229714425,0.00660748872457621,0.01313829973485264
10053.75,0.00988344786346753,0.006607101124661155,0.013159794602273905
10080.0,0.00989396894086566,0.0066066757144810015,0.013181262167250317
10106.25,0.009904457612323916,0.006606212931747378,0.013202702292900454
10132.5,0.00991491402733224,0.006605713209083348,0.013224114845581132
10158.75,0.009925338334462509,0.006605176974083901,0.013245499694841116
10185.0,0.009935730681375581,0.006604604649375883,0.01326685671337528
10211.25,0.009946091214828267,0.006603996652677345,0.013288185776979189
10237.5,0.00995642008068023,0.006603353396856411,0.01330948676450405
10263.75,0.009966717423900838,0.006602675289989502,0.013330759557812174
10290.0,0.009976983388575944,0.006601962735419064,0.013352004041732824
10316.25,0.00998721811791461,0.006601216131810669,0.013373220104018549
10342.5,0.009997421754255754,0.006600435873209608,0.013394407635301902
10368.75,0.010007594439074768,0.006599622349096859,0.013415566529052677
10395.0,0.01001773631299004,0.006598775944444513,0.013436696681535566
10421.25,0.010027847515769437,0.006597897039770602,0.013457797991768272
10447.5,0.010037928186336737,0.006596986011193386,0.01347887036148009
10473.75,0.010047978462777976,0.006596043230485004,0.01349991369507095
10500.0,0.010057998482347761,0.006595069065124621,0.0135209278995709
