TITLE,B9_25mMtris_25mMnacl_ph8_FINAL_THERM
DATA TYPE,CD SPECTRUM
ORIGIN,JASCO
OWNER,
DATE,2025/03/28
TIME,22:11:31
SPECTROMETER/DATA SYSTEM,JASCO Corp., J-1500, Rev. 1.00
DELTAX,-1
XUNITS,NANOMETERS
YUNITS,CD [mdeg]
Y2UNITS,HT [V]
FIRSTX,  250.0000
LASTX,  200.0000
NPOINTS,      51
FIRSTY,    -0.87724
MAXY,    36.10720
MINY,  -156.40958
XYDATA
Channel 1
,25.01,34.99,44.99,55,65,75.01,85,95.01
250,-0.877239,-1.02355,-1.24653,-1.15292,-1.32214,-1.33981,-1.46364,-1.58018
249,-1.08668,-1.38166,-1.64372,-1.69771,-1.52646,-1.92848,-1.67857,-2.42909
248,-1.50928,-1.86927,-1.95791,-2.18714,-2.15683,-2.15873,-2.31714,-2.93525
247,-2.11682,-2.2965,-2.58296,-2.91869,-3.15123,-2.94982,-3.12248,-3.38175
246,-2.89005,-3.17721,-3.58091,-3.74315,-4.18698,-3.78097,-4.17387,-4.37415
245,-4.00506,-4.24168,-4.73054,-4.92168,-5.25739,-5.23362,-5.39078,-5.31478
244,-5.58776,-5.7841,-6.13725,-6.55161,-6.65272,-6.60405,-6.40972,-6.76078
243,-7.47278,-7.8458,-8.56528,-8.70783,-8.66085,-8.46223,-8.02361,-8.3307
242,-9.97105,-10.2484,-10.7993,-11.1301,-10.7088,-10.7337,-9.99772,-9.94517
241,-12.7192,-13.1376,-13.805,-14.2659,-14.1148,-13.4149,-12.1987,-12.2164
240,-16.218,-16.6543,-17.4806,-18.0234,-17.6315,-16.5324,-14.8947,-14.5367
239,-20.6721,-21.4214,-21.8762,-22.393,-21.9011,-20.3423,-18.0489,-17.0525
238,-25.8067,-26.1709,-26.6977,-26.9711,-26.4977,-24.4823,-21.1756,-19.9169
237,-31.8627,-32.5814,-32.7307,-32.7273,-31.9197,-29.2344,-25.3842,-23.3184
236,-38.8151,-39.2771,-39.5728,-39.2671,-37.6752,-34.6593,-29.5206,-27.003
235,-47.3626,-47.1262,-47.4704,-46.9117,-44.5905,-41.0548,-34.1927,-31.134
234,-55.557,-55.6787,-55.1895,-54.4525,-51.5041,-47.0951,-38.8243,-34.7518
233,-65.2445,-65.5348,-64.7483,-63.1215,-60.1644,-53.8822,-44.1194,-39.3879
232,-75.6598,-74.8843,-74.314,-72.1315,-68.5679,-60.5554,-49.8344,-43.4601
231,-84.8261,-84.2035,-82.7091,-80.1917,-76.025,-66.8192,-54.8683,-47.2125
230,-95.9902,-94.9236,-92.9618,-89.5291,-84.5831,-73.945,-59.7854,-51.8498
229,-107.547,-105.887,-102.639,-98.6436,-92.9182,-81.1679,-64.7815,-55.4264
228,-116.781,-114.617,-110.81,-106.777,-100.016,-87.4015,-69.0867,-58.5455
227,-126.289,-123.233,-120.031,-114.735,-107.207,-93.496,-73.3813,-62.1872
226,-134.334,-130.708,-126.845,-120.958,-112.686,-97.7354,-77.0962,-65.6308
225,-140.643,-136.766,-132.314,-125.676,-117.25,-101.633,-79.6934,-67.8335
224,-145.342,-141.43,-136.399,-129.936,-120.709,-104.536,-82.4454,-69.1413
223,-148.622,-144.275,-139.056,-132.811,-123.513,-105.892,-84.5121,-70.4075
222,-150.056,-147.267,-141.017,-133.552,-124.914,-107.638,-85.5859,-71.8936
221,-151.075,-147.279,-141.508,-133.06,-125.216,-108.405,-86.2417,-71.3186
220,-150.774,-147.129,-141.57,-134.413,-124.993,-108.705,-85.9502,-71.3557
219,-149.447,-146.046,-140.918,-133.905,-123.721,-108.682,-85.789,-73.0096
218,-147.414,-143.707,-139.061,-132.709,-122.82,-107.949,-85.9451,-73.9161
217,-145.458,-141.95,-137.562,-131.365,-122.993,-106.625,-85.9302,-73.0044
216,-144.267,-139.815,-137.411,-129.565,-121.935,-107.709,-87.3679,-72.4914
215,-142.852,-140.73,-135.923,-130.775,-121.407,-108.363,-87.2908,-74.6398
214,-142.633,-140.065,-135.013,-131.338,-122.723,-108.615,-89.1535,-76.6292
213,-143.526,-141.4,-136.479,-132.412,-124.832,-109.77,-91.2613,-78.3863
212,-145.317,-144.168,-140.78,-134.18,-127.233,-112.236,-92.0931,-82.6958
211,-148.566,-145.973,-143.256,-137.736,-132.259,-115.964,-96.7599,-86.5183
210,-153.046,-149.301,-144.967,-143.972,-133.95,-121.521,-101.025,-90.9199
209,-156.41,-153.379,-149.397,-145.027,-136.292,-128.306,-105.663,-96.4849
208,-155.829,-155.414,-149.591,-145.475,-138.368,-129.665,-109.277,-100.173
207,-150.368,-148.085,-146.2,-142.056,-135.433,-128.712,-109.991,-108.291
206,-138.053,-134.195,-139.148,-126.395,-123.534,-119,-104.923,-108.34
205,-113.64,-109.484,-115.988,-106.006,-103.742,-106.477,-101.225,-77.1529
204,-92.5401,-87.1718,-87.2427,-87.7009,-88.7972,-83.1644,-78.7676,-65.303
203,-72.1144,-43.2774,-53.5579,-52.5162,-51.5313,-52.6685,-67.7021,-44.2246
202,-27.256,-20.3105,-9.7402,-1.25163,-24.9329,-10.7062,-42.9392,-4.58957
201,18.0593,7.18689,31.0882,38.7942,6.22224,7.46772,33.5529,21.2881
200,36.1072,27.3894,70.9953,26.5735,53.0953,32.0448,41.0349,26.4958
Channel 2
,25.01,34.99,44.99,55,65,75.01,85,95.01
250,295.934,296.153,296.545,298.266,299.376,300.15,300.357,300.677
249,296.157,296.426,296.839,298.473,299.608,300.461,300.64,301.023
248,296.396,296.669,297.106,298.775,299.969,300.728,300.994,301.424
247,296.791,297.076,297.413,299.156,300.377,301.135,301.4,301.848
246,297.188,297.453,297.832,299.594,300.842,301.624,301.953,302.389
245,297.598,297.91,298.316,300.112,301.411,302.161,302.603,302.987
244,298.09,298.393,298.847,300.684,301.946,302.793,303.196,303.634
243,298.72,299.005,299.562,301.459,302.657,303.612,304.033,304.539
242,299.563,299.831,300.451,302.32,303.651,304.577,305.08,305.559
241,300.543,300.953,301.516,303.39,304.76,305.774,306.163,306.865
240,301.811,302.232,302.879,304.758,306.214,307.154,307.658,308.442
239,303.466,303.901,304.564,306.497,307.992,308.942,309.521,310.298
238,305.317,305.812,306.491,308.446,309.988,310.995,311.588,312.398
237,307.581,308.168,308.889,310.878,312.436,313.496,314.059,314.967
236,310.133,310.693,311.526,313.482,315.108,316.24,316.737,317.769
235,313.231,313.834,314.663,316.731,318.349,319.499,319.958,321.173
234,316.42,317.029,317.928,320.064,321.644,322.874,323.405,324.547
233,320.414,321.08,321.971,324.172,325.818,326.99,327.455,328.737
232,324.719,325.379,326.411,328.547,330.224,331.316,331.731,333.236
231,328.77,329.508,330.509,332.622,334.28,335.335,335.728,337.413
230,333.684,334.308,335.332,337.442,339.119,340.124,340.479,342.313
229,339.243,339.861,340.937,343.046,344.615,345.632,346.016,347.95
228,344.93,345.565,346.597,348.658,350.177,351.225,351.558,353.691
227,351.184,351.772,352.723,354.717,356.256,357.208,357.594,359.964
226,357.132,357.706,358.614,360.648,362.172,363.067,363.505,366.149
225,363.075,363.633,364.486,366.566,368.061,368.904,369.457,372.484
224,369.412,369.972,370.785,372.896,374.364,375.076,375.798,379.173
223,375.803,376.239,377.112,379.172,380.708,381.457,382.27,385.951
222,383.154,383.545,384.445,386.516,387.98,388.792,389.77,393.864
221,390.798,391.17,392.044,394.133,395.599,396.413,397.599,401.994
220,398.133,398.505,399.368,401.51,402.948,403.823,405.199,410.103
219,406.366,406.738,407.662,409.902,411.438,412.459,414.234,419.836
218,414.178,414.728,415.779,418.017,419.742,420.979,423.244,429.492
217,423.022,423.573,424.715,427.167,429.096,430.627,433.465,440.509
216,431.984,432.587,433.877,436.629,438.742,440.554,443.949,451.818
215,442.056,442.758,444.243,447.195,449.596,451.782,456.08,464.951
214,452.25,453.141,454.877,458.075,460.81,463.46,468.677,478.755
213,464.693,465.728,467.979,471.444,474.561,477.834,484.066,495.765
212,480.178,481.59,484.161,488.047,491.784,495.759,503.307,517.063
211,495.638,497.353,500.324,504.571,508.939,513.605,522.467,538.336
210,514.075,516.073,519.514,524.329,529.414,534.925,545.587,564.198
209,536.559,538.914,542.915,548.449,554.345,561.114,574.364,596.43
208,562.103,564.931,569.601,575.925,582.846,591.337,607.553,633.975
207,595.357,598.909,604.567,612.061,620.426,631.463,652.107,685.006
206,630.836,635.011,641.838,650.879,661.346,675.541,701.829,742.211
205,676.79,682.042,690.718,701.876,715.399,734.12,768.484,819.329
204,721.07,727.468,737.736,751.125,767.676,791.07,833.352,895.395
203,779.466,787.487,800.147,816.361,837.089,866.851,921.118,997.123
202,840.338,850.203,865.816,885.562,911.544,948.888,1013.49,1075.06
201,919.188,932.231,952.183,977.224,1009.09,1048.49,1086.94,1097.77
200,1000.74,1016.68,1038.76,1061.54,1081.63,1095.32,1097.74,1098.15
