TITLE,C4pa_25mMtris_25mMnacl_ph8_FINAL_THERM
DATA TYPE,CD SPECTRUM
ORIGIN,JASCO
OWNER,
DATE,2025/03/28
TIME,22:11:31
SPECTROMETER/DATA SYSTEM,JASCO Corp., J-1500, Rev. 1.00
DELTAX,-1
XUNITS,NANOMETERS
YUNITS,CD [mdeg]
Y2UNITS,HT [V]
FIRSTX,  250.0000
LASTX,  200.0000
NPOINTS,      51
FIRSTY,    -0.29025
MAXY,    27.72343
MINY,  -130.20386
XYDATA
Channel 1
,25,35,45.01,55,65,75.01,85,94.99
250,-0.290246,-0.29951,-0.682784,-0.520543,-0.647307,-0.773665,-0.703153,-0.845737
249,-0.268752,-0.518095,-0.95148,-1.08456,-0.694362,-1.28309,-1.1401,-1.2782
248,-1.02236,-0.917021,-1.33985,-1.1981,-1.52019,-1.37628,-1.66958,-1.79702
247,-1.60366,-1.42926,-1.98037,-1.61718,-1.80452,-2.04569,-2.13767,-2.20756
246,-1.9503,-2.17107,-2.58897,-2.22051,-2.32765,-2.39625,-2.71943,-2.63029
245,-2.68729,-3.12979,-3.08572,-3.24484,-3.09106,-2.82135,-3.08675,-3.33796
244,-3.71292,-4.04444,-3.93533,-4.57152,-3.88281,-3.46758,-3.7022,-3.96793
243,-5.21402,-5.42717,-5.54759,-5.9412,-5.16805,-4.42764,-4.5566,-4.8454
242,-6.79915,-7.11327,-7.39085,-7.52339,-6.57565,-5.39915,-5.44116,-5.84653
241,-8.93374,-9.60674,-9.54763,-9.70291,-8.36607,-6.30562,-6.36821,-7.04499
240,-11.6125,-12.43,-12.1026,-12.5092,-10.7279,-7.70254,-7.59588,-8.17547
239,-15.1504,-15.6112,-15.8051,-15.6731,-13.6121,-9.71718,-9.0932,-9.54227
238,-19.2938,-19.1327,-19.2194,-19.3226,-15.9922,-11.3295,-10.6255,-10.7874
237,-23.8029,-23.3595,-23.6803,-23.8091,-19.501,-13.2624,-12.1459,-11.9507
236,-29.4381,-28.7592,-28.9263,-28.5001,-23.062,-15.3474,-14.0083,-14.1174
235,-35.8357,-35.1161,-34.9695,-34.4391,-27.2542,-17.8039,-15.629,-15.6952
234,-41.9324,-41.4675,-41.1042,-39.9635,-31.6639,-19.8976,-17.1399,-16.9718
233,-49.9227,-48.864,-47.9082,-46.27,-36.6212,-22.3964,-19.2784,-18.6221
232,-57.568,-55.9154,-54.7751,-52.7001,-41.4385,-24.904,-20.7132,-20.5216
231,-64.6395,-62.7656,-61.1141,-58.7595,-45.4585,-26.8416,-22.216,-21.9818
230,-72.7137,-70.1976,-68.5662,-65.708,-50.3402,-29.3628,-24.1558,-23.083
229,-80.2959,-77.7798,-75.7263,-71.9979,-55.0418,-31.6773,-25.7428,-24.7174
228,-87.3156,-84.9739,-81.6917,-78.2998,-58.8466,-33.7535,-27.2078,-25.9311
227,-93.8058,-90.9352,-87.3275,-83.9021,-62.8545,-36.2169,-28.4422,-27.339
226,-99.1706,-95.9254,-91.9263,-87.8183,-65.5875,-37.1206,-29.5057,-28.3158
225,-103.8,-99.9031,-96.0196,-91.8432,-68.0315,-38.1948,-31.0684,-29.204
224,-107.418,-102.529,-98.5764,-94.4714,-69.9939,-39.2266,-31.9888,-30.0027
223,-108.815,-103.945,-100.29,-95.9044,-71.6403,-40.3026,-32.4784,-29.7274
222,-110.09,-105.453,-101.468,-97.5312,-72.6348,-41.314,-32.6641,-30.3932
221,-109.864,-105.411,-101.619,-97.1712,-72.4202,-41.6947,-32.4226,-31.526
220,-109.303,-105.538,-101.189,-97.0066,-71.9771,-42.571,-33.8351,-32.5758
219,-108.08,-104.935,-100.594,-97.3388,-72.2274,-41.9151,-33.9012,-33.3297
218,-107.106,-103.656,-99.8841,-96.2727,-72.1135,-42.0438,-34.3352,-33.3404
217,-104.85,-103.818,-98.9183,-96.0091,-72.2578,-43.1276,-35.6162,-33.4167
216,-104.66,-103.085,-98.1045,-95.9417,-72.4678,-43.8835,-36.0657,-33.7155
215,-104.932,-102.497,-98.7373,-95.679,-73.1537,-45.1598,-37.2625,-35.0826
214,-106.69,-103.547,-99.9559,-97.8749,-73.6509,-46.0234,-39.1136,-36.4112
213,-108.33,-104.828,-103.566,-100.883,-76.4534,-48.0431,-40.2924,-38.5394
212,-110.913,-109.531,-107.807,-104.27,-79.493,-52.3336,-42.0152,-41.5143
211,-114.355,-114.222,-111.727,-108.069,-82.4297,-55.6692,-46.4214,-44.1003
210,-120.221,-118.88,-115.553,-113.615,-88.1102,-59.2285,-50.4221,-45.5431
209,-126.238,-122.94,-121.074,-119.779,-92.9372,-62.5876,-53.171,-51.4726
208,-128.481,-122.577,-123.522,-119.865,-95.8363,-65.0317,-56.7488,-54.9572
207,-130.204,-123.737,-123.454,-119.943,-94.7825,-66.1192,-62.7956,-60.6439
206,-123.004,-119.026,-120.006,-114.537,-92.4182,-72.3423,-65.5193,-64.5287
205,-111.47,-109.923,-106.611,-101.606,-85.366,-74.4747,-65.9625,-69.1369
204,-91.9008,-97.0099,-93.9121,-82.2703,-73.0116,-79.6658,-70.2167,-68.4666
203,-72.1886,-72.5626,-78.6955,-58.4986,-64.5062,-71.3879,-72.82,-46.6159
202,-51.3298,-39.3427,-47.3896,-49.0082,-36.9204,-45.9519,-75.1947,-53.4893
201,-27.5883,4.11773,6.03868,-3.6799,-6.78679,-56.1039,-15.0702,-27.3734
200,27.7234,17.3358,30.2695,39.4914,34.421,9.50813,-6.98576,14.3669
Channel 2
,25,35,45.01,55,65,75.01,85,94.99
250,292.536,292.817,293.065,293.426,293.549,293.634,293.852,293.974
249,292.735,293.103,293.394,293.711,293.809,293.957,294.162,294.201
248,292.982,293.361,293.723,294.056,294.077,294.245,294.452,294.504
247,293.434,293.753,294.073,294.456,294.455,294.578,294.777,294.919
246,293.854,294.22,294.542,294.925,294.956,294.995,295.171,295.415
245,294.363,294.79,295.091,295.456,295.476,295.478,295.682,295.897
244,294.969,295.367,295.702,296.079,296.007,295.983,296.214,296.388
243,295.733,296.154,296.481,296.891,296.762,296.632,296.903,297.076
242,296.646,297.077,297.458,297.86,297.605,297.424,297.716,297.954
241,297.734,298.191,298.618,299.018,298.684,298.382,298.711,299.024
240,299.179,299.629,300.046,300.469,300.008,299.57,299.93,300.256
239,300.933,301.359,301.772,302.27,301.713,301.099,301.42,301.847
238,302.875,303.281,303.817,304.236,303.521,302.786,303.168,303.592
237,305.176,305.623,306.187,306.615,305.662,304.882,305.246,305.734
236,307.618,308.13,308.677,309.152,307.929,307.167,307.502,308.067
235,310.673,311.151,311.709,312.226,310.743,309.923,310.296,310.846
234,313.801,314.304,314.819,315.451,313.615,312.704,313.192,313.851
233,317.592,318.173,318.703,319.281,317.093,316.169,316.708,317.424
232,321.734,322.298,322.865,323.37,320.908,320.021,320.546,321.311
231,325.654,326.159,326.66,327.225,324.407,323.651,324.153,324.949
230,330.319,330.758,331.181,331.782,328.512,327.885,328.498,329.401
229,335.694,336.068,336.454,337.093,333.287,332.764,333.54,334.514
228,341.222,341.469,341.841,342.478,338.14,337.783,338.642,339.635
227,347.283,347.466,347.785,348.277,343.422,343.283,344.277,345.269
226,353.161,353.267,353.459,353.966,348.572,348.653,349.701,350.911
225,358.945,358.957,359.016,359.588,353.64,353.981,355.129,356.485
224,365.093,365.002,364.994,365.557,358.947,359.644,361.005,362.311
223,371.16,371.017,370.821,371.392,364.281,365.313,366.844,368.202
222,377.983,377.663,377.409,377.9,370.163,371.702,373.428,375.081
221,384.812,384.353,384.064,384.536,376.236,378.236,380.273,382.137
220,391.444,390.91,390.455,391.018,382.076,384.597,386.904,388.978
219,399.186,398.508,397.913,398.578,388.895,392.224,394.798,397.158
218,406.594,405.83,405.243,405.98,395.672,399.824,402.76,405.414
217,414.81,413.925,413.324,414.26,403.246,408.353,411.797,414.93
216,423.039,422.069,421.514,422.556,410.918,417.095,421.041,424.618
215,432.322,431.3,430.806,432.064,419.689,427.108,431.701,435.729
214,441.792,440.774,440.303,441.84,428.807,437.325,442.757,447.293
213,453.107,452.199,451.796,453.607,439.878,449.864,456.208,461.575
212,467.16,466.384,466.165,468.35,453.557,465.426,472.937,479.38
211,481.239,480.614,480.542,483.211,467.279,480.993,489.651,497.122
210,498.319,497.76,497.919,501.274,483.895,499.775,509.899,518.683
209,519.467,519.117,519.523,523.481,504.361,523.121,535.412,545.801
208,543.708,543.553,544.282,549.006,528.041,550.347,565.032,577.706
207,575.898,576.038,577.179,583.17,559.762,587.474,605.62,621.573
206,610.95,611.475,613.16,620.464,594.881,629.61,652.288,672.131
205,657.17,658.325,660.948,670.344,642.169,687.092,716.34,741.932
204,702.087,703.955,707.473,718.807,688.672,743.847,779.779,811.287
203,761.245,764.232,768.98,783.188,750.919,819.907,865.278,906.339
202,823.395,827.674,834.095,851.679,817.535,902.115,958.07,1006.89
201,905.254,911.589,921.029,943.415,908.234,1009.43,1060.84,1086.47
200,992.2,1000.35,1012.92,1037.64,1006.53,1083.86,1097.4,1097.96
