Dye_Fit_X,Dye_Fit_Y,Dye_Data_X,Dye_Data_Y,Dye_Data_Y_esd,A1_Fit_X,A1_Fit_Y,A1_Data_X,A1_Data_Y,A1_Data_Y_esd,MUT1_Fit_X,MUT1_Fit_Y,MUT1_Data_X,MUT1_Data_Y,MUT1_Data_Y_esd,MUT2_Fit_X,MUT2_Fit_Y,MUT2_Data_X,MUT2_Data_Y,MUT2_Data_Y_esd,MUT3_Fit_X,MUT3_Fit_Y,MUT3_Data_X,MUT3_Data_Y,MUT3_Data_Y_esd,MUT4_Fit_X,MUT4_Fit_Y,MUT4_Data_X,MUT4_Data_Y,MUT4_Data_Y_esd,MUT5_Fit_X,MUT5_Fit_Y,MUT5_Data_X,MUT5_Data_Y,MUT5_Data_Y_esd,MUT6_Fit_X,MUT6_Fit_Y,MUT6_Data_X,MUT6_Data_Y,MUT6_Data_Y_esd,,,,,,,,,
0,0.64673,0,0.6298,0.0018,0,0.64513,0,0.6763,2.00E-04,0,0.6779,0,0.6845,0.0025,0,0.65657,0,0.6812,0.0115,0,0.66145,0,0.6827,0.0043,0,0.67597,0,0.6716,0.0024,0,0.66294,0,0.6716,0.0024,0,0.67852,0,0.689,5.00E-04,,,,,,,,,
0.28,0.67395,2,0.8439,0.0011,0.28,0.66503,2,0.7734,0.0016,0.28,0.70209,2,0.8462,0,0.28,0.67759,2,0.7983,0.0111,0.28,0.68404,2,0.8162,0.0146,0.28,0.69593,2,0.8111,0.0037,0.28,0.68122,2,0.7772,0.007,0.28,0.69525,2,0.7933,0.0068,,,,,,,,,
0.56,0.70116,4,1.0437,0.0069,0.56,0.6848,4,0.8827,0.0245,0.56,0.72624,4,1.0151,0.0075,0.56,0.69848,4,0.9095,0.008,0.56,0.70652,4,0.9415,0.0012,0.56,0.71576,4,0.9489,0.0134,0.56,0.69938,4,0.9002,0.0099,0.56,0.71187,4,0.8884,0.0023,,,,,,,,,
0.84,0.72837,6,1.2489,0.0152,0.84,0.70441,6,1.01,0,0.84,0.75034,6,1.1683,0.0091,0.84,0.71922,6,1.063,0.0197,0.84,0.72889,6,1.106,0.0056,0.84,0.73545,6,1.073,0.0216,0.84,0.7174,6,1.0303,4.00E-04,0.84,0.72837,6,1.005,0.007,,,,,,,,,
1.12,0.75558,8,1.4349,0.0089,1.12,0.72388,8,1.1566,0.0071,1.12,0.77438,8,1.3176,0.0222,1.12,0.73982,8,1.1836,0.0013,1.12,0.75113,8,1.2311,0.0126,1.12,0.75499,8,1.1921,0.0083,1.12,0.73528,8,1.1328,0.0222,1.12,0.74475,8,1.1177,0.0033,,,,,,,,,
1.4,0.78278,10,1.5418,0.0026,1.4,0.74319,10,1.2637,0.0089,1.4,0.79835,10,1.4365,0.0112,1.4,0.76026,10,1.2813,0.0181,1.4,0.77325,10,1.3433,0.0046,1.4,0.77439,10,1.2662,0.0196,1.4,0.75303,10,1.2289,0.0016,1.4,0.76102,10,1.2,0.0055,,,,,,,,,
1.68,0.80998,12,1.554,0.0096,1.68,0.76234,12,1.3287,0.0065,1.68,0.82227,12,1.4978,0.0167,1.68,0.78053,12,1.3694,0.0164,1.68,0.79522,12,1.4203,0.0018,1.68,0.79363,12,1.3448,0.0073,1.68,0.77063,12,1.3072,0.0322,1.68,0.77717,12,1.2837,0.0068,,,,,,,,,
1.96,0.83718,14,1.5673,0.0018,1.96,0.78134,14,1.4171,0.0028,1.96,0.84611,14,1.5335,0.0081,1.96,0.80065,14,1.4515,7.00E-04,1.96,0.81706,14,1.476,0.0068,1.96,0.81271,14,1.418,0.0088,1.96,0.78808,14,1.359,0.0192,1.96,0.79319,14,1.3625,0.0143,,,,,,,,,
2.24,0.86437,16,1.5611,0.0184,2.24,0.80017,16,1.4645,0.0093,2.24,0.86987,16,1.5457,0.0081,2.24,0.82059,16,1.4928,0.0034,2.24,0.83874,16,1.5055,0.0206,2.24,0.83163,16,1.4488,0.0017,2.24,0.80539,16,1.4242,0.0161,2.24,0.8091,16,1.4185,0.0103,,,,,,,,,
2.52,0.89156,18,1.5699,0.0156,2.52,0.81883,18,1.5095,0.0067,2.52,0.89354,18,1.5637,0.0069,2.52,0.84035,18,1.5216,0.0175,2.52,0.86026,18,1.5331,0.0076,2.52,0.85038,18,1.4878,0.0042,2.52,0.82255,18,1.4619,0.0115,2.52,0.82488,18,1.4653,0.0281,,,,,,,,,
2.8,0.91874,20,1.5667,0.0027,2.8,0.83732,20,1.5441,0.0069,2.8,0.91713,20,1.57,0.002,2.8,0.85993,20,1.5442,0.0145,2.8,0.88161,20,1.5491,0.0076,2.8,0.86895,20,1.5169,0.0038,2.8,0.83955,20,1.5072,0.0034,2.8,0.84053,20,1.4976,0.0034,,,,,,,,,
3.08,0.94592,22,1.5702,0.0109,3.08,0.85563,22,1.5539,7.00E-04,3.08,0.94061,22,1.5649,0.0132,3.08,0.87932,22,1.5481,0.0136,3.08,0.90278,22,1.543,0.0085,3.08,0.88735,22,1.532,0.0037,3.08,0.8564,22,1.5189,0.0069,3.08,0.85606,22,1.524,3.00E-04,,,,,,,,,
3.36,0.97309,24,1.5619,0,3.36,0.87377,24,1.5707,0.003,3.36,0.96398,24,1.5665,0.0274,3.36,0.89851,24,1.5631,0,3.36,0.92376,24,1.566,0.0057,3.36,0.90555,24,1.5565,0.0077,3.36,0.87309,24,1.541,0.0026,3.36,0.87147,24,1.5437,0.0075,,,,,,,,,
3.64,1.00025,26,1.5813,0.0018,3.64,0.89172,26,1.5686,0.0139,3.64,0.98723,26,1.575,0.0011,3.64,0.91751,26,1.5728,0,3.64,0.94454,26,1.5701,0.0039,3.64,0.92357,26,1.5693,0.001,3.64,0.88961,26,1.5539,7.00E-04,3.64,0.88674,26,1.5559,0.0161,,,,,,,,,
3.92,1.02741,28,1.5782,0.0018,3.92,0.90948,28,1.5625,0.0204,3.92,1.01034,28,1.5888,0.0101,3.92,0.93629,28,1.5793,0.0151,3.92,0.96511,28,1.5687,0.0079,3.92,0.94139,28,1.5686,0.0061,3.92,0.90598,28,1.5728,0.002,3.92,0.90189,28,1.5645,0.0036,,,,,,,,,
4.2,1.05455,,,,4.2,0.92705,,,,4.2,1.03331,,,,4.2,0.95486,,,,4.2,0.98546,,,,4.2,0.959,,,,4.2,0.92217,,,,4.2,0.9169,,,,,,,,,,,,
4.48,1.08169,,,,4.48,0.94443,,,,4.48,1.05612,,,,4.48,0.9732,,,,4.48,1.00557,,,,4.48,0.97641,,,,4.48,0.9382,,,,4.48,0.93178,,,,,,,,,,,,
4.76,1.10881,,,,4.76,0.96161,,,,4.76,1.07875,,,,4.76,0.99132,,,,4.76,1.02544,,,,4.76,0.9936,,,,4.76,0.95406,,,,4.76,0.94653,,,,,,,,,,,,
5.04,1.13591,,,,5.04,0.97858,,,,5.04,1.10118,,,,5.04,1.00921,,,,5.04,1.04504,,,,5.04,1.01057,,,,5.04,0.96974,,,,5.04,0.96114,,,,,,,,,,,,
5.32,1.163,,,,5.32,0.99535,,,,5.32,1.12338,,,,5.32,1.02685,,,,5.32,1.06437,,,,5.32,1.02732,,,,5.32,0.98525,,,,5.32,0.97562,,,,,,,,,,,,
5.6,1.19006,,,,5.6,1.01192,,,,5.6,1.14535,,,,5.6,1.04425,,,,5.6,1.08341,,,,5.6,1.04383,,,,5.6,1.00058,,,,5.6,0.98996,,,,,,,,,,,,
5.88,1.21709,,,,5.88,1.02827,,,,5.88,1.16705,,,,5.88,1.06139,,,,5.88,1.10215,,,,5.88,1.06011,,,,5.88,1.01573,,,,5.88,1.00417,,,,,,,,,,,,
6.16,1.24409,,,,6.16,1.04441,,,,6.16,1.18844,,,,6.16,1.07827,,,,6.16,1.12057,,,,6.16,1.07614,,,,6.16,1.0307,,,,6.16,1.01824,,,,,,,,,,,,
6.44,1.27104,,,,6.44,1.06033,,,,6.44,1.20951,,,,6.44,1.09489,,,,6.44,1.13866,,,,6.44,1.09193,,,,6.44,1.04548,,,,6.44,1.03217,,,,,,,,,,,,
6.72,1.29794,,,,6.72,1.07603,,,,6.72,1.2302,,,,6.72,1.11124,,,,6.72,1.1564,,,,6.72,1.10746,,,,6.72,1.06008,,,,6.72,1.04596,,,,,,,,,,,,
7,1.32476,,,,7,1.0915,,,,7,1.25048,,,,7,1.12731,,,,7,1.17378,,,,7,1.12274,,,,7,1.07449,,,,7,1.05961,,,,,,,,,,,,
7.28,1.35148,,,,7.28,1.10676,,,,7.28,1.27031,,,,7.28,1.1431,,,,7.28,1.19079,,,,7.28,1.13776,,,,7.28,1.08871,,,,7.28,1.07312,,,,,,,,,,,,
7.56,1.37805,,,,7.56,1.12178,,,,7.56,1.28963,,,,7.56,1.1586,,,,7.56,1.20741,,,,7.56,1.15251,,,,7.56,1.10274,,,,7.56,1.08648,,,,,,,,,,,,
7.84,1.40442,,,,7.84,1.13657,,,,7.84,1.30841,,,,7.84,1.17382,,,,7.84,1.22362,,,,7.84,1.16699,,,,7.84,1.11658,,,,7.84,1.09971,,,,,,,,,,,,
8.12,1.43047,,,,8.12,1.15113,,,,8.12,1.32657,,,,8.12,1.18874,,,,8.12,1.23943,,,,8.12,1.18119,,,,8.12,1.13022,,,,8.12,1.11279,,,,,,,,,,,,
8.4,1.45602,,,,8.4,1.16546,,,,8.4,1.34408,,,,8.4,1.20336,,,,8.4,1.25481,,,,8.4,1.19512,,,,8.4,1.14367,,,,8.4,1.12573,,,,,,,,,,,,
8.68,1.48071,,,,8.68,1.17955,,,,8.68,1.36089,,,,8.68,1.21768,,,,8.68,1.26975,,,,8.68,1.20877,,,,8.68,1.15693,,,,8.68,1.13852,,,,,,,,,,,,
8.96,1.50387,,,,8.96,1.19341,,,,8.96,1.37693,,,,8.96,1.23169,,,,8.96,1.28425,,,,8.96,1.22214,,,,8.96,1.16998,,,,8.96,1.15117,,,,,,,,,,,,
9.24,1.5242,,,,9.24,1.20703,,,,9.24,1.39217,,,,9.24,1.2454,,,,9.24,1.2983,,,,9.24,1.23522,,,,9.24,1.18284,,,,9.24,1.16368,,,,,,,,,,,,
9.52,1.53993,,,,9.52,1.22041,,,,9.52,1.40657,,,,9.52,1.2588,,,,9.52,1.31189,,,,9.52,1.24802,,,,9.52,1.19551,,,,9.52,1.17604,,,,,,,,,,,,
9.8,1.55026,,,,9.8,1.23355,,,,9.8,1.42011,,,,9.8,1.27189,,,,9.8,1.32502,,,,9.8,1.26054,,,,9.8,1.20797,,,,9.8,1.18826,,,,,,,,,,,,
10.08,1.55638,,,,10.08,1.24645,,,,10.08,1.43277,,,,10.08,1.28467,,,,10.08,1.33768,,,,10.08,1.27276,,,,10.08,1.22024,,,,10.08,1.20033,,,,,,,,,,,,
10.36,1.56004,,,,10.36,1.25911,,,,10.36,1.44455,,,,10.36,1.29714,,,,10.36,1.34988,,,,10.36,1.2847,,,,10.36,1.23231,,,,10.36,1.21225,,,,,,,,,,,,
10.64,1.56235,,,,10.64,1.27153,,,,10.64,1.45545,,,,10.64,1.30929,,,,10.64,1.36162,,,,10.64,1.29635,,,,10.64,1.24417,,,,10.64,1.22403,,,,,,,,,,,,
10.92,1.56391,,,,10.92,1.28372,,,,10.92,1.46551,,,,10.92,1.32114,,,,10.92,1.3729,,,,10.92,1.30772,,,,10.92,1.25584,,,,10.92,1.23567,,,,,,,,,,,,
11.2,1.56502,,,,11.2,1.29566,,,,11.2,1.47476,,,,11.2,1.33268,,,,11.2,1.38373,,,,11.2,1.3188,,,,11.2,1.26732,,,,11.2,1.24716,,,,,,,,,,,,
11.48,1.56585,,,,11.48,1.30737,,,,11.48,1.48324,,,,11.48,1.34392,,,,11.48,1.39411,,,,11.48,1.32959,,,,11.48,1.27859,,,,11.48,1.2585,,,,,,,,,,,,
11.76,1.56649,,,,11.76,1.31884,,,,11.76,1.49099,,,,11.76,1.35485,,,,11.76,1.40405,,,,11.76,1.34011,,,,11.76,1.28967,,,,11.76,1.2697,,,,,,,,,,,,
12.04,1.567,,,,12.04,1.33007,,,,12.04,1.49807,,,,12.04,1.36548,,,,12.04,1.41356,,,,12.04,1.35034,,,,12.04,1.30055,,,,12.04,1.28075,,,,,,,,,,,,
12.32,1.56741,,,,12.32,1.34107,,,,12.32,1.50452,,,,12.32,1.37581,,,,12.32,1.42264,,,,12.32,1.3603,,,,12.32,1.31123,,,,12.32,1.29166,,,,,,,,,,,,
12.6,1.56775,,,,12.6,1.35183,,,,12.6,1.51041,,,,12.6,1.38585,,,,12.6,1.43133,,,,12.6,1.36999,,,,12.6,1.32172,,,,12.6,1.30243,,,,,,,,,,,,
12.88,1.56803,,,,12.88,1.36236,,,,12.88,1.51578,,,,12.88,1.39559,,,,12.88,1.43961,,,,12.88,1.3794,,,,12.88,1.33202,,,,12.88,1.31304,,,,,,,,,,,,
13.16,1.56827,,,,13.16,1.37267,,,,13.16,1.52069,,,,13.16,1.40505,,,,13.16,1.44752,,,,13.16,1.38855,,,,13.16,1.34212,,,,13.16,1.32352,,,,,,,,,,,,
13.44,1.56848,,,,13.44,1.38274,,,,13.44,1.52516,,,,13.44,1.41423,,,,13.44,1.45506,,,,13.44,1.39744,,,,13.44,1.35203,,,,13.44,1.33385,,,,,,,,,,,,
13.72,1.56867,,,,13.72,1.39259,,,,13.72,1.52925,,,,13.72,1.42313,,,,13.72,1.46224,,,,13.72,1.40606,,,,13.72,1.36175,,,,13.72,1.34403,,,,,,,,,,,,
14,1.56883,,,,14,1.40221,,,,14,1.533,,,,14,1.43176,,,,14,1.46908,,,,14,1.41444,,,,14,1.37127,,,,14,1.35407,,,,,,,,,,,,
14.28,1.56897,,,,14.28,1.41161,,,,14.28,1.53643,,,,14.28,1.44012,,,,14.28,1.47559,,,,14.28,1.42256,,,,14.28,1.38061,,,,14.28,1.36397,,,,,,,,,,,,
14.56,1.56909,,,,14.56,1.4208,,,,14.56,1.53958,,,,14.56,1.44822,,,,14.56,1.48179,,,,14.56,1.43044,,,,14.56,1.38976,,,,14.56,1.37372,,,,,,,,,,,,
14.84,1.56921,,,,14.84,1.42976,,,,14.84,1.54247,,,,14.84,1.45606,,,,14.84,1.48769,,,,14.84,1.43807,,,,14.84,1.39872,,,,14.84,1.38332,,,,,,,,,,,,
15.12,1.56931,,,,15.12,1.4385,,,,15.12,1.54514,,,,15.12,1.46365,,,,15.12,1.4933,,,,15.12,1.44547,,,,15.12,1.4075,,,,15.12,1.39278,,,,,,,,,,,,
15.4,1.5694,,,,15.4,1.44703,,,,15.4,1.54759,,,,15.4,1.47098,,,,15.4,1.49864,,,,15.4,1.45263,,,,15.4,1.41609,,,,15.4,1.40209,,,,,,,,,,,,
15.68,1.56948,,,,15.68,1.45535,,,,15.68,1.54985,,,,15.68,1.47808,,,,15.68,1.50371,,,,15.68,1.45957,,,,15.68,1.42449,,,,15.68,1.41126,,,,,,,,,,,,
15.96,1.56956,,,,15.96,1.46345,,,,15.96,1.55193,,,,15.96,1.48493,,,,15.96,1.50853,,,,15.96,1.46627,,,,15.96,1.4327,,,,15.96,1.42027,,,,,,,,,,,,
16.24,1.56963,,,,16.24,1.47134,,,,16.24,1.55386,,,,16.24,1.49155,,,,16.24,1.5131,,,,16.24,1.47275,,,,16.24,1.44073,,,,16.24,1.42913,,,,,,,,,,,,
16.52,1.5697,,,,16.52,1.47902,,,,16.52,1.55563,,,,16.52,1.49793,,,,16.52,1.51744,,,,16.52,1.47901,,,,16.52,1.44857,,,,16.52,1.43784,,,,,,,,,,,,
16.8,1.56976,,,,16.8,1.48647,,,,16.8,1.55727,,,,16.8,1.50408,,,,16.8,1.52156,,,,16.8,1.48505,,,,16.8,1.45621,,,,16.8,1.44638,,,,,,,,,,,,
17.08,1.56981,,,,17.08,1.49371,,,,17.08,1.55879,,,,17.08,1.50999,,,,17.08,1.52545,,,,17.08,1.49086,,,,17.08,1.46365,,,,17.08,1.45476,,,,,,,,,,,,
17.36,1.56986,,,,17.36,1.50072,,,,17.36,1.56019,,,,17.36,1.51567,,,,17.36,1.52912,,,,17.36,1.49645,,,,17.36,1.47089,,,,17.36,1.46296,,,,,,,,,,,,
17.64,1.56991,,,,17.64,1.50749,,,,17.64,1.56147,,,,17.64,1.5211,,,,17.64,1.53258,,,,17.64,1.50181,,,,17.64,1.47791,,,,17.64,1.47096,,,,,,,,,,,,
17.92,1.56996,,,,17.92,1.51401,,,,17.92,1.56266,,,,17.92,1.52629,,,,17.92,1.53583,,,,17.92,1.50693,,,,17.92,1.4847,,,,17.92,1.47876,,,,,,,,,,,,
18.2,1.57,,,,18.2,1.52026,,,,18.2,1.56375,,,,18.2,1.53121,,,,18.2,1.53886,,,,18.2,1.51179,,,,18.2,1.49124,,,,18.2,1.48632,,,,,,,,,,,,
18.48,1.57004,,,,18.48,1.52621,,,,18.48,1.56474,,,,18.48,1.53585,,,,18.48,1.54168,,,,18.48,1.51638,,,,18.48,1.49748,,,,18.48,1.49361,,,,,,,,,,,,
18.76,1.57008,,,,18.76,1.53181,,,,18.76,1.56565,,,,18.76,1.54018,,,,18.76,1.54427,,,,18.76,1.52067,,,,18.76,1.50339,,,,18.76,1.50056,,,,,,,,,,,,
19.04,1.57011,,,,19.04,1.53702,,,,19.04,1.56648,,,,19.04,1.54417,,,,19.04,1.54663,,,,19.04,1.52462,,,,19.04,1.5089,,,,19.04,1.50709,,,,,,,,,,,,
19.32,1.57014,,,,19.32,1.54175,,,,19.32,1.56723,,,,19.32,1.54778,,,,19.32,1.54875,,,,19.32,1.5282,,,,19.32,1.51394,,,,19.32,1.51309,,,,,,,,,,,,
19.6,1.57017,,,,19.6,1.54595,,,,19.6,1.56791,,,,19.6,1.55097,,,,19.6,1.55064,,,,19.6,1.53137,,,,19.6,1.5184,,,,19.6,1.51843,,,,,,,,,,,,
19.88,1.5702,,,,19.88,1.54954,,,,19.88,1.56852,,,,19.88,1.55372,,,,19.88,1.55229,,,,19.88,1.5341,,,,19.88,1.52221,,,,19.88,1.52296,,,,,,,,,,,,
20.16,1.57023,,,,20.16,1.5525,,,,20.16,1.56907,,,,20.16,1.55602,,,,20.16,1.55371,,,,20.16,1.53638,,,,20.16,1.52533,,,,20.16,1.52664,,,,,,,,,,,,
20.44,1.57026,,,,20.44,1.55487,,,,20.44,1.56956,,,,20.44,1.55791,,,,20.44,1.55492,,,,20.44,1.53824,,,,20.44,1.5278,,,,20.44,1.52948,,,,,,,,,,,,
20.72,1.57028,,,,20.72,1.55673,,,,20.72,1.57001,,,,20.72,1.55943,,,,20.72,1.55594,,,,20.72,1.53973,,,,20.72,1.5297,,,,20.72,1.53161,,,,,,,,,,,,
21,1.57031,,,,21,1.55817,,,,21,1.5704,,,,21,1.56065,,,,21,1.5568,,,,21,1.54092,,,,21,1.53116,,,,21,1.53321,,,,,,,,,,,,
21.28,1.57033,,,,21.28,1.55928,,,,21.28,1.57075,,,,21.28,1.56162,,,,21.28,1.55751,,,,21.28,1.54187,,,,21.28,1.53228,,,,21.28,1.53441,,,,,,,,,,,,
21.56,1.57035,,,,21.56,1.56016,,,,21.56,1.57107,,,,21.56,1.5624,,,,21.56,1.55811,,,,21.56,1.54263,,,,21.56,1.53315,,,,21.56,1.53533,,,,,,,,,,,,
21.84,1.57037,,,,21.84,1.56086,,,,21.84,1.57135,,,,21.84,1.56303,,,,21.84,1.55861,,,,21.84,1.54324,,,,21.84,1.53384,,,,21.84,1.53605,,,,,,,,,,,,
22.12,1.57039,,,,22.12,1.56143,,,,22.12,1.5716,,,,22.12,1.56355,,,,22.12,1.55904,,,,22.12,1.54374,,,,22.12,1.53439,,,,22.12,1.53661,,,,,,,,,,,,
22.4,1.57041,,,,22.4,1.56189,,,,22.4,1.57182,,,,22.4,1.56398,,,,22.4,1.5594,,,,22.4,1.54416,,,,22.4,1.53485,,,,22.4,1.53707,,,,,,,,,,,,
22.68,1.57043,,,,22.68,1.56227,,,,22.68,1.57202,,,,22.68,1.56434,,,,22.68,1.55971,,,,22.68,1.5445,,,,22.68,1.53522,,,,22.68,1.53745,,,,,,,,,,,,
22.96,1.57045,,,,22.96,1.5626,,,,22.96,1.57221,,,,22.96,1.56465,,,,22.96,1.55998,,,,22.96,1.5448,,,,22.96,1.53553,,,,22.96,1.53777,,,,,,,,,,,,
23.24,1.57046,,,,23.24,1.56287,,,,23.24,1.57237,,,,23.24,1.56491,,,,23.24,1.56021,,,,23.24,1.54505,,,,23.24,1.5358,,,,23.24,1.53804,,,,,,,,,,,,
23.52,1.57048,,,,23.52,1.56311,,,,23.52,1.57252,,,,23.52,1.56513,,,,23.52,1.56042,,,,23.52,1.54527,,,,23.52,1.53603,,,,23.52,1.53827,,,,,,,,,,,,
23.8,1.5705,,,,23.8,1.56332,,,,23.8,1.57265,,,,23.8,1.56533,,,,23.8,1.5606,,,,23.8,1.54546,,,,23.8,1.53622,,,,23.8,1.53846,,,,,,,,,,,,
24.08,1.57051,,,,24.08,1.5635,,,,24.08,1.57277,,,,24.08,1.56551,,,,24.08,1.56076,,,,24.08,1.54563,,,,24.08,1.5364,,,,24.08,1.53864,,,,,,,,,,,,
24.36,1.57052,,,,24.36,1.56365,,,,24.36,1.57289,,,,24.36,1.56566,,,,24.36,1.5609,,,,24.36,1.54577,,,,24.36,1.53655,,,,24.36,1.53879,,,,,,,,,,,,
24.64,1.57054,,,,24.64,1.5638,,,,24.64,1.57299,,,,24.64,1.5658,,,,24.64,1.56103,,,,24.64,1.54591,,,,24.64,1.53668,,,,24.64,1.53892,,,,,,,,,,,,
24.92,1.57055,,,,24.92,1.56392,,,,24.92,1.57308,,,,24.92,1.56592,,,,24.92,1.56114,,,,24.92,1.54602,,,,24.92,1.5368,,,,24.92,1.53904,,,,,,,,,,,,
25.2,1.57056,,,,25.2,1.56404,,,,25.2,1.57317,,,,25.2,1.56603,,,,25.2,1.56125,,,,25.2,1.54613,,,,25.2,1.53691,,,,25.2,1.53915,,,,,,,,,,,,
25.48,1.57058,,,,25.48,1.56414,,,,25.48,1.57325,,,,25.48,1.56613,,,,25.48,1.56134,,,,25.48,1.54622,,,,25.48,1.53701,,,,25.48,1.53925,,,,,,,,,,,,
25.76,1.57059,,,,25.76,1.56423,,,,25.76,1.57332,,,,25.76,1.56622,,,,25.76,1.56143,,,,25.76,1.54631,,,,25.76,1.5371,,,,25.76,1.53934,,,,,,,,,,,,
26.04,1.5706,,,,26.04,1.56432,,,,26.04,1.57339,,,,26.04,1.5663,,,,26.04,1.56151,,,,26.04,1.54639,,,,26.04,1.53718,,,,26.04,1.53942,,,,,,,,,,,,
26.32,1.57061,,,,26.32,1.56439,,,,26.32,1.57345,,,,26.32,1.56638,,,,26.32,1.56158,,,,26.32,1.54646,,,,26.32,1.53726,,,,26.32,1.53949,,,,,,,,,,,,
26.6,1.57062,,,,26.6,1.56446,,,,26.6,1.57351,,,,26.6,1.56645,,,,26.6,1.56165,,,,26.6,1.54653,,,,26.6,1.53732,,,,26.6,1.53956,,,,,,,,,,,,
26.88,1.57063,,,,26.88,1.56453,,,,26.88,1.57356,,,,26.88,1.56651,,,,26.88,1.56171,,,,26.88,1.54659,,,,26.88,1.53739,,,,26.88,1.53962,,,,,,,,,,,,
27.16,1.57064,,,,27.16,1.56459,,,,27.16,1.57362,,,,27.16,1.56657,,,,27.16,1.56177,,,,27.16,1.54665,,,,27.16,1.53744,,,,27.16,1.53968,,,,,,,,,,,,
27.44,1.57065,,,,27.44,1.56465,,,,27.44,1.57366,,,,27.44,1.56663,,,,27.44,1.56182,,,,27.44,1.5467,,,,27.44,1.5375,,,,27.44,1.53973,,,,,,,,,,,,
27.72,1.57066,,,,27.72,1.5647,,,,27.72,1.57371,,,,27.72,1.56668,,,,27.72,1.56187,,,,27.72,1.54675,,,,27.72,1.53755,,,,27.72,1.53978,,,,,,,,,,,,