gel,lane,digested_fraction,incubation_time
1,1,0.2814,18
1,3,0.3344,18
1,5,0.17370000000000002,18
1,7,0.5328,18
1,9,0.043,18
1,11,0.42450000000000004,18
1,13,0.0,18
1,15,0.0,18
1,17,0.0,18
1,19,0.0,18
1,21,0.3845,18
1,23,0.7392,18
2,1,0.0,18
2,3,0.157,18
2,5,0.361,18
2,7,0.14679999999999999,18
2,9,0.174,18
2,11,0.5743,18
2,13,0.0378,18
2,15,0.4551,18
2,17,0.899,18
2,19,0.0489,18
2,21,0.2439,18
2,23,0.0906,18
3,1,0.042699999999999995,18
3,3,0.17190000000000003,18
3,5,0.0255,18
3,7,0.139,18
3,9,0.2511,18
3,11,0.2698,18
3,13,0.3564,18
3,15,0.021099999999999997,18
3,17,0.023399999999999997,18
3,19,0.1377,18
3,21,0.0,18
3,23,0.0,18
4,1,0.19399999999999998,18
4,3,0.2235,18
4,5,0.0,18
4,7,0.6861,18
4,9,0.1886,18
4,11,0.06559999999999999,18
4,13,0.5753,18
4,15,0.026000000000000002,18
4,17,0.0,18
4,19,0.0,18
4,21,0.0,18
4,23,0.0141,18
5,1,0.057300000000000004,18
5,3,0.10210000000000001,18
5,5,0.0,18
5,7,0.31989999999999996,18
5,9,0.0,18
5,11,0.2821,18
5,13,0.1215,18
5,15,0.0,18
5,17,0.0078000000000000005,18
5,19,0.0,18
5,21,1.0,18
5,23,0.0,18
6,1,0.7553,18
6,3,1.0,18
6,5,1.0,18
6,7,0.0,18
6,9,0.0,18
6,11,0.0,18
6,13,0.9903,18
6,15,1.0,18
6,17,1.0,18
6,19,0.4792,18
6,21,0.7974,18
6,23,0.0,18
7,1,1.0,18
7,3,0.3993,18
7,5,0.0,18
7,7,1.0,18
7,9,0.0,18
7,11,1.0,18
7,13,0.35119999999999996,18
7,15,0.0,18
7,17,0.384,18
7,19,1.0,18
7,21,1.0,18
7,23,1.0,18
8,1,0.0,18
8,3,0.2285,18
8,5,0.4152,18
8,7,0.2217,18
8,9,0.0,18
8,11,0.4643,18
8,13,0.2919,18
8,15,0.0,18
8,17,0.0,18
8,19,1.0,18
8,21,1.0,18
8,23,1.0,18
