well_name,time,sfGFP_RFU,row,col,substrate,protease,replicate,RFU_t0sub
F1,0,5095.0,F,1,Tau1,1,1,0.0
F3,0,5280.0,F,3,Tau2,1,1,0.0
F5,0,5343.0,F,5,SAA,1,1,0.0
F7,0,4580.0,F,7,αSyn1,1,1,0.0
F9,0,5335.0,F,9,αSyn2,1,1,0.0
F11,0,2747.0,F,11,TDP43,1,1,0.0
F13,0,5880.0,F,13,TTR,1,1,0.0
G1,0,5273.0,G,1,Tau1,1,2,0.0
G3,0,5350.0,G,3,Tau2,1,2,0.0
G5,0,5240.0,G,5,SAA,1,2,0.0
G7,0,4952.0,G,7,αSyn1,1,2,0.0
G9,0,5462.0,G,9,αSyn2,1,2,0.0
G11,0,2937.0,G,11,TDP43,1,2,0.0
G13,0,5786.0,G,13,TTR,1,2,0.0
H1,0,4922.0,H,1,Tau1,1,3,0.0
H3,0,5220.0,H,3,Tau2,1,3,0.0
H5,0,5187.0,H,5,SAA,1,3,0.0
H7,0,4911.0,H,7,αSyn1,1,3,0.0
H9,0,5193.0,H,9,αSyn2,1,3,0.0
H11,0,2835.0,H,11,TDP43,1,3,0.0
H13,0,5335.0,H,13,TTR,1,3,0.0
F1,60,5180.0,F,1,Tau1,1,1,85.0
F3,60,5322.0,F,3,Tau2,1,1,42.0
F5,60,5391.0,F,5,SAA,1,1,48.0
F7,60,4627.0,F,7,αSyn1,1,1,47.0
F9,60,5378.0,F,9,αSyn2,1,1,43.0
F11,60,2781.0,F,11,TDP43,1,1,34.0
F13,60,6011.0,F,13,TTR,1,1,131.0
G1,60,5324.0,G,1,Tau1,1,2,51.0
G3,60,5401.0,G,3,Tau2,1,2,51.0
G5,60,5305.0,G,5,SAA,1,2,65.0
G7,60,4979.0,G,7,αSyn1,1,2,27.0
G9,60,5500.0,G,9,αSyn2,1,2,38.0
G11,60,2967.0,G,11,TDP43,1,2,30.0
G13,60,5913.0,G,13,TTR,1,2,127.0
H1,60,4988.0,H,1,Tau1,1,3,66.0
H3,60,5249.0,H,3,Tau2,1,3,29.0
H5,60,5238.0,H,5,SAA,1,3,51.0
H7,60,4979.0,H,7,αSyn1,1,3,68.0
H9,60,5248.0,H,9,αSyn2,1,3,55.0
H11,60,2868.0,H,11,TDP43,1,3,33.0
H13,60,5501.0,H,13,TTR,1,3,166.0
F1,120,5227.0,F,1,Tau1,1,1,132.0
F3,120,5359.0,F,3,Tau2,1,1,79.0
F5,120,5415.0,F,5,SAA,1,1,72.0
F7,120,4657.0,F,7,αSyn1,1,1,77.0
F9,120,5395.0,F,9,αSyn2,1,1,60.0
F11,120,2787.0,F,11,TDP43,1,1,40.0
F13,120,6145.0,F,13,TTR,1,1,265.0
G1,120,5362.0,G,1,Tau1,1,2,89.0
G3,120,5432.0,G,3,Tau2,1,2,82.0
G5,120,5323.0,G,5,SAA,1,2,83.0
G7,120,5032.0,G,7,αSyn1,1,2,80.0
G9,120,5547.0,G,9,αSyn2,1,2,85.0
G11,120,2993.0,G,11,TDP43,1,2,56.0
G13,120,6022.0,G,13,TTR,1,2,236.0
H1,120,5037.0,H,1,Tau1,1,3,115.0
H3,120,5300.0,H,3,Tau2,1,3,80.0
H5,120,5278.0,H,5,SAA,1,3,91.0
H7,120,4996.0,H,7,αSyn1,1,3,85.0
H9,120,5287.0,H,9,αSyn2,1,3,94.0
H11,120,2882.0,H,11,TDP43,1,3,47.0
H13,120,5637.0,H,13,TTR,1,3,302.0
F1,180,5271.0,F,1,Tau1,1,1,176.0
F3,180,5395.0,F,3,Tau2,1,1,115.0
F5,180,5456.0,F,5,SAA,1,1,113.0
F7,180,4684.0,F,7,αSyn1,1,1,104.0
F9,180,5430.0,F,9,αSyn2,1,1,95.0
F11,180,2820.0,F,11,TDP43,1,1,73.0
F13,180,6308.0,F,13,TTR,1,1,428.0
G1,180,5400.0,G,1,Tau1,1,2,127.0
G3,180,5459.0,G,3,Tau2,1,2,109.0
G5,180,5380.0,G,5,SAA,1,2,140.0
G7,180,5059.0,G,7,αSyn1,1,2,107.0
G9,180,5567.0,G,9,αSyn2,1,2,105.0
G11,180,3019.0,G,11,TDP43,1,2,82.0
G13,180,6169.0,G,13,TTR,1,2,383.0
H1,180,5077.0,H,1,Tau1,1,3,155.0
H3,180,5326.0,H,3,Tau2,1,3,106.0
H5,180,5322.0,H,5,SAA,1,3,135.0
H7,180,5027.0,H,7,αSyn1,1,3,116.0
H9,180,5311.0,H,9,αSyn2,1,3,118.0
H11,180,2901.0,H,11,TDP43,1,3,66.0
H13,180,5776.0,H,13,TTR,1,3,441.0
F1,240,5290.0,F,1,Tau1,1,1,195.0
F3,240,5423.0,F,3,Tau2,1,1,143.0
F5,240,5503.0,F,5,SAA,1,1,160.0
F7,240,4724.0,F,7,αSyn1,1,1,144.0
F9,240,5442.0,F,9,αSyn2,1,1,107.0
F11,240,2825.0,F,11,TDP43,1,1,78.0
F13,240,6418.0,F,13,TTR,1,1,538.0
G1,240,5439.0,G,1,Tau1,1,2,166.0
G3,240,5468.0,G,3,Tau2,1,2,118.0
G5,240,5412.0,G,5,SAA,1,2,172.0
G7,240,5079.0,G,7,αSyn1,1,2,127.0
G9,240,5578.0,G,9,αSyn2,1,2,116.0
G11,240,3041.0,G,11,TDP43,1,2,104.0
G13,240,6291.0,G,13,TTR,1,2,505.0
H1,240,5088.0,H,1,Tau1,1,3,166.0
H3,240,5342.0,H,3,Tau2,1,3,122.0
H5,240,5339.0,H,5,SAA,1,3,152.0
H7,240,5054.0,H,7,αSyn1,1,3,143.0
H9,240,5325.0,H,9,αSyn2,1,3,132.0
H11,240,2921.0,H,11,TDP43,1,3,86.0
H13,240,5930.0,H,13,TTR,1,3,595.0
F1,300,5344.0,F,1,Tau1,1,1,249.0
F3,300,5444.0,F,3,Tau2,1,1,164.0
F5,300,5494.0,F,5,SAA,1,1,151.0
F7,300,4749.0,F,7,αSyn1,1,1,169.0
F9,300,5470.0,F,9,αSyn2,1,1,135.0
F11,300,2838.0,F,11,TDP43,1,1,91.0
F13,300,6573.0,F,13,TTR,1,1,693.0
G1,300,5461.0,G,1,Tau1,1,2,188.0
G3,300,5523.0,G,3,Tau2,1,2,173.0
G5,300,5464.0,G,5,SAA,1,2,224.0
G7,300,5107.0,G,7,αSyn1,1,2,155.0
G9,300,5599.0,G,9,αSyn2,1,2,137.0
G11,300,3050.0,G,11,TDP43,1,2,113.0
G13,300,6421.0,G,13,TTR,1,2,635.0
H1,300,5147.0,H,1,Tau1,1,3,225.0
H3,300,5361.0,H,3,Tau2,1,3,141.0
H5,300,5363.0,H,5,SAA,1,3,176.0
H7,300,5075.0,H,7,αSyn1,1,3,164.0
H9,300,5357.0,H,9,αSyn2,1,3,164.0
H11,300,2931.0,H,11,TDP43,1,3,96.0
H13,300,6033.0,H,13,TTR,1,3,698.0
F1,360,5347.0,F,1,Tau1,1,1,252.0
F3,360,5439.0,F,3,Tau2,1,1,159.0
F5,360,5494.0,F,5,SAA,1,1,151.0
F7,360,4748.0,F,7,αSyn1,1,1,168.0
F9,360,5459.0,F,9,αSyn2,1,1,124.0
F11,360,2855.0,F,11,TDP43,1,1,108.0
F13,360,6675.0,F,13,TTR,1,1,795.0
G1,360,5470.0,G,1,Tau1,1,2,197.0
G3,360,5532.0,G,3,Tau2,1,2,182.0
G5,360,5459.0,G,5,SAA,1,2,219.0
G7,360,5112.0,G,7,αSyn1,1,2,160.0
G9,360,5608.0,G,9,αSyn2,1,2,146.0
G11,360,3059.0,G,11,TDP43,1,2,122.0
G13,360,6554.0,G,13,TTR,1,2,768.0
H1,360,5137.0,H,1,Tau1,1,3,215.0
H3,360,5371.0,H,3,Tau2,1,3,151.0
H5,360,5363.0,H,5,SAA,1,3,176.0
H7,360,5062.0,H,7,αSyn1,1,3,151.0
H9,360,5340.0,H,9,αSyn2,1,3,147.0
H11,360,2939.0,H,11,TDP43,1,3,104.0
H13,360,6176.0,H,13,TTR,1,3,841.0
F1,420,5344.0,F,1,Tau1,1,1,249.0
F3,420,5447.0,F,3,Tau2,1,1,167.0
F5,420,5508.0,F,5,SAA,1,1,165.0
F7,420,4752.0,F,7,αSyn1,1,1,172.0
F9,420,5477.0,F,9,αSyn2,1,1,142.0
F11,420,2856.0,F,11,TDP43,1,1,109.0
F13,420,6821.0,F,13,TTR,1,1,941.0
G1,420,5452.0,G,1,Tau1,1,2,179.0
G3,420,5538.0,G,3,Tau2,1,2,188.0
G5,420,5453.0,G,5,SAA,1,2,213.0
G7,420,5122.0,G,7,αSyn1,1,2,170.0
G9,420,5613.0,G,9,αSyn2,1,2,151.0
G11,420,3071.0,G,11,TDP43,1,2,134.0
G13,420,6691.0,G,13,TTR,1,2,905.0
H1,420,5144.0,H,1,Tau1,1,3,222.0
H3,420,5384.0,H,3,Tau2,1,3,164.0
H5,420,5378.0,H,5,SAA,1,3,191.0
H7,420,5080.0,H,7,αSyn1,1,3,169.0
H9,420,5359.0,H,9,αSyn2,1,3,166.0
H11,420,2941.0,H,11,TDP43,1,3,106.0
H13,420,6306.0,H,13,TTR,1,3,971.0
F1,480,5336.0,F,1,Tau1,1,1,241.0
F3,480,5448.0,F,3,Tau2,1,1,168.0
F5,480,5522.0,F,5,SAA,1,1,179.0
F7,480,4774.0,F,7,αSyn1,1,1,194.0
F9,480,5482.0,F,9,αSyn2,1,1,147.0
F11,480,2868.0,F,11,TDP43,1,1,121.0
F13,480,6948.0,F,13,TTR,1,1,1068.0
G1,480,5484.0,G,1,Tau1,1,2,211.0
G3,480,5544.0,G,3,Tau2,1,2,194.0
G5,480,5471.0,G,5,SAA,1,2,231.0
G7,480,5127.0,G,7,αSyn1,1,2,175.0
G9,480,5609.0,G,9,αSyn2,1,2,147.0
G11,480,3069.0,G,11,TDP43,1,2,132.0
G13,480,6799.0,G,13,TTR,1,2,1013.0
H1,480,5149.0,H,1,Tau1,1,3,227.0
H3,480,5388.0,H,3,Tau2,1,3,168.0
H5,480,5393.0,H,5,SAA,1,3,206.0
H7,480,5113.0,H,7,αSyn1,1,3,202.0
H9,480,5377.0,H,9,αSyn2,1,3,184.0
H11,480,2950.0,H,11,TDP43,1,3,115.0
H13,480,6440.0,H,13,TTR,1,3,1105.0
F1,540,5364.0,F,1,Tau1,1,1,269.0
F3,540,5483.0,F,3,Tau2,1,1,203.0
F5,540,5523.0,F,5,SAA,1,1,180.0
F7,540,4780.0,F,7,αSyn1,1,1,200.0
F9,540,5488.0,F,9,αSyn2,1,1,153.0
F11,540,2867.0,F,11,TDP43,1,1,120.0
F13,540,7080.0,F,13,TTR,1,1,1200.0
G1,540,5493.0,G,1,Tau1,1,2,220.0
G3,540,5562.0,G,3,Tau2,1,2,212.0
G5,540,5484.0,G,5,SAA,1,2,244.0
G7,540,5157.0,G,7,αSyn1,1,2,205.0
G9,540,5647.0,G,9,αSyn2,1,2,185.0
G11,540,3080.0,G,11,TDP43,1,2,143.0
G13,540,6959.0,G,13,TTR,1,2,1173.0
H1,540,5165.0,H,1,Tau1,1,3,243.0
H3,540,5418.0,H,3,Tau2,1,3,198.0
H5,540,5390.0,H,5,SAA,1,3,203.0
H7,540,5119.0,H,7,αSyn1,1,3,208.0
H9,540,5376.0,H,9,αSyn2,1,3,183.0
H11,540,2970.0,H,11,TDP43,1,3,135.0
H13,540,6571.0,H,13,TTR,1,3,1236.0
F1,600,5381.0,F,1,Tau1,1,1,286.0
F3,600,5481.0,F,3,Tau2,1,1,201.0
F5,600,5528.0,F,5,SAA,1,1,185.0
F7,600,4818.0,F,7,αSyn1,1,1,238.0
F9,600,5504.0,F,9,αSyn2,1,1,169.0
F11,600,2891.0,F,11,TDP43,1,1,144.0
F13,600,7241.0,F,13,TTR,1,1,1361.0
G1,600,5492.0,G,1,Tau1,1,2,219.0
G3,600,5574.0,G,3,Tau2,1,2,224.0
G5,600,5512.0,G,5,SAA,1,2,272.0
G7,600,5164.0,G,7,αSyn1,1,2,212.0
G9,600,5647.0,G,9,αSyn2,1,2,185.0
G11,600,3107.0,G,11,TDP43,1,2,170.0
G13,600,7096.0,G,13,TTR,1,2,1310.0
H1,600,5197.0,H,1,Tau1,1,3,275.0
H3,600,5429.0,H,3,Tau2,1,3,209.0
H5,600,5409.0,H,5,SAA,1,3,222.0
H7,600,5114.0,H,7,αSyn1,1,3,203.0
H9,600,5397.0,H,9,αSyn2,1,3,204.0
H11,600,2970.0,H,11,TDP43,1,3,135.0
H13,600,6732.0,H,13,TTR,1,3,1397.0
F1,660,5400.0,F,1,Tau1,1,1,305.0
F3,660,5501.0,F,3,Tau2,1,1,221.0
F5,660,5558.0,F,5,SAA,1,1,215.0
F7,660,4826.0,F,7,αSyn1,1,1,246.0
F9,660,5521.0,F,9,αSyn2,1,1,186.0
F11,660,2885.0,F,11,TDP43,1,1,138.0
F13,660,7379.0,F,13,TTR,1,1,1499.0
G1,660,5511.0,G,1,Tau1,1,2,238.0
G3,660,5563.0,G,3,Tau2,1,2,213.0
G5,660,5513.0,G,5,SAA,1,2,273.0
G7,660,5168.0,G,7,αSyn1,1,2,216.0
G9,660,5670.0,G,9,αSyn2,1,2,208.0
G11,660,3114.0,G,11,TDP43,1,2,177.0
G13,660,7206.0,G,13,TTR,1,2,1420.0
H1,660,5201.0,H,1,Tau1,1,3,279.0
H3,660,5432.0,H,3,Tau2,1,3,212.0
H5,660,5408.0,H,5,SAA,1,3,221.0
H7,660,5146.0,H,7,αSyn1,1,3,235.0
H9,660,5417.0,H,9,αSyn2,1,3,224.0
H11,660,2978.0,H,11,TDP43,1,3,143.0
H13,660,6875.0,H,13,TTR,1,3,1540.0
F1,720,5392.0,F,1,Tau1,1,1,297.0
F3,720,5500.0,F,3,Tau2,1,1,220.0
F5,720,5569.0,F,5,SAA,1,1,226.0
F7,720,4825.0,F,7,αSyn1,1,1,245.0
F9,720,5497.0,F,9,αSyn2,1,1,162.0
F11,720,2907.0,F,11,TDP43,1,1,160.0
F13,720,7504.0,F,13,TTR,1,1,1624.0
G1,720,5533.0,G,1,Tau1,1,2,260.0
G3,720,5575.0,G,3,Tau2,1,2,225.0
G5,720,5507.0,G,5,SAA,1,2,267.0
G7,720,5200.0,G,7,αSyn1,1,2,248.0
G9,720,5678.0,G,9,αSyn2,1,2,216.0
G11,720,3122.0,G,11,TDP43,1,2,185.0
G13,720,7376.0,G,13,TTR,1,2,1590.0
H1,720,5206.0,H,1,Tau1,1,3,284.0
H3,720,5435.0,H,3,Tau2,1,3,215.0
H5,720,5418.0,H,5,SAA,1,3,231.0
H7,720,5139.0,H,7,αSyn1,1,3,228.0
H9,720,5421.0,H,9,αSyn2,1,3,228.0
H11,720,2988.0,H,11,TDP43,1,3,153.0
H13,720,7005.0,H,13,TTR,1,3,1670.0
F1,780,5381.0,F,1,Tau1,1,1,286.0
F3,780,5504.0,F,3,Tau2,1,1,224.0
F5,780,5560.0,F,5,SAA,1,1,217.0
F7,780,4838.0,F,7,αSyn1,1,1,258.0
F9,780,5507.0,F,9,αSyn2,1,1,172.0
F11,780,2911.0,F,11,TDP43,1,1,164.0
F13,780,7631.0,F,13,TTR,1,1,1751.0
G1,780,5526.0,G,1,Tau1,1,2,253.0
G3,780,5582.0,G,3,Tau2,1,2,232.0
G5,780,5493.0,G,5,SAA,1,2,253.0
G7,780,5178.0,G,7,αSyn1,1,2,226.0
G9,780,5669.0,G,9,αSyn2,1,2,207.0
G11,780,3133.0,G,11,TDP43,1,2,196.0
G13,780,7503.0,G,13,TTR,1,2,1717.0
H1,780,5206.0,H,1,Tau1,1,3,284.0
H3,780,5437.0,H,3,Tau2,1,3,217.0
H5,780,5418.0,H,5,SAA,1,3,231.0
H7,780,5137.0,H,7,αSyn1,1,3,226.0
H9,780,5420.0,H,9,αSyn2,1,3,227.0
H11,780,2999.0,H,11,TDP43,1,3,164.0
H13,780,7141.0,H,13,TTR,1,3,1806.0
F1,840,5402.0,F,1,Tau1,1,1,307.0
F3,840,5496.0,F,3,Tau2,1,1,216.0
F5,840,5577.0,F,5,SAA,1,1,234.0
F7,840,4844.0,F,7,αSyn1,1,1,264.0
F9,840,5511.0,F,9,αSyn2,1,1,176.0
F11,840,2912.0,F,11,TDP43,1,1,165.0
F13,840,7793.0,F,13,TTR,1,1,1913.0
G1,840,5532.0,G,1,Tau1,1,2,259.0
G3,840,5588.0,G,3,Tau2,1,2,238.0
G5,840,5506.0,G,5,SAA,1,2,266.0
G7,840,5193.0,G,7,αSyn1,1,2,241.0
G9,840,5663.0,G,9,αSyn2,1,2,201.0
G11,840,3148.0,G,11,TDP43,1,2,211.0
G13,840,7623.0,G,13,TTR,1,2,1837.0
H1,840,5216.0,H,1,Tau1,1,3,294.0
H3,840,5426.0,H,3,Tau2,1,3,206.0
H5,840,5425.0,H,5,SAA,1,3,238.0
H7,840,5151.0,H,7,αSyn1,1,3,240.0
H9,840,5424.0,H,9,αSyn2,1,3,231.0
H11,840,3010.0,H,11,TDP43,1,3,175.0
H13,840,7282.0,H,13,TTR,1,3,1947.0
F1,900,5410.0,F,1,Tau1,1,1,315.0
F3,900,5498.0,F,3,Tau2,1,1,218.0
F5,900,5569.0,F,5,SAA,1,1,226.0
F7,900,4842.0,F,7,αSyn1,1,1,262.0
F9,900,5515.0,F,9,αSyn2,1,1,180.0
F11,900,2923.0,F,11,TDP43,1,1,176.0
F13,900,7922.0,F,13,TTR,1,1,2042.0
G1,900,5523.0,G,1,Tau1,1,2,250.0
G3,900,5584.0,G,3,Tau2,1,2,234.0
G5,900,5509.0,G,5,SAA,1,2,269.0
G7,900,5180.0,G,7,αSyn1,1,2,228.0
G9,900,5681.0,G,9,αSyn2,1,2,219.0
G11,900,3145.0,G,11,TDP43,1,2,208.0
G13,900,7736.0,G,13,TTR,1,2,1950.0
H1,900,5190.0,H,1,Tau1,1,3,268.0
H3,900,5418.0,H,3,Tau2,1,3,198.0
H5,900,5415.0,H,5,SAA,1,3,228.0
H7,900,5146.0,H,7,αSyn1,1,3,235.0
H9,900,5429.0,H,9,αSyn2,1,3,236.0
H11,900,3000.0,H,11,TDP43,1,3,165.0
H13,900,7380.0,H,13,TTR,1,3,2045.0
F1,960,5411.0,F,1,Tau1,1,1,316.0
F3,960,5491.0,F,3,Tau2,1,1,211.0
F5,960,5587.0,F,5,SAA,1,1,244.0
F7,960,4866.0,F,7,αSyn1,1,1,286.0
F9,960,5526.0,F,9,αSyn2,1,1,191.0
F11,960,2929.0,F,11,TDP43,1,1,182.0
F13,960,8023.0,F,13,TTR,1,1,2143.0
G1,960,5518.0,G,1,Tau1,1,2,245.0
G3,960,5605.0,G,3,Tau2,1,2,255.0
G5,960,5500.0,G,5,SAA,1,2,260.0
G7,960,5211.0,G,7,αSyn1,1,2,259.0
G9,960,5663.0,G,9,αSyn2,1,2,201.0
G11,960,3159.0,G,11,TDP43,1,2,222.0
G13,960,7858.0,G,13,TTR,1,2,2072.0
H1,960,5209.0,H,1,Tau1,1,3,287.0
H3,960,5428.0,H,3,Tau2,1,3,208.0
H5,960,5404.0,H,5,SAA,1,3,217.0
H7,960,5168.0,H,7,αSyn1,1,3,257.0
H9,960,5445.0,H,9,αSyn2,1,3,252.0
H11,960,3007.0,H,11,TDP43,1,3,172.0
H13,960,7512.0,H,13,TTR,1,3,2177.0
F1,1020,5397.0,F,1,Tau1,1,1,302.0
F3,1020,5511.0,F,3,Tau2,1,1,231.0
F5,1020,5578.0,F,5,SAA,1,1,235.0
F7,1020,4875.0,F,7,αSyn1,1,1,295.0
F9,1020,5502.0,F,9,αSyn2,1,1,167.0
F11,1020,2937.0,F,11,TDP43,1,1,190.0
F13,1020,8141.0,F,13,TTR,1,1,2261.0
G1,1020,5519.0,G,1,Tau1,1,2,246.0
G3,1020,5587.0,G,3,Tau2,1,2,237.0
G5,1020,5527.0,G,5,SAA,1,2,287.0
G7,1020,5208.0,G,7,αSyn1,1,2,256.0
G9,1020,5660.0,G,9,αSyn2,1,2,198.0
G11,1020,3167.0,G,11,TDP43,1,2,230.0
G13,1020,7985.0,G,13,TTR,1,2,2199.0
H1,1020,5217.0,H,1,Tau1,1,3,295.0
H3,1020,5448.0,H,3,Tau2,1,3,228.0
H5,1020,5430.0,H,5,SAA,1,3,243.0
H7,1020,5173.0,H,7,αSyn1,1,3,262.0
H9,1020,5430.0,H,9,αSyn2,1,3,237.0
H11,1020,3015.0,H,11,TDP43,1,3,180.0
H13,1020,7610.0,H,13,TTR,1,3,2275.0
F1,1080,5412.0,F,1,Tau1,1,1,317.0
F3,1080,5497.0,F,3,Tau2,1,1,217.0
F5,1080,5587.0,F,5,SAA,1,1,244.0
F7,1080,4884.0,F,7,αSyn1,1,1,304.0
F9,1080,5518.0,F,9,αSyn2,1,1,183.0
F11,1080,2944.0,F,11,TDP43,1,1,197.0
F13,1080,8288.0,F,13,TTR,1,1,2408.0
G1,1080,5520.0,G,1,Tau1,1,2,247.0
G3,1080,5590.0,G,3,Tau2,1,2,240.0
G5,1080,5510.0,G,5,SAA,1,2,270.0
G7,1080,5214.0,G,7,αSyn1,1,2,262.0
G9,1080,5690.0,G,9,αSyn2,1,2,228.0
G11,1080,3166.0,G,11,TDP43,1,2,229.0
G13,1080,8109.0,G,13,TTR,1,2,2323.0
H1,1080,5211.0,H,1,Tau1,1,3,289.0
H3,1080,5452.0,H,3,Tau2,1,3,232.0
H5,1080,5432.0,H,5,SAA,1,3,245.0
H7,1080,5174.0,H,7,αSyn1,1,3,263.0
H9,1080,5434.0,H,9,αSyn2,1,3,241.0
H11,1080,3021.0,H,11,TDP43,1,3,186.0
H13,1080,7766.0,H,13,TTR,1,3,2431.0
F1,1140,5422.0,F,1,Tau1,1,1,327.0
F3,1140,5505.0,F,3,Tau2,1,1,225.0
F5,1140,5568.0,F,5,SAA,1,1,225.0
F7,1140,4889.0,F,7,αSyn1,1,1,309.0
F9,1140,5512.0,F,9,αSyn2,1,1,177.0
F11,1140,2959.0,F,11,TDP43,1,1,212.0
F13,1140,8410.0,F,13,TTR,1,1,2530.0
G1,1140,5520.0,G,1,Tau1,1,2,247.0
G3,1140,5584.0,G,3,Tau2,1,2,234.0
G5,1140,5523.0,G,5,SAA,1,2,283.0
G7,1140,5235.0,G,7,αSyn1,1,2,283.0
G9,1140,5677.0,G,9,αSyn2,1,2,215.0
G11,1140,3173.0,G,11,TDP43,1,2,236.0
G13,1140,8205.0,G,13,TTR,1,2,2419.0
H1,1140,5209.0,H,1,Tau1,1,3,287.0
H3,1140,5439.0,H,3,Tau2,1,3,219.0
H5,1140,5424.0,H,5,SAA,1,3,237.0
H7,1140,5175.0,H,7,αSyn1,1,3,264.0
H9,1140,5451.0,H,9,αSyn2,1,3,258.0
H11,1140,3029.0,H,11,TDP43,1,3,194.0
H13,1140,7858.0,H,13,TTR,1,3,2523.0
F1,1200,5411.0,F,1,Tau1,1,1,316.0
F3,1200,5490.0,F,3,Tau2,1,1,210.0
F5,1200,5577.0,F,5,SAA,1,1,234.0
F7,1200,4895.0,F,7,αSyn1,1,1,315.0
F9,1200,5515.0,F,9,αSyn2,1,1,180.0
F11,1200,2963.0,F,11,TDP43,1,1,216.0
F13,1200,8500.0,F,13,TTR,1,1,2620.0
G1,1200,5510.0,G,1,Tau1,1,2,237.0
G3,1200,5579.0,G,3,Tau2,1,2,229.0
G5,1200,5501.0,G,5,SAA,1,2,261.0
G7,1200,5233.0,G,7,αSyn1,1,2,281.0
G9,1200,5658.0,G,9,αSyn2,1,2,196.0
G11,1200,3192.0,G,11,TDP43,1,2,255.0
G13,1200,8314.0,G,13,TTR,1,2,2528.0
H1,1200,5209.0,H,1,Tau1,1,3,287.0
H3,1200,5443.0,H,3,Tau2,1,3,223.0
H5,1200,5423.0,H,5,SAA,1,3,236.0
H7,1200,5178.0,H,7,αSyn1,1,3,267.0
H9,1200,5445.0,H,9,αSyn2,1,3,252.0
H11,1200,3038.0,H,11,TDP43,1,3,203.0
H13,1200,7957.0,H,13,TTR,1,3,2622.0
F1,1260,5408.0,F,1,Tau1,1,1,313.0
F3,1260,5472.0,F,3,Tau2,1,1,192.0
F5,1260,5568.0,F,5,SAA,1,1,225.0
F7,1260,4894.0,F,7,αSyn1,1,1,314.0
F9,1260,5505.0,F,9,αSyn2,1,1,170.0
F11,1260,2961.0,F,11,TDP43,1,1,214.0
F13,1260,8584.0,F,13,TTR,1,1,2704.0
G1,1260,5544.0,G,1,Tau1,1,2,271.0
G3,1260,5590.0,G,3,Tau2,1,2,240.0
G5,1260,5505.0,G,5,SAA,1,2,265.0
G7,1260,5217.0,G,7,αSyn1,1,2,265.0
G9,1260,5662.0,G,9,αSyn2,1,2,200.0
G11,1260,3203.0,G,11,TDP43,1,2,266.0
G13,1260,8415.0,G,13,TTR,1,2,2629.0
H1,1260,5210.0,H,1,Tau1,1,3,288.0
H3,1260,5421.0,H,3,Tau2,1,3,201.0
H5,1260,5439.0,H,5,SAA,1,3,252.0
H7,1260,5198.0,H,7,αSyn1,1,3,287.0
H9,1260,5439.0,H,9,αSyn2,1,3,246.0
H11,1260,3042.0,H,11,TDP43,1,3,207.0
H13,1260,8057.0,H,13,TTR,1,3,2722.0
F1,1320,5414.0,F,1,Tau1,1,1,319.0
F3,1320,5490.0,F,3,Tau2,1,1,210.0
F5,1320,5569.0,F,5,SAA,1,1,226.0
F7,1320,4889.0,F,7,αSyn1,1,1,309.0
F9,1320,5502.0,F,9,αSyn2,1,1,167.0
F11,1320,2981.0,F,11,TDP43,1,1,234.0
F13,1320,8680.0,F,13,TTR,1,1,2800.0
G1,1320,5533.0,G,1,Tau1,1,2,260.0
G3,1320,5574.0,G,3,Tau2,1,2,224.0
G5,1320,5484.0,G,5,SAA,1,2,244.0
G7,1320,5216.0,G,7,αSyn1,1,2,264.0
G9,1320,5673.0,G,9,αSyn2,1,2,211.0
G11,1320,3212.0,G,11,TDP43,1,2,275.0
G13,1320,8522.0,G,13,TTR,1,2,2736.0
H1,1320,5198.0,H,1,Tau1,1,3,276.0
H3,1320,5435.0,H,3,Tau2,1,3,215.0
H5,1320,5423.0,H,5,SAA,1,3,236.0
H7,1320,5171.0,H,7,αSyn1,1,3,260.0
H9,1320,5450.0,H,9,αSyn2,1,3,257.0
H11,1320,3058.0,H,11,TDP43,1,3,223.0
H13,1320,8127.0,H,13,TTR,1,3,2792.0
F1,1380,5406.0,F,1,Tau1,1,1,311.0
F3,1380,5483.0,F,3,Tau2,1,1,203.0
F5,1380,5573.0,F,5,SAA,1,1,230.0
F7,1380,4894.0,F,7,αSyn1,1,1,314.0
F9,1380,5499.0,F,9,αSyn2,1,1,164.0
F11,1380,2972.0,F,11,TDP43,1,1,225.0
F13,1380,8780.0,F,13,TTR,1,1,2900.0
G1,1380,5528.0,G,1,Tau1,1,2,255.0
G3,1380,5582.0,G,3,Tau2,1,2,232.0
G5,1380,5491.0,G,5,SAA,1,2,251.0
G7,1380,5204.0,G,7,αSyn1,1,2,252.0
G9,1380,5664.0,G,9,αSyn2,1,2,202.0
G11,1380,3211.0,G,11,TDP43,1,2,274.0
G13,1380,8583.0,G,13,TTR,1,2,2797.0
H1,1380,5204.0,H,1,Tau1,1,3,282.0
H3,1380,5432.0,H,3,Tau2,1,3,212.0
H5,1380,5418.0,H,5,SAA,1,3,231.0
H7,1380,5181.0,H,7,αSyn1,1,3,270.0
H9,1380,5449.0,H,9,αSyn2,1,3,256.0
H11,1380,3062.0,H,11,TDP43,1,3,227.0
H13,1380,8230.0,H,13,TTR,1,3,2895.0
F1,1440,5403.0,F,1,Tau1,1,1,308.0
F3,1440,5481.0,F,3,Tau2,1,1,201.0
F5,1440,5584.0,F,5,SAA,1,1,241.0
F7,1440,4890.0,F,7,αSyn1,1,1,310.0
F9,1440,5495.0,F,9,αSyn2,1,1,160.0
F11,1440,2987.0,F,11,TDP43,1,1,240.0
F13,1440,8864.0,F,13,TTR,1,1,2984.0
G1,1440,5520.0,G,1,Tau1,1,2,247.0
G3,1440,5595.0,G,3,Tau2,1,2,245.0
G5,1440,5500.0,G,5,SAA,1,2,260.0
G7,1440,5196.0,G,7,αSyn1,1,2,244.0
G9,1440,5658.0,G,9,αSyn2,1,2,196.0
G11,1440,3204.0,G,11,TDP43,1,2,267.0
G13,1440,8695.0,G,13,TTR,1,2,2909.0
H1,1440,5215.0,H,1,Tau1,1,3,293.0
H3,1440,5422.0,H,3,Tau2,1,3,202.0
H5,1440,5426.0,H,5,SAA,1,3,239.0
H7,1440,5165.0,H,7,αSyn1,1,3,254.0
H9,1440,5421.0,H,9,αSyn2,1,3,228.0
H11,1440,3066.0,H,11,TDP43,1,3,231.0
H13,1440,8308.0,H,13,TTR,1,3,2973.0
F1,1500,5406.0,F,1,Tau1,1,1,311.0
F3,1500,5499.0,F,3,Tau2,1,1,219.0
F5,1500,5591.0,F,5,SAA,1,1,248.0
F7,1500,4901.0,F,7,αSyn1,1,1,321.0
F9,1500,5521.0,F,9,αSyn2,1,1,186.0
F11,1500,2996.0,F,11,TDP43,1,1,249.0
F13,1500,8986.0,F,13,TTR,1,1,3106.0
G1,1500,5519.0,G,1,Tau1,1,2,246.0
G3,1500,5595.0,G,3,Tau2,1,2,245.0
G5,1500,5530.0,G,5,SAA,1,2,290.0
G7,1500,5231.0,G,7,αSyn1,1,2,279.0
G9,1500,5653.0,G,9,αSyn2,1,2,191.0
G11,1500,3229.0,G,11,TDP43,1,2,292.0
G13,1500,8801.0,G,13,TTR,1,2,3015.0
H1,1500,5201.0,H,1,Tau1,1,3,279.0
H3,1500,5438.0,H,3,Tau2,1,3,218.0
H5,1500,5428.0,H,5,SAA,1,3,241.0
H7,1500,5183.0,H,7,αSyn1,1,3,272.0
H9,1500,5456.0,H,9,αSyn2,1,3,263.0
H11,1500,3073.0,H,11,TDP43,1,3,238.0
H13,1500,8395.0,H,13,TTR,1,3,3060.0
F1,1560,5406.0,F,1,Tau1,1,1,311.0
F3,1560,5489.0,F,3,Tau2,1,1,209.0
F5,1560,5580.0,F,5,SAA,1,1,237.0
F7,1560,4922.0,F,7,αSyn1,1,1,342.0
F9,1560,5498.0,F,9,αSyn2,1,1,163.0
F11,1560,3008.0,F,11,TDP43,1,1,261.0
F13,1560,9084.0,F,13,TTR,1,1,3204.0
G1,1560,5518.0,G,1,Tau1,1,2,245.0
G3,1560,5595.0,G,3,Tau2,1,2,245.0
G5,1560,5518.0,G,5,SAA,1,2,278.0
G7,1560,5211.0,G,7,αSyn1,1,2,259.0
G9,1560,5671.0,G,9,αSyn2,1,2,209.0
G11,1560,3233.0,G,11,TDP43,1,2,296.0
G13,1560,8860.0,G,13,TTR,1,2,3074.0
H1,1560,5218.0,H,1,Tau1,1,3,296.0
H3,1560,5416.0,H,3,Tau2,1,3,196.0
H5,1560,5445.0,H,5,SAA,1,3,258.0
H7,1560,5181.0,H,7,αSyn1,1,3,270.0
H9,1560,5431.0,H,9,αSyn2,1,3,238.0
H11,1560,3089.0,H,11,TDP43,1,3,254.0
H13,1560,8479.0,H,13,TTR,1,3,3144.0
F1,1620,5431.0,F,1,Tau1,1,1,336.0
F3,1620,5503.0,F,3,Tau2,1,1,223.0
F5,1620,5597.0,F,5,SAA,1,1,254.0
F7,1620,4914.0,F,7,αSyn1,1,1,334.0
F9,1620,5522.0,F,9,αSyn2,1,1,187.0
F11,1620,3004.0,F,11,TDP43,1,1,257.0
F13,1620,9171.0,F,13,TTR,1,1,3291.0
G1,1620,5532.0,G,1,Tau1,1,2,259.0
G3,1620,5595.0,G,3,Tau2,1,2,245.0
G5,1620,5521.0,G,5,SAA,1,2,281.0
G7,1620,5219.0,G,7,αSyn1,1,2,267.0
G9,1620,5667.0,G,9,αSyn2,1,2,205.0
G11,1620,3253.0,G,11,TDP43,1,2,316.0
G13,1620,8928.0,G,13,TTR,1,2,3142.0
H1,1620,5213.0,H,1,Tau1,1,3,291.0
H3,1620,5447.0,H,3,Tau2,1,3,227.0
H5,1620,5444.0,H,5,SAA,1,3,257.0
H7,1620,5181.0,H,7,αSyn1,1,3,270.0
H9,1620,5440.0,H,9,αSyn2,1,3,247.0
H11,1620,3093.0,H,11,TDP43,1,3,258.0
H13,1620,8548.0,H,13,TTR,1,3,3213.0
F1,1680,5399.0,F,1,Tau1,1,1,304.0
F3,1680,5507.0,F,3,Tau2,1,1,227.0
F5,1680,5584.0,F,5,SAA,1,1,241.0
F7,1680,4915.0,F,7,αSyn1,1,1,335.0
F9,1680,5512.0,F,9,αSyn2,1,1,177.0
F11,1680,3021.0,F,11,TDP43,1,1,274.0
F13,1680,9207.0,F,13,TTR,1,1,3327.0
G1,1680,5522.0,G,1,Tau1,1,2,249.0
G3,1680,5592.0,G,3,Tau2,1,2,242.0
G5,1680,5536.0,G,5,SAA,1,2,296.0
G7,1680,5220.0,G,7,αSyn1,1,2,268.0
G9,1680,5685.0,G,9,αSyn2,1,2,223.0
G11,1680,3249.0,G,11,TDP43,1,2,312.0
G13,1680,9025.0,G,13,TTR,1,2,3239.0
H1,1680,5222.0,H,1,Tau1,1,3,300.0
H3,1680,5449.0,H,3,Tau2,1,3,229.0
H5,1680,5452.0,H,5,SAA,1,3,265.0
H7,1680,5188.0,H,7,αSyn1,1,3,277.0
H9,1680,5457.0,H,9,αSyn2,1,3,264.0
H11,1680,3108.0,H,11,TDP43,1,3,273.0
H13,1680,8635.0,H,13,TTR,1,3,3300.0
F1,1740,5433.0,F,1,Tau1,1,1,338.0
F3,1740,5493.0,F,3,Tau2,1,1,213.0
F5,1740,5587.0,F,5,SAA,1,1,244.0
F7,1740,4918.0,F,7,αSyn1,1,1,338.0
F9,1740,5521.0,F,9,αSyn2,1,1,186.0
F11,1740,3037.0,F,11,TDP43,1,1,290.0
F13,1740,9268.0,F,13,TTR,1,1,3388.0
G1,1740,5537.0,G,1,Tau1,1,2,264.0
G3,1740,5606.0,G,3,Tau2,1,2,256.0
G5,1740,5511.0,G,5,SAA,1,2,271.0
G7,1740,5226.0,G,7,αSyn1,1,2,274.0
G9,1740,5657.0,G,9,αSyn2,1,2,195.0
G11,1740,3261.0,G,11,TDP43,1,2,324.0
G13,1740,9095.0,G,13,TTR,1,2,3309.0
H1,1740,5225.0,H,1,Tau1,1,3,303.0
H3,1740,5431.0,H,3,Tau2,1,3,211.0
H5,1740,5451.0,H,5,SAA,1,3,264.0
H7,1740,5180.0,H,7,αSyn1,1,3,269.0
H9,1740,5453.0,H,9,αSyn2,1,3,260.0
H11,1740,3107.0,H,11,TDP43,1,3,272.0
H13,1740,8692.0,H,13,TTR,1,3,3357.0
F1,1800,5426.0,F,1,Tau1,1,1,331.0
F3,1800,5510.0,F,3,Tau2,1,1,230.0
F5,1800,5587.0,F,5,SAA,1,1,244.0
F7,1800,4914.0,F,7,αSyn1,1,1,334.0
F9,1800,5504.0,F,9,αSyn2,1,1,169.0
F11,1800,3037.0,F,11,TDP43,1,1,290.0
F13,1800,9333.0,F,13,TTR,1,1,3453.0
G1,1800,5532.0,G,1,Tau1,1,2,259.0
G3,1800,5597.0,G,3,Tau2,1,2,247.0
G5,1800,5504.0,G,5,SAA,1,2,264.0
G7,1800,5222.0,G,7,αSyn1,1,2,270.0
G9,1800,5657.0,G,9,αSyn2,1,2,195.0
G11,1800,3262.0,G,11,TDP43,1,2,325.0
G13,1800,9138.0,G,13,TTR,1,2,3352.0
H1,1800,5222.0,H,1,Tau1,1,3,300.0
H3,1800,5426.0,H,3,Tau2,1,3,206.0
H5,1800,5451.0,H,5,SAA,1,3,264.0
H7,1800,5182.0,H,7,αSyn1,1,3,271.0
H9,1800,5437.0,H,9,αSyn2,1,3,244.0
H11,1800,3105.0,H,11,TDP43,1,3,270.0
H13,1800,8767.0,H,13,TTR,1,3,3432.0
F1,1860,5434.0,F,1,Tau1,1,1,339.0
F3,1860,5509.0,F,3,Tau2,1,1,229.0
F5,1860,5599.0,F,5,SAA,1,1,256.0
F7,1860,4916.0,F,7,αSyn1,1,1,336.0
F9,1860,5503.0,F,9,αSyn2,1,1,168.0
F11,1860,3049.0,F,11,TDP43,1,1,302.0
F13,1860,9423.0,F,13,TTR,1,1,3543.0
G1,1860,5522.0,G,1,Tau1,1,2,249.0
G3,1860,5582.0,G,3,Tau2,1,2,232.0
G5,1860,5514.0,G,5,SAA,1,2,274.0
G7,1860,5240.0,G,7,αSyn1,1,2,288.0
G9,1860,5659.0,G,9,αSyn2,1,2,197.0
G11,1860,3275.0,G,11,TDP43,1,2,338.0
G13,1860,9221.0,G,13,TTR,1,2,3435.0
H1,1860,5219.0,H,1,Tau1,1,3,297.0
H3,1860,5448.0,H,3,Tau2,1,3,228.0
H5,1860,5464.0,H,5,SAA,1,3,277.0
H7,1860,5192.0,H,7,αSyn1,1,3,281.0
H9,1860,5456.0,H,9,αSyn2,1,3,263.0
H11,1860,3122.0,H,11,TDP43,1,3,287.0
H13,1860,8831.0,H,13,TTR,1,3,3496.0
F1,1920,5417.0,F,1,Tau1,1,1,322.0
F3,1920,5497.0,F,3,Tau2,1,1,217.0
F5,1920,5587.0,F,5,SAA,1,1,244.0
F7,1920,4917.0,F,7,αSyn1,1,1,337.0
F9,1920,5511.0,F,9,αSyn2,1,1,176.0
F11,1920,3052.0,F,11,TDP43,1,1,305.0
F13,1920,9484.0,F,13,TTR,1,1,3604.0
G1,1920,5537.0,G,1,Tau1,1,2,264.0
G3,1920,5581.0,G,3,Tau2,1,2,231.0
G5,1920,5529.0,G,5,SAA,1,2,289.0
G7,1920,5208.0,G,7,αSyn1,1,2,256.0
G9,1920,5653.0,G,9,αSyn2,1,2,191.0
G11,1920,3272.0,G,11,TDP43,1,2,335.0
G13,1920,9289.0,G,13,TTR,1,2,3503.0
H1,1920,5208.0,H,1,Tau1,1,3,286.0
H3,1920,5431.0,H,3,Tau2,1,3,211.0
H5,1920,5442.0,H,5,SAA,1,3,255.0
H7,1920,5183.0,H,7,αSyn1,1,3,272.0
H9,1920,5459.0,H,9,αSyn2,1,3,266.0
H11,1920,3119.0,H,11,TDP43,1,3,284.0
H13,1920,8913.0,H,13,TTR,1,3,3578.0
F1,1980,5424.0,F,1,Tau1,1,1,329.0
F3,1980,5529.0,F,3,Tau2,1,1,249.0
F5,1980,5601.0,F,5,SAA,1,1,258.0
F7,1980,4927.0,F,7,αSyn1,1,1,347.0
F9,1980,5517.0,F,9,αSyn2,1,1,182.0
F11,1980,3060.0,F,11,TDP43,1,1,313.0
F13,1980,9527.0,F,13,TTR,1,1,3647.0
G1,1980,5553.0,G,1,Tau1,1,2,280.0
G3,1980,5601.0,G,3,Tau2,1,2,251.0
G5,1980,5523.0,G,5,SAA,1,2,283.0
G7,1980,5225.0,G,7,αSyn1,1,2,273.0
G9,1980,5666.0,G,9,αSyn2,1,2,204.0
G11,1980,3284.0,G,11,TDP43,1,2,347.0
G13,1980,9351.0,G,13,TTR,1,2,3565.0
H1,1980,5213.0,H,1,Tau1,1,3,291.0
H3,1980,5424.0,H,3,Tau2,1,3,204.0
H5,1980,5446.0,H,5,SAA,1,3,259.0
H7,1980,5187.0,H,7,αSyn1,1,3,276.0
H9,1980,5462.0,H,9,αSyn2,1,3,269.0
H11,1980,3123.0,H,11,TDP43,1,3,288.0
H13,1980,8940.0,H,13,TTR,1,3,3605.0
F1,2040,5436.0,F,1,Tau1,1,1,341.0
F3,2040,5512.0,F,3,Tau2,1,1,232.0
F5,2040,5608.0,F,5,SAA,1,1,265.0
F7,2040,4916.0,F,7,αSyn1,1,1,336.0
F9,2040,5509.0,F,9,αSyn2,1,1,174.0
F11,2040,3075.0,F,11,TDP43,1,1,328.0
F13,2040,9587.0,F,13,TTR,1,1,3707.0
G1,2040,5533.0,G,1,Tau1,1,2,260.0
G3,2040,5585.0,G,3,Tau2,1,2,235.0
G5,2040,5531.0,G,5,SAA,1,2,291.0
G7,2040,5234.0,G,7,αSyn1,1,2,282.0
G9,2040,5656.0,G,9,αSyn2,1,2,194.0
G11,2040,3290.0,G,11,TDP43,1,2,353.0
G13,2040,9373.0,G,13,TTR,1,2,3587.0
H1,2040,5224.0,H,1,Tau1,1,3,302.0
H3,2040,5425.0,H,3,Tau2,1,3,205.0
H5,2040,5439.0,H,5,SAA,1,3,252.0
H7,2040,5194.0,H,7,αSyn1,1,3,283.0
H9,2040,5445.0,H,9,αSyn2,1,3,252.0
H11,2040,3141.0,H,11,TDP43,1,3,306.0
H13,2040,8982.0,H,13,TTR,1,3,3647.0
F1,2100,5423.0,F,1,Tau1,1,1,328.0
F3,2100,5508.0,F,3,Tau2,1,1,228.0
F5,2100,5608.0,F,5,SAA,1,1,265.0
F7,2100,4925.0,F,7,αSyn1,1,1,345.0
F9,2100,5513.0,F,9,αSyn2,1,1,178.0
F11,2100,3075.0,F,11,TDP43,1,1,328.0
F13,2100,9653.0,F,13,TTR,1,1,3773.0
G1,2100,5542.0,G,1,Tau1,1,2,269.0
G3,2100,5592.0,G,3,Tau2,1,2,242.0
G5,2100,5543.0,G,5,SAA,1,2,303.0
G7,2100,5225.0,G,7,αSyn1,1,2,273.0
G9,2100,5672.0,G,9,αSyn2,1,2,210.0
G11,2100,3309.0,G,11,TDP43,1,2,372.0
G13,2100,9419.0,G,13,TTR,1,2,3633.0
H1,2100,5226.0,H,1,Tau1,1,3,304.0
H3,2100,5446.0,H,3,Tau2,1,3,226.0
H5,2100,5451.0,H,5,SAA,1,3,264.0
H7,2100,5190.0,H,7,αSyn1,1,3,279.0
H9,2100,5440.0,H,9,αSyn2,1,3,247.0
H11,2100,3144.0,H,11,TDP43,1,3,309.0
H13,2100,9068.0,H,13,TTR,1,3,3733.0
F1,2160,5437.0,F,1,Tau1,1,1,342.0
F3,2160,5512.0,F,3,Tau2,1,1,232.0
F5,2160,5619.0,F,5,SAA,1,1,276.0
F7,2160,4935.0,F,7,αSyn1,1,1,355.0
F9,2160,5514.0,F,9,αSyn2,1,1,179.0
F11,2160,3093.0,F,11,TDP43,1,1,346.0
F13,2160,9674.0,F,13,TTR,1,1,3794.0
G1,2160,5538.0,G,1,Tau1,1,2,265.0
G3,2160,5602.0,G,3,Tau2,1,2,252.0
G5,2160,5539.0,G,5,SAA,1,2,299.0
G7,2160,5231.0,G,7,αSyn1,1,2,279.0
G9,2160,5672.0,G,9,αSyn2,1,2,210.0
G11,2160,3305.0,G,11,TDP43,1,2,368.0
G13,2160,9469.0,G,13,TTR,1,2,3683.0
H1,2160,5248.0,H,1,Tau1,1,3,326.0
H3,2160,5427.0,H,3,Tau2,1,3,207.0
H5,2160,5458.0,H,5,SAA,1,3,271.0
H7,2160,5193.0,H,7,αSyn1,1,3,282.0
H9,2160,5443.0,H,9,αSyn2,1,3,250.0
H11,2160,3163.0,H,11,TDP43,1,3,328.0
H13,2160,9080.0,H,13,TTR,1,3,3745.0
F1,2220,5422.0,F,1,Tau1,1,1,327.0
F3,2220,5508.0,F,3,Tau2,1,1,228.0
F5,2220,5596.0,F,5,SAA,1,1,253.0
F7,2220,4918.0,F,7,αSyn1,1,1,338.0
F9,2220,5522.0,F,9,αSyn2,1,1,187.0
F11,2220,3097.0,F,11,TDP43,1,1,350.0
F13,2220,9762.0,F,13,TTR,1,1,3882.0
G1,2220,5542.0,G,1,Tau1,1,2,269.0
G3,2220,5609.0,G,3,Tau2,1,2,259.0
G5,2220,5536.0,G,5,SAA,1,2,296.0
G7,2220,5231.0,G,7,αSyn1,1,2,279.0
G9,2220,5655.0,G,9,αSyn2,1,2,193.0
G11,2220,3325.0,G,11,TDP43,1,2,388.0
G13,2220,9514.0,G,13,TTR,1,2,3728.0
H1,2220,5208.0,H,1,Tau1,1,3,286.0
H3,2220,5419.0,H,3,Tau2,1,3,199.0
H5,2220,5480.0,H,5,SAA,1,3,293.0
H7,2220,5193.0,H,7,αSyn1,1,3,282.0
H9,2220,5447.0,H,9,αSyn2,1,3,254.0
H11,2220,3172.0,H,11,TDP43,1,3,337.0
H13,2220,9122.0,H,13,TTR,1,3,3787.0
F1,2280,5410.0,F,1,Tau1,1,1,315.0
F3,2280,5512.0,F,3,Tau2,1,1,232.0
F5,2280,5615.0,F,5,SAA,1,1,272.0
F7,2280,4941.0,F,7,αSyn1,1,1,361.0
F9,2280,5516.0,F,9,αSyn2,1,1,181.0
F11,2280,3096.0,F,11,TDP43,1,1,349.0
F13,2280,9749.0,F,13,TTR,1,1,3869.0
G1,2280,5537.0,G,1,Tau1,1,2,264.0
G3,2280,5603.0,G,3,Tau2,1,2,253.0
G5,2280,5534.0,G,5,SAA,1,2,294.0
G7,2280,5227.0,G,7,αSyn1,1,2,275.0
G9,2280,5647.0,G,9,αSyn2,1,2,185.0
G11,2280,3344.0,G,11,TDP43,1,2,407.0
G13,2280,9566.0,G,13,TTR,1,2,3780.0
H1,2280,5218.0,H,1,Tau1,1,3,296.0
H3,2280,5429.0,H,3,Tau2,1,3,209.0
H5,2280,5466.0,H,5,SAA,1,3,279.0
H7,2280,5195.0,H,7,αSyn1,1,3,284.0
H9,2280,5451.0,H,9,αSyn2,1,3,258.0
H11,2280,3162.0,H,11,TDP43,1,3,327.0
H13,2280,9169.0,H,13,TTR,1,3,3834.0
F1,2340,5429.0,F,1,Tau1,1,1,334.0
F3,2340,5513.0,F,3,Tau2,1,1,233.0
F5,2340,5605.0,F,5,SAA,1,1,262.0
F7,2340,4931.0,F,7,αSyn1,1,1,351.0
F9,2340,5492.0,F,9,αSyn2,1,1,157.0
F11,2340,3101.0,F,11,TDP43,1,1,354.0
F13,2340,9754.0,F,13,TTR,1,1,3874.0
G1,2340,5543.0,G,1,Tau1,1,2,270.0
G3,2340,5585.0,G,3,Tau2,1,2,235.0
G5,2340,5545.0,G,5,SAA,1,2,305.0
G7,2340,5222.0,G,7,αSyn1,1,2,270.0
G9,2340,5656.0,G,9,αSyn2,1,2,194.0
G11,2340,3342.0,G,11,TDP43,1,2,405.0
G13,2340,9571.0,G,13,TTR,1,2,3785.0
H1,2340,5227.0,H,1,Tau1,1,3,305.0
H3,2340,5432.0,H,3,Tau2,1,3,212.0
H5,2340,5476.0,H,5,SAA,1,3,289.0
H7,2340,5202.0,H,7,αSyn1,1,3,291.0
H9,2340,5434.0,H,9,αSyn2,1,3,241.0
H11,2340,3179.0,H,11,TDP43,1,3,344.0
H13,2340,9206.0,H,13,TTR,1,3,3871.0
F1,2400,5423.0,F,1,Tau1,1,1,328.0
F3,2400,5507.0,F,3,Tau2,1,1,227.0
F5,2400,5606.0,F,5,SAA,1,1,263.0
F7,2400,4916.0,F,7,αSyn1,1,1,336.0
F9,2400,5505.0,F,9,αSyn2,1,1,170.0
F11,2400,3110.0,F,11,TDP43,1,1,363.0
F13,2400,9804.0,F,13,TTR,1,1,3924.0
G1,2400,5523.0,G,1,Tau1,1,2,250.0
G3,2400,5605.0,G,3,Tau2,1,2,255.0
G5,2400,5551.0,G,5,SAA,1,2,311.0
G7,2400,5209.0,G,7,αSyn1,1,2,257.0
G9,2400,5653.0,G,9,αSyn2,1,2,191.0
G11,2400,3350.0,G,11,TDP43,1,2,413.0
G13,2400,9625.0,G,13,TTR,1,2,3839.0
H1,2400,5206.0,H,1,Tau1,1,3,284.0
H3,2400,5419.0,H,3,Tau2,1,3,199.0
H5,2400,5461.0,H,5,SAA,1,3,274.0
H7,2400,5193.0,H,7,αSyn1,1,3,282.0
H9,2400,5433.0,H,9,αSyn2,1,3,240.0
H11,2400,3183.0,H,11,TDP43,1,3,348.0
H13,2400,9230.0,H,13,TTR,1,3,3895.0
F1,2460,5417.0,F,1,Tau1,1,1,322.0
F3,2460,5482.0,F,3,Tau2,1,1,202.0
F5,2460,5608.0,F,5,SAA,1,1,265.0
F7,2460,4947.0,F,7,αSyn1,1,1,367.0
F9,2460,5502.0,F,9,αSyn2,1,1,167.0
F11,2460,3111.0,F,11,TDP43,1,1,364.0
F13,2460,9854.0,F,13,TTR,1,1,3974.0
G1,2460,5543.0,G,1,Tau1,1,2,270.0
G3,2460,5592.0,G,3,Tau2,1,2,242.0
G5,2460,5555.0,G,5,SAA,1,2,315.0
G7,2460,5215.0,G,7,αSyn1,1,2,263.0
G9,2460,5655.0,G,9,αSyn2,1,2,193.0
G11,2460,3350.0,G,11,TDP43,1,2,413.0
G13,2460,9660.0,G,13,TTR,1,2,3874.0
H1,2460,5227.0,H,1,Tau1,1,3,305.0
H3,2460,5430.0,H,3,Tau2,1,3,210.0
H5,2460,5457.0,H,5,SAA,1,3,270.0
H7,2460,5188.0,H,7,αSyn1,1,3,277.0
H9,2460,5423.0,H,9,αSyn2,1,3,230.0
H11,2460,3186.0,H,11,TDP43,1,3,351.0
H13,2460,9286.0,H,13,TTR,1,3,3951.0
F1,2520,5411.0,F,1,Tau1,1,1,316.0
F3,2520,5486.0,F,3,Tau2,1,1,206.0
F5,2520,5629.0,F,5,SAA,1,1,286.0
F7,2520,4950.0,F,7,αSyn1,1,1,370.0
F9,2520,5520.0,F,9,αSyn2,1,1,185.0
F11,2520,3127.0,F,11,TDP43,1,1,380.0
F13,2520,9913.0,F,13,TTR,1,1,4033.0
G1,2520,5533.0,G,1,Tau1,1,2,260.0
G3,2520,5583.0,G,3,Tau2,1,2,233.0
G5,2520,5561.0,G,5,SAA,1,2,321.0
G7,2520,5223.0,G,7,αSyn1,1,2,271.0
G9,2520,5675.0,G,9,αSyn2,1,2,213.0
G11,2520,3361.0,G,11,TDP43,1,2,424.0
G13,2520,9707.0,G,13,TTR,1,2,3921.0
H1,2520,5233.0,H,1,Tau1,1,3,311.0
H3,2520,5440.0,H,3,Tau2,1,3,220.0
H5,2520,5502.0,H,5,SAA,1,3,315.0
H7,2520,5201.0,H,7,αSyn1,1,3,290.0
H9,2520,5448.0,H,9,αSyn2,1,3,255.0
H11,2520,3188.0,H,11,TDP43,1,3,353.0
H13,2520,9306.0,H,13,TTR,1,3,3971.0
F1,2580,5423.0,F,1,Tau1,1,1,328.0
F3,2580,5520.0,F,3,Tau2,1,1,240.0
F5,2580,5638.0,F,5,SAA,1,1,295.0
F7,2580,4933.0,F,7,αSyn1,1,1,353.0
F9,2580,5518.0,F,9,αSyn2,1,1,183.0
F11,2580,3138.0,F,11,TDP43,1,1,391.0
F13,2580,9950.0,F,13,TTR,1,1,4070.0
G1,2580,5546.0,G,1,Tau1,1,2,273.0
G3,2580,5590.0,G,3,Tau2,1,2,240.0
G5,2580,5531.0,G,5,SAA,1,2,291.0
G7,2580,5218.0,G,7,αSyn1,1,2,266.0
G9,2580,5665.0,G,9,αSyn2,1,2,203.0
G11,2580,3379.0,G,11,TDP43,1,2,442.0
G13,2580,9758.0,G,13,TTR,1,2,3972.0
H1,2580,5216.0,H,1,Tau1,1,3,294.0
H3,2580,5452.0,H,3,Tau2,1,3,232.0
H5,2580,5488.0,H,5,SAA,1,3,301.0
H7,2580,5198.0,H,7,αSyn1,1,3,287.0
H9,2580,5454.0,H,9,αSyn2,1,3,261.0
H11,2580,3219.0,H,11,TDP43,1,3,384.0
H13,2580,9385.0,H,13,TTR,1,3,4050.0
F1,2640,5423.0,F,1,Tau1,1,1,328.0
F3,2640,5499.0,F,3,Tau2,1,1,219.0
F5,2640,5628.0,F,5,SAA,1,1,285.0
F7,2640,4945.0,F,7,αSyn1,1,1,365.0
F9,2640,5526.0,F,9,αSyn2,1,1,191.0
F11,2640,3152.0,F,11,TDP43,1,1,405.0
F13,2640,9952.0,F,13,TTR,1,1,4072.0
G1,2640,5530.0,G,1,Tau1,1,2,257.0
G3,2640,5586.0,G,3,Tau2,1,2,236.0
G5,2640,5552.0,G,5,SAA,1,2,312.0
G7,2640,5244.0,G,7,αSyn1,1,2,292.0
G9,2640,5653.0,G,9,αSyn2,1,2,191.0
G11,2640,3386.0,G,11,TDP43,1,2,449.0
G13,2640,9760.0,G,13,TTR,1,2,3974.0
H1,2640,5226.0,H,1,Tau1,1,3,304.0
H3,2640,5439.0,H,3,Tau2,1,3,219.0
H5,2640,5465.0,H,5,SAA,1,3,278.0
H7,2640,5200.0,H,7,αSyn1,1,3,289.0
H9,2640,5440.0,H,9,αSyn2,1,3,247.0
H11,2640,3212.0,H,11,TDP43,1,3,377.0
H13,2640,9353.0,H,13,TTR,1,3,4018.0
F1,2700,5438.0,F,1,Tau1,1,1,343.0
F3,2700,5492.0,F,3,Tau2,1,1,212.0
F5,2700,5629.0,F,5,SAA,1,1,286.0
F7,2700,4930.0,F,7,αSyn1,1,1,350.0
F9,2700,5519.0,F,9,αSyn2,1,1,184.0
F11,2700,3147.0,F,11,TDP43,1,1,400.0
F13,2700,10003.0,F,13,TTR,1,1,4123.0
G1,2700,5533.0,G,1,Tau1,1,2,260.0
G3,2700,5601.0,G,3,Tau2,1,2,251.0
G5,2700,5580.0,G,5,SAA,1,2,340.0
G7,2700,5229.0,G,7,αSyn1,1,2,277.0
G9,2700,5649.0,G,9,αSyn2,1,2,187.0
G11,2700,3380.0,G,11,TDP43,1,2,443.0
G13,2700,9811.0,G,13,TTR,1,2,4025.0
H1,2700,5221.0,H,1,Tau1,1,3,299.0
H3,2700,5446.0,H,3,Tau2,1,3,226.0
H5,2700,5490.0,H,5,SAA,1,3,303.0
H7,2700,5198.0,H,7,αSyn1,1,3,287.0
H9,2700,5437.0,H,9,αSyn2,1,3,244.0
H11,2700,3219.0,H,11,TDP43,1,3,384.0
H13,2700,9388.0,H,13,TTR,1,3,4053.0
F1,2760,5417.0,F,1,Tau1,1,1,322.0
F3,2760,5495.0,F,3,Tau2,1,1,215.0
F5,2760,5642.0,F,5,SAA,1,1,299.0
F7,2760,4935.0,F,7,αSyn1,1,1,355.0
F9,2760,5506.0,F,9,αSyn2,1,1,171.0
F11,2760,3154.0,F,11,TDP43,1,1,407.0
F13,2760,9987.0,F,13,TTR,1,1,4107.0
G1,2760,5537.0,G,1,Tau1,1,2,264.0
G3,2760,5590.0,G,3,Tau2,1,2,240.0
G5,2760,5546.0,G,5,SAA,1,2,306.0
G7,2760,5233.0,G,7,αSyn1,1,2,281.0
G9,2760,5676.0,G,9,αSyn2,1,2,214.0
G11,2760,3385.0,G,11,TDP43,1,2,448.0
G13,2760,9810.0,G,13,TTR,1,2,4024.0
H1,2760,5225.0,H,1,Tau1,1,3,303.0
H3,2760,5442.0,H,3,Tau2,1,3,222.0
H5,2760,5478.0,H,5,SAA,1,3,291.0
H7,2760,5199.0,H,7,αSyn1,1,3,288.0
H9,2760,5437.0,H,9,αSyn2,1,3,244.0
H11,2760,3226.0,H,11,TDP43,1,3,391.0
H13,2760,9397.0,H,13,TTR,1,3,4062.0
F1,2820,5447.0,F,1,Tau1,1,1,352.0
F3,2820,5487.0,F,3,Tau2,1,1,207.0
F5,2820,5639.0,F,5,SAA,1,1,296.0
F7,2820,4937.0,F,7,αSyn1,1,1,357.0
F9,2820,5528.0,F,9,αSyn2,1,1,193.0
F11,2820,3181.0,F,11,TDP43,1,1,434.0
F13,2820,10066.0,F,13,TTR,1,1,4186.0
G1,2820,5530.0,G,1,Tau1,1,2,257.0
G3,2820,5606.0,G,3,Tau2,1,2,256.0
G5,2820,5575.0,G,5,SAA,1,2,335.0
G7,2820,5226.0,G,7,αSyn1,1,2,274.0
G9,2820,5664.0,G,9,αSyn2,1,2,202.0
G11,2820,3408.0,G,11,TDP43,1,2,471.0
G13,2820,9841.0,G,13,TTR,1,2,4055.0
H1,2820,5230.0,H,1,Tau1,1,3,308.0
H3,2820,5435.0,H,3,Tau2,1,3,215.0
H5,2820,5496.0,H,5,SAA,1,3,309.0
H7,2820,5192.0,H,7,αSyn1,1,3,281.0
H9,2820,5451.0,H,9,αSyn2,1,3,258.0
H11,2820,3236.0,H,11,TDP43,1,3,401.0
H13,2820,9455.0,H,13,TTR,1,3,4120.0
F1,2880,5416.0,F,1,Tau1,1,1,321.0
F3,2880,5495.0,F,3,Tau2,1,1,215.0
F5,2880,5642.0,F,5,SAA,1,1,299.0
F7,2880,4925.0,F,7,αSyn1,1,1,345.0
F9,2880,5499.0,F,9,αSyn2,1,1,164.0
F11,2880,3178.0,F,11,TDP43,1,1,431.0
F13,2880,10026.0,F,13,TTR,1,1,4146.0
G1,2880,5526.0,G,1,Tau1,1,2,253.0
G3,2880,5586.0,G,3,Tau2,1,2,236.0
G5,2880,5579.0,G,5,SAA,1,2,339.0
G7,2880,5219.0,G,7,αSyn1,1,2,267.0
G9,2880,5650.0,G,9,αSyn2,1,2,188.0
G11,2880,3423.0,G,11,TDP43,1,2,486.0
G13,2880,9820.0,G,13,TTR,1,2,4034.0
H1,2880,5239.0,H,1,Tau1,1,3,317.0
H3,2880,5437.0,H,3,Tau2,1,3,217.0
H5,2880,5483.0,H,5,SAA,1,3,296.0
H7,2880,5208.0,H,7,αSyn1,1,3,297.0
H9,2880,5463.0,H,9,αSyn2,1,3,270.0
H11,2880,3243.0,H,11,TDP43,1,3,408.0
H13,2880,9470.0,H,13,TTR,1,3,4135.0
F1,2940,5432.0,F,1,Tau1,1,1,337.0
F3,2940,5495.0,F,3,Tau2,1,1,215.0
F5,2940,5641.0,F,5,SAA,1,1,298.0
F7,2940,4946.0,F,7,αSyn1,1,1,366.0
F9,2940,5512.0,F,9,αSyn2,1,1,177.0
F11,2940,3178.0,F,11,TDP43,1,1,431.0
F13,2940,10095.0,F,13,TTR,1,1,4215.0
G1,2940,5544.0,G,1,Tau1,1,2,271.0
G3,2940,5588.0,G,3,Tau2,1,2,238.0
G5,2940,5569.0,G,5,SAA,1,2,329.0
G7,2940,5226.0,G,7,αSyn1,1,2,274.0
G9,2940,5656.0,G,9,αSyn2,1,2,194.0
G11,2940,3422.0,G,11,TDP43,1,2,485.0
G13,2940,9909.0,G,13,TTR,1,2,4123.0
H1,2940,5219.0,H,1,Tau1,1,3,297.0
H3,2940,5442.0,H,3,Tau2,1,3,222.0
H5,2940,5518.0,H,5,SAA,1,3,331.0
H7,2940,5192.0,H,7,αSyn1,1,3,281.0
H9,2940,5454.0,H,9,αSyn2,1,3,261.0
H11,2940,3268.0,H,11,TDP43,1,3,433.0
H13,2940,9480.0,H,13,TTR,1,3,4145.0
F1,3000,5429.0,F,1,Tau1,1,1,334.0
F3,3000,5520.0,F,3,Tau2,1,1,240.0
F5,3000,5651.0,F,5,SAA,1,1,308.0
F7,3000,4941.0,F,7,αSyn1,1,1,361.0
F9,3000,5500.0,F,9,αSyn2,1,1,165.0
F11,3000,3191.0,F,11,TDP43,1,1,444.0
F13,3000,10119.0,F,13,TTR,1,1,4239.0
G1,3000,5527.0,G,1,Tau1,1,2,254.0
G3,3000,5608.0,G,3,Tau2,1,2,258.0
G5,3000,5581.0,G,5,SAA,1,2,341.0
G7,3000,5225.0,G,7,αSyn1,1,2,273.0
G9,3000,5656.0,G,9,αSyn2,1,2,194.0
G11,3000,3437.0,G,11,TDP43,1,2,500.0
G13,3000,9930.0,G,13,TTR,1,2,4144.0
H1,3000,5220.0,H,1,Tau1,1,3,298.0
H3,3000,5437.0,H,3,Tau2,1,3,217.0
H5,3000,5511.0,H,5,SAA,1,3,324.0
H7,3000,5183.0,H,7,αSyn1,1,3,272.0
H9,3000,5452.0,H,9,αSyn2,1,3,259.0
H11,3000,3267.0,H,11,TDP43,1,3,432.0
H13,3000,9521.0,H,13,TTR,1,3,4186.0
F1,3060,5437.0,F,1,Tau1,1,1,342.0
F3,3060,5501.0,F,3,Tau2,1,1,221.0
F5,3060,5660.0,F,5,SAA,1,1,317.0
F7,3060,4961.0,F,7,αSyn1,1,1,381.0
F9,3060,5502.0,F,9,αSyn2,1,1,167.0
F11,3060,3201.0,F,11,TDP43,1,1,454.0
F13,3060,10152.0,F,13,TTR,1,1,4272.0
G1,3060,5533.0,G,1,Tau1,1,2,260.0
G3,3060,5592.0,G,3,Tau2,1,2,242.0
G5,3060,5559.0,G,5,SAA,1,2,319.0
G7,3060,5238.0,G,7,αSyn1,1,2,286.0
G9,3060,5640.0,G,9,αSyn2,1,2,178.0
G11,3060,3435.0,G,11,TDP43,1,2,498.0
G13,3060,9908.0,G,13,TTR,1,2,4122.0
H1,3060,5244.0,H,1,Tau1,1,3,322.0
H3,3060,5446.0,H,3,Tau2,1,3,226.0
H5,3060,5507.0,H,5,SAA,1,3,320.0
H7,3060,5186.0,H,7,αSyn1,1,3,275.0
H9,3060,5448.0,H,9,αSyn2,1,3,255.0
H11,3060,3271.0,H,11,TDP43,1,3,436.0
H13,3060,9522.0,H,13,TTR,1,3,4187.0
F1,3120,5427.0,F,1,Tau1,1,1,332.0
F3,3120,5484.0,F,3,Tau2,1,1,204.0
F5,3120,5651.0,F,5,SAA,1,1,308.0
F7,3120,4967.0,F,7,αSyn1,1,1,387.0
F9,3120,5501.0,F,9,αSyn2,1,1,166.0
F11,3120,3209.0,F,11,TDP43,1,1,462.0
F13,3120,10168.0,F,13,TTR,1,1,4288.0
G1,3120,5562.0,G,1,Tau1,1,2,289.0
G3,3120,5598.0,G,3,Tau2,1,2,248.0
G5,3120,5570.0,G,5,SAA,1,2,330.0
G7,3120,5231.0,G,7,αSyn1,1,2,279.0
G9,3120,5655.0,G,9,αSyn2,1,2,193.0
G11,3120,3445.0,G,11,TDP43,1,2,508.0
G13,3120,9955.0,G,13,TTR,1,2,4169.0
H1,3120,5237.0,H,1,Tau1,1,3,315.0
H3,3120,5446.0,H,3,Tau2,1,3,226.0
H5,3120,5516.0,H,5,SAA,1,3,329.0
H7,3120,5196.0,H,7,αSyn1,1,3,285.0
H9,3120,5436.0,H,9,αSyn2,1,3,243.0
H11,3120,3267.0,H,11,TDP43,1,3,432.0
H13,3120,9537.0,H,13,TTR,1,3,4202.0
F1,3180,5435.0,F,1,Tau1,1,1,340.0
F3,3180,5490.0,F,3,Tau2,1,1,210.0
F5,3180,5647.0,F,5,SAA,1,1,304.0
F7,3180,4947.0,F,7,αSyn1,1,1,367.0
F9,3180,5512.0,F,9,αSyn2,1,1,177.0
F11,3180,3213.0,F,11,TDP43,1,1,466.0
F13,3180,10182.0,F,13,TTR,1,1,4302.0
G1,3180,5545.0,G,1,Tau1,1,2,272.0
G3,3180,5589.0,G,3,Tau2,1,2,239.0
G5,3180,5568.0,G,5,SAA,1,2,328.0
G7,3180,5228.0,G,7,αSyn1,1,2,276.0
G9,3180,5654.0,G,9,αSyn2,1,2,192.0
G11,3180,3452.0,G,11,TDP43,1,2,515.0
G13,3180,9971.0,G,13,TTR,1,2,4185.0
H1,3180,5218.0,H,1,Tau1,1,3,296.0
H3,3180,5455.0,H,3,Tau2,1,3,235.0
H5,3180,5537.0,H,5,SAA,1,3,350.0
H7,3180,5202.0,H,7,αSyn1,1,3,291.0
H9,3180,5435.0,H,9,αSyn2,1,3,242.0
H11,3180,3304.0,H,11,TDP43,1,3,469.0
H13,3180,9564.0,H,13,TTR,1,3,4229.0
F1,3240,5425.0,F,1,Tau1,1,1,330.0
F3,3240,5487.0,F,3,Tau2,1,1,207.0
F5,3240,5665.0,F,5,SAA,1,1,322.0
F7,3240,4947.0,F,7,αSyn1,1,1,367.0
F9,3240,5501.0,F,9,αSyn2,1,1,166.0
F11,3240,3229.0,F,11,TDP43,1,1,482.0
F13,3240,10203.0,F,13,TTR,1,1,4323.0
G1,3240,5554.0,G,1,Tau1,1,2,281.0
G3,3240,5601.0,G,3,Tau2,1,2,251.0
G5,3240,5597.0,G,5,SAA,1,2,357.0
G7,3240,5216.0,G,7,αSyn1,1,2,264.0
G9,3240,5641.0,G,9,αSyn2,1,2,179.0
G11,3240,3456.0,G,11,TDP43,1,2,519.0
G13,3240,9986.0,G,13,TTR,1,2,4200.0
H1,3240,5227.0,H,1,Tau1,1,3,305.0
H3,3240,5437.0,H,3,Tau2,1,3,217.0
H5,3240,5515.0,H,5,SAA,1,3,328.0
H7,3240,5203.0,H,7,αSyn1,1,3,292.0
H9,3240,5443.0,H,9,αSyn2,1,3,250.0
H11,3240,3297.0,H,11,TDP43,1,3,462.0
H13,3240,9580.0,H,13,TTR,1,3,4245.0
F1,3300,5441.0,F,1,Tau1,1,1,346.0
F3,3300,5498.0,F,3,Tau2,1,1,218.0
F5,3300,5655.0,F,5,SAA,1,1,312.0
F7,3300,4959.0,F,7,αSyn1,1,1,379.0
F9,3300,5500.0,F,9,αSyn2,1,1,165.0
F11,3300,3225.0,F,11,TDP43,1,1,478.0
F13,3300,10183.0,F,13,TTR,1,1,4303.0
G1,3300,5548.0,G,1,Tau1,1,2,275.0
G3,3300,5581.0,G,3,Tau2,1,2,231.0
G5,3300,5608.0,G,5,SAA,1,2,368.0
G7,3300,5234.0,G,7,αSyn1,1,2,282.0
G9,3300,5661.0,G,9,αSyn2,1,2,199.0
G11,3300,3471.0,G,11,TDP43,1,2,534.0
G13,3300,10001.0,G,13,TTR,1,2,4215.0
H1,3300,5240.0,H,1,Tau1,1,3,318.0
H3,3300,5432.0,H,3,Tau2,1,3,212.0
H5,3300,5521.0,H,5,SAA,1,3,334.0
H7,3300,5191.0,H,7,αSyn1,1,3,280.0
H9,3300,5444.0,H,9,αSyn2,1,3,251.0
H11,3300,3289.0,H,11,TDP43,1,3,454.0
H13,3300,9621.0,H,13,TTR,1,3,4286.0
F1,3360,5431.0,F,1,Tau1,1,1,336.0
F3,3360,5494.0,F,3,Tau2,1,1,214.0
F5,3360,5660.0,F,5,SAA,1,1,317.0
F7,3360,4944.0,F,7,αSyn1,1,1,364.0
F9,3360,5487.0,F,9,αSyn2,1,1,152.0
F11,3360,3230.0,F,11,TDP43,1,1,483.0
F13,3360,10226.0,F,13,TTR,1,1,4346.0
G1,3360,5527.0,G,1,Tau1,1,2,254.0
G3,3360,5592.0,G,3,Tau2,1,2,242.0
G5,3360,5603.0,G,5,SAA,1,2,363.0
G7,3360,5234.0,G,7,αSyn1,1,2,282.0
G9,3360,5644.0,G,9,αSyn2,1,2,182.0
G11,3360,3473.0,G,11,TDP43,1,2,536.0
G13,3360,9995.0,G,13,TTR,1,2,4209.0
H1,3360,5236.0,H,1,Tau1,1,3,314.0
H3,3360,5437.0,H,3,Tau2,1,3,217.0
H5,3360,5515.0,H,5,SAA,1,3,328.0
H7,3360,5187.0,H,7,αSyn1,1,3,276.0
H9,3360,5432.0,H,9,αSyn2,1,3,239.0
H11,3360,3288.0,H,11,TDP43,1,3,453.0
H13,3360,9597.0,H,13,TTR,1,3,4262.0
F1,3420,5430.0,F,1,Tau1,1,1,335.0
F3,3420,5502.0,F,3,Tau2,1,1,222.0
F5,3420,5659.0,F,5,SAA,1,1,316.0
F7,3420,4945.0,F,7,αSyn1,1,1,365.0
F9,3420,5487.0,F,9,αSyn2,1,1,152.0
F11,3420,3237.0,F,11,TDP43,1,1,490.0
F13,3420,10219.0,F,13,TTR,1,1,4339.0
G1,3420,5532.0,G,1,Tau1,1,2,259.0
G3,3420,5593.0,G,3,Tau2,1,2,243.0
G5,3420,5612.0,G,5,SAA,1,2,372.0
G7,3420,5215.0,G,7,αSyn1,1,2,263.0
G9,3420,5646.0,G,9,αSyn2,1,2,184.0
G11,3420,3488.0,G,11,TDP43,1,2,551.0
G13,3420,10017.0,G,13,TTR,1,2,4231.0
H1,3420,5232.0,H,1,Tau1,1,3,310.0
H3,3420,5426.0,H,3,Tau2,1,3,206.0
H5,3420,5507.0,H,5,SAA,1,3,320.0
H7,3420,5190.0,H,7,αSyn1,1,3,279.0
H9,3420,5464.0,H,9,αSyn2,1,3,271.0
H11,3420,3305.0,H,11,TDP43,1,3,470.0
H13,3420,9608.0,H,13,TTR,1,3,4273.0
F1,3480,5410.0,F,1,Tau1,1,1,315.0
F3,3480,5486.0,F,3,Tau2,1,1,206.0
F5,3480,5661.0,F,5,SAA,1,1,318.0
F7,3480,4950.0,F,7,αSyn1,1,1,370.0
F9,3480,5498.0,F,9,αSyn2,1,1,163.0
F11,3480,3256.0,F,11,TDP43,1,1,509.0
F13,3480,10227.0,F,13,TTR,1,1,4347.0
G1,3480,5538.0,G,1,Tau1,1,2,265.0
G3,3480,5571.0,G,3,Tau2,1,2,221.0
G5,3480,5598.0,G,5,SAA,1,2,358.0
G7,3480,5223.0,G,7,αSyn1,1,2,271.0
G9,3480,5645.0,G,9,αSyn2,1,2,183.0
G11,3480,3483.0,G,11,TDP43,1,2,546.0
G13,3480,10010.0,G,13,TTR,1,2,4224.0
H1,3480,5214.0,H,1,Tau1,1,3,292.0
H3,3480,5433.0,H,3,Tau2,1,3,213.0
H5,3480,5520.0,H,5,SAA,1,3,333.0
H7,3480,5187.0,H,7,αSyn1,1,3,276.0
H9,3480,5446.0,H,9,αSyn2,1,3,253.0
H11,3480,3323.0,H,11,TDP43,1,3,488.0
H13,3480,9634.0,H,13,TTR,1,3,4299.0
F1,3540,5426.0,F,1,Tau1,1,1,331.0
F3,3540,5489.0,F,3,Tau2,1,1,209.0
F5,3540,5670.0,F,5,SAA,1,1,327.0
F7,3540,4959.0,F,7,αSyn1,1,1,379.0
F9,3540,5515.0,F,9,αSyn2,1,1,180.0
F11,3540,3252.0,F,11,TDP43,1,1,505.0
F13,3540,10222.0,F,13,TTR,1,1,4342.0
G1,3540,5519.0,G,1,Tau1,1,2,246.0
G3,3540,5605.0,G,3,Tau2,1,2,255.0
G5,3540,5615.0,G,5,SAA,1,2,375.0
G7,3540,5221.0,G,7,αSyn1,1,2,269.0
G9,3540,5656.0,G,9,αSyn2,1,2,194.0
G11,3540,3503.0,G,11,TDP43,1,2,566.0
G13,3540,10080.0,G,13,TTR,1,2,4294.0
H1,3540,5233.0,H,1,Tau1,1,3,311.0
H3,3540,5448.0,H,3,Tau2,1,3,228.0
H5,3540,5532.0,H,5,SAA,1,3,345.0
H7,3540,5198.0,H,7,αSyn1,1,3,287.0
H9,3540,5439.0,H,9,αSyn2,1,3,246.0
H11,3540,3313.0,H,11,TDP43,1,3,478.0
H13,3540,9681.0,H,13,TTR,1,3,4346.0
F1,3600,5435.0,F,1,Tau1,1,1,340.0
F3,3600,5523.0,F,3,Tau2,1,1,243.0
F5,3600,5689.0,F,5,SAA,1,1,346.0
F7,3600,4974.0,F,7,αSyn1,1,1,394.0
F9,3600,5504.0,F,9,αSyn2,1,1,169.0
F11,3600,3266.0,F,11,TDP43,1,1,519.0
F13,3600,10282.0,F,13,TTR,1,1,4402.0
G1,3600,5534.0,G,1,Tau1,1,2,261.0
G3,3600,5597.0,G,3,Tau2,1,2,247.0
G5,3600,5609.0,G,5,SAA,1,2,369.0
G7,3600,5251.0,G,7,αSyn1,1,2,299.0
G9,3600,5647.0,G,9,αSyn2,1,2,185.0
G11,3600,3505.0,G,11,TDP43,1,2,568.0
G13,3600,10070.0,G,13,TTR,1,2,4284.0
H1,3600,5229.0,H,1,Tau1,1,3,307.0
H3,3600,5432.0,H,3,Tau2,1,3,212.0
H5,3600,5540.0,H,5,SAA,1,3,353.0
H7,3600,5190.0,H,7,αSyn1,1,3,279.0
H9,3600,5461.0,H,9,αSyn2,1,3,268.0
H11,3600,3339.0,H,11,TDP43,1,3,504.0
H13,3600,9678.0,H,13,TTR,1,3,4343.0
F1,3660,5446.0,F,1,Tau1,1,1,351.0
F3,3660,5498.0,F,3,Tau2,1,1,218.0
F5,3660,5689.0,F,5,SAA,1,1,346.0
F7,3660,4956.0,F,7,αSyn1,1,1,376.0
F9,3660,5503.0,F,9,αSyn2,1,1,168.0
F11,3660,3265.0,F,11,TDP43,1,1,518.0
F13,3660,10293.0,F,13,TTR,1,1,4413.0
G1,3660,5547.0,G,1,Tau1,1,2,274.0
G3,3660,5598.0,G,3,Tau2,1,2,248.0
G5,3660,5609.0,G,5,SAA,1,2,369.0
G7,3660,5237.0,G,7,αSyn1,1,2,285.0
G9,3660,5656.0,G,9,αSyn2,1,2,194.0
G11,3660,3513.0,G,11,TDP43,1,2,576.0
G13,3660,10079.0,G,13,TTR,1,2,4293.0
H1,3660,5236.0,H,1,Tau1,1,3,314.0
H3,3660,5459.0,H,3,Tau2,1,3,239.0
H5,3660,5542.0,H,5,SAA,1,3,355.0
H7,3660,5202.0,H,7,αSyn1,1,3,291.0
H9,3660,5449.0,H,9,αSyn2,1,3,256.0
H11,3660,3343.0,H,11,TDP43,1,3,508.0
H13,3660,9680.0,H,13,TTR,1,3,4345.0
F1,3720,5426.0,F,1,Tau1,1,1,331.0
F3,3720,5484.0,F,3,Tau2,1,1,204.0
F5,3720,5681.0,F,5,SAA,1,1,338.0
F7,3720,4969.0,F,7,αSyn1,1,1,389.0
F9,3720,5509.0,F,9,αSyn2,1,1,174.0
F11,3720,3278.0,F,11,TDP43,1,1,531.0
F13,3720,10286.0,F,13,TTR,1,1,4406.0
G1,3720,5543.0,G,1,Tau1,1,2,270.0
G3,3720,5607.0,G,3,Tau2,1,2,257.0
G5,3720,5610.0,G,5,SAA,1,2,370.0
G7,3720,5230.0,G,7,αSyn1,1,2,278.0
G9,3720,5652.0,G,9,αSyn2,1,2,190.0
G11,3720,3526.0,G,11,TDP43,1,2,589.0
G13,3720,10084.0,G,13,TTR,1,2,4298.0
H1,3720,5237.0,H,1,Tau1,1,3,315.0
H3,3720,5440.0,H,3,Tau2,1,3,220.0
H5,3720,5547.0,H,5,SAA,1,3,360.0
H7,3720,5191.0,H,7,αSyn1,1,3,280.0
H9,3720,5430.0,H,9,αSyn2,1,3,237.0
H11,3720,3363.0,H,11,TDP43,1,3,528.0
H13,3720,9702.0,H,13,TTR,1,3,4367.0
I1,0,6606.0,I,1,Tau1,0,1,0.0
I3,0,6946.0,I,3,Tau2,0,1,0.0
I5,0,5908.0,I,5,SAA,0,1,0.0
I7,0,6130.0,I,7,αSyn1,0,1,0.0
I9,0,6658.0,I,9,αSyn2,0,1,0.0
I11,0,3642.0,I,11,TDP43,0,1,0.0
I13,0,6742.0,I,13,TTR,0,1,0.0
J1,0,6794.0,J,1,Tau1,0,2,0.0
J3,0,7212.0,J,3,Tau2,0,2,0.0
J5,0,6618.0,J,5,SAA,0,2,0.0
J7,0,6343.0,J,7,αSyn1,0,2,0.0
J9,0,6772.0,J,9,αSyn2,0,2,0.0
J11,0,3670.0,J,11,TDP43,0,2,0.0
J13,0,6701.0,J,13,TTR,0,2,0.0
K1,0,6486.0,K,1,Tau1,0,3,0.0
K3,0,7039.0,K,3,Tau2,0,3,0.0
K5,0,6505.0,K,5,SAA,0,3,0.0
K7,0,6189.0,K,7,αSyn1,0,3,0.0
K9,0,6776.0,K,9,αSyn2,0,3,0.0
K11,0,3711.0,K,11,TDP43,0,3,0.0
K13,0,6747.0,K,13,TTR,0,3,0.0
I1,60,6690.0,I,1,Tau1,0,1,84.0
I3,60,7001.0,I,3,Tau2,0,1,55.0
I5,60,5948.0,I,5,SAA,0,1,40.0
I7,60,6188.0,I,7,αSyn1,0,1,58.0
I9,60,6695.0,I,9,αSyn2,0,1,37.0
I11,60,3662.0,I,11,TDP43,0,1,20.0
I13,60,6806.0,I,13,TTR,0,1,64.0
J1,60,6837.0,J,1,Tau1,0,2,43.0
J3,60,7270.0,J,3,Tau2,0,2,58.0
J5,60,6664.0,J,5,SAA,0,2,46.0
J7,60,6391.0,J,7,αSyn1,0,2,48.0
J9,60,6826.0,J,9,αSyn2,0,2,54.0
J11,60,3697.0,J,11,TDP43,0,2,27.0
J13,60,6733.0,J,13,TTR,0,2,32.0
K1,60,6551.0,K,1,Tau1,0,3,65.0
K3,60,7077.0,K,3,Tau2,0,3,38.0
K5,60,6527.0,K,5,SAA,0,3,22.0
K7,60,6280.0,K,7,αSyn1,0,3,91.0
K9,60,6842.0,K,9,αSyn2,0,3,66.0
K11,60,3738.0,K,11,TDP43,0,3,27.0
K13,60,6807.0,K,13,TTR,0,3,60.0
I1,120,6694.0,I,1,Tau1,0,1,88.0
I3,120,7049.0,I,3,Tau2,0,1,103.0
I5,120,5992.0,I,5,SAA,0,1,84.0
I7,120,6201.0,I,7,αSyn1,0,1,71.0
I9,120,6717.0,I,9,αSyn2,0,1,59.0
I11,120,3693.0,I,11,TDP43,0,1,51.0
I13,120,6814.0,I,13,TTR,0,1,72.0
J1,120,6863.0,J,1,Tau1,0,2,69.0
J3,120,7316.0,J,3,Tau2,0,2,104.0
J5,120,6692.0,J,5,SAA,0,2,74.0
J7,120,6421.0,J,7,αSyn1,0,2,78.0
J9,120,6852.0,J,9,αSyn2,0,2,80.0
J11,120,3724.0,J,11,TDP43,0,2,54.0
J13,120,6745.0,J,13,TTR,0,2,44.0
K1,120,6555.0,K,1,Tau1,0,3,69.0
K3,120,7104.0,K,3,Tau2,0,3,65.0
K5,120,6574.0,K,5,SAA,0,3,69.0
K7,120,6281.0,K,7,αSyn1,0,3,92.0
K9,120,6848.0,K,9,αSyn2,0,3,72.0
K11,120,3751.0,K,11,TDP43,0,3,40.0
K13,120,6822.0,K,13,TTR,0,3,75.0
I1,180,6755.0,I,1,Tau1,0,1,149.0
I3,180,7077.0,I,3,Tau2,0,1,131.0
I5,180,6009.0,I,5,SAA,0,1,101.0
I7,180,6255.0,I,7,αSyn1,0,1,125.0
I9,180,6750.0,I,9,αSyn2,0,1,92.0
I11,180,3707.0,I,11,TDP43,0,1,65.0
I13,180,6855.0,I,13,TTR,0,1,113.0
J1,180,6880.0,J,1,Tau1,0,2,86.0
J3,180,7324.0,J,3,Tau2,0,2,112.0
J5,180,6730.0,J,5,SAA,0,2,112.0
J7,180,6441.0,J,7,αSyn1,0,2,98.0
J9,180,6872.0,J,9,αSyn2,0,2,100.0
J11,180,3720.0,J,11,TDP43,0,2,50.0
J13,180,6786.0,J,13,TTR,0,2,85.0
K1,180,6591.0,K,1,Tau1,0,3,105.0
K3,180,7121.0,K,3,Tau2,0,3,82.0
K5,180,6596.0,K,5,SAA,0,3,91.0
K7,180,6343.0,K,7,αSyn1,0,3,154.0
K9,180,6882.0,K,9,αSyn2,0,3,106.0
K11,180,3774.0,K,11,TDP43,0,3,63.0
K13,180,6856.0,K,13,TTR,0,3,109.0
I1,240,6758.0,I,1,Tau1,0,1,152.0
I3,240,7081.0,I,3,Tau2,0,1,135.0
I5,240,6029.0,I,5,SAA,0,1,121.0
I7,240,6284.0,I,7,αSyn1,0,1,154.0
I9,240,6764.0,I,9,αSyn2,0,1,106.0
I11,240,3703.0,I,11,TDP43,0,1,61.0
I13,240,6860.0,I,13,TTR,0,1,118.0
J1,240,6913.0,J,1,Tau1,0,2,119.0
J3,240,7334.0,J,3,Tau2,0,2,122.0
J5,240,6730.0,J,5,SAA,0,2,112.0
J7,240,6459.0,J,7,αSyn1,0,2,116.0
J9,240,6928.0,J,9,αSyn2,0,2,156.0
J11,240,3724.0,J,11,TDP43,0,2,54.0
J13,240,6791.0,J,13,TTR,0,2,90.0
K1,240,6615.0,K,1,Tau1,0,3,129.0
K3,240,7146.0,K,3,Tau2,0,3,107.0
K5,240,6634.0,K,5,SAA,0,3,129.0
K7,240,6356.0,K,7,αSyn1,0,3,167.0
K9,240,6909.0,K,9,αSyn2,0,3,133.0
K11,240,3780.0,K,11,TDP43,0,3,69.0
K13,240,6840.0,K,13,TTR,0,3,93.0
I1,300,6766.0,I,1,Tau1,0,1,160.0
I3,300,7093.0,I,3,Tau2,0,1,147.0
I5,300,6053.0,I,5,SAA,0,1,145.0
I7,300,6284.0,I,7,αSyn1,0,1,154.0
I9,300,6783.0,I,9,αSyn2,0,1,125.0
I11,300,3716.0,I,11,TDP43,0,1,74.0
I13,300,6886.0,I,13,TTR,0,1,144.0
J1,300,6894.0,J,1,Tau1,0,2,100.0
J3,300,7330.0,J,3,Tau2,0,2,118.0
J5,300,6741.0,J,5,SAA,0,2,123.0
J7,300,6484.0,J,7,αSyn1,0,2,141.0
J9,300,6920.0,J,9,αSyn2,0,2,148.0
J11,300,3748.0,J,11,TDP43,0,2,78.0
J13,300,6788.0,J,13,TTR,0,2,87.0
K1,300,6614.0,K,1,Tau1,0,3,128.0
K3,300,7167.0,K,3,Tau2,0,3,128.0
K5,300,6634.0,K,5,SAA,0,3,129.0
K7,300,6372.0,K,7,αSyn1,0,3,183.0
K9,300,6931.0,K,9,αSyn2,0,3,155.0
K11,300,3794.0,K,11,TDP43,0,3,83.0
K13,300,6851.0,K,13,TTR,0,3,104.0
I1,360,6774.0,I,1,Tau1,0,1,168.0
I3,360,7100.0,I,3,Tau2,0,1,154.0
I5,360,6041.0,I,5,SAA,0,1,133.0
I7,360,6287.0,I,7,αSyn1,0,1,157.0
I9,360,6805.0,I,9,αSyn2,0,1,147.0
I11,360,3724.0,I,11,TDP43,0,1,82.0
I13,360,6865.0,I,13,TTR,0,1,123.0
J1,360,6904.0,J,1,Tau1,0,2,110.0
J3,360,7342.0,J,3,Tau2,0,2,130.0
J5,360,6753.0,J,5,SAA,0,2,135.0
J7,360,6488.0,J,7,αSyn1,0,2,145.0
J9,360,6906.0,J,9,αSyn2,0,2,134.0
J11,360,3752.0,J,11,TDP43,0,2,82.0
J13,360,6780.0,J,13,TTR,0,2,79.0
K1,360,6610.0,K,1,Tau1,0,3,124.0
K3,360,7145.0,K,3,Tau2,0,3,106.0
K5,360,6616.0,K,5,SAA,0,3,111.0
K7,360,6367.0,K,7,αSyn1,0,3,178.0
K9,360,6934.0,K,9,αSyn2,0,3,158.0
K11,360,3773.0,K,11,TDP43,0,3,62.0
K13,360,6855.0,K,13,TTR,0,3,108.0
I1,420,6750.0,I,1,Tau1,0,1,144.0
I3,420,7083.0,I,3,Tau2,0,1,137.0
I5,420,6041.0,I,5,SAA,0,1,133.0
I7,420,6275.0,I,7,αSyn1,0,1,145.0
I9,420,6790.0,I,9,αSyn2,0,1,132.0
I11,420,3728.0,I,11,TDP43,0,1,86.0
I13,420,6874.0,I,13,TTR,0,1,132.0
J1,420,6882.0,J,1,Tau1,0,2,88.0
J3,420,7343.0,J,3,Tau2,0,2,131.0
J5,420,6740.0,J,5,SAA,0,2,122.0
J7,420,6480.0,J,7,αSyn1,0,2,137.0
J9,420,6930.0,J,9,αSyn2,0,2,158.0
J11,420,3757.0,J,11,TDP43,0,2,87.0
J13,420,6783.0,J,13,TTR,0,2,82.0
K1,420,6602.0,K,1,Tau1,0,3,116.0
K3,420,7158.0,K,3,Tau2,0,3,119.0
K5,420,6635.0,K,5,SAA,0,3,130.0
K7,420,6364.0,K,7,αSyn1,0,3,175.0
K9,420,6945.0,K,9,αSyn2,0,3,169.0
K11,420,3794.0,K,11,TDP43,0,3,83.0
K13,420,6856.0,K,13,TTR,0,3,109.0
I1,480,6756.0,I,1,Tau1,0,1,150.0
I3,480,7076.0,I,3,Tau2,0,1,130.0
I5,480,6066.0,I,5,SAA,0,1,158.0
I7,480,6288.0,I,7,αSyn1,0,1,158.0
I9,480,6782.0,I,9,αSyn2,0,1,124.0
I11,480,3711.0,I,11,TDP43,0,1,69.0
I13,480,6847.0,I,13,TTR,0,1,105.0
J1,480,6901.0,J,1,Tau1,0,2,107.0
J3,480,7348.0,J,3,Tau2,0,2,136.0
J5,480,6755.0,J,5,SAA,0,2,137.0
J7,480,6483.0,J,7,αSyn1,0,2,140.0
J9,480,6909.0,J,9,αSyn2,0,2,137.0
J11,480,3762.0,J,11,TDP43,0,2,92.0
J13,480,6768.0,J,13,TTR,0,2,67.0
K1,480,6610.0,K,1,Tau1,0,3,124.0
K3,480,7156.0,K,3,Tau2,0,3,117.0
K5,480,6647.0,K,5,SAA,0,3,142.0
K7,480,6363.0,K,7,αSyn1,0,3,174.0
K9,480,6928.0,K,9,αSyn2,0,3,152.0
K11,480,3787.0,K,11,TDP43,0,3,76.0
K13,480,6841.0,K,13,TTR,0,3,94.0
I1,540,6762.0,I,1,Tau1,0,1,156.0
I3,540,7087.0,I,3,Tau2,0,1,141.0
I5,540,6065.0,I,5,SAA,0,1,157.0
I7,540,6300.0,I,7,αSyn1,0,1,170.0
I9,540,6806.0,I,9,αSyn2,0,1,148.0
I11,540,3740.0,I,11,TDP43,0,1,98.0
I13,540,6860.0,I,13,TTR,0,1,118.0
J1,540,6908.0,J,1,Tau1,0,2,114.0
J3,540,7362.0,J,3,Tau2,0,2,150.0
J5,540,6766.0,J,5,SAA,0,2,148.0
J7,540,6491.0,J,7,αSyn1,0,2,148.0
J9,540,6916.0,J,9,αSyn2,0,2,144.0
J11,540,3753.0,J,11,TDP43,0,2,83.0
J13,540,6808.0,J,13,TTR,0,2,107.0
K1,540,6592.0,K,1,Tau1,0,3,106.0
K3,540,7171.0,K,3,Tau2,0,3,132.0
K5,540,6641.0,K,5,SAA,0,3,136.0
K7,540,6359.0,K,7,αSyn1,0,3,170.0
K9,540,6941.0,K,9,αSyn2,0,3,165.0
K11,540,3796.0,K,11,TDP43,0,3,85.0
K13,540,6865.0,K,13,TTR,0,3,118.0
I1,600,6784.0,I,1,Tau1,0,1,178.0
I3,600,7117.0,I,3,Tau2,0,1,171.0
I5,600,6079.0,I,5,SAA,0,1,171.0
I7,600,6286.0,I,7,αSyn1,0,1,156.0
I9,600,6805.0,I,9,αSyn2,0,1,147.0
I11,600,3747.0,I,11,TDP43,0,1,105.0
I13,600,6858.0,I,13,TTR,0,1,116.0
J1,600,6911.0,J,1,Tau1,0,2,117.0
J3,600,7363.0,J,3,Tau2,0,2,151.0
J5,600,6789.0,J,5,SAA,0,2,171.0
J7,600,6489.0,J,7,αSyn1,0,2,146.0
J9,600,6915.0,J,9,αSyn2,0,2,143.0
J11,600,3781.0,J,11,TDP43,0,2,111.0
J13,600,6808.0,J,13,TTR,0,2,107.0
K1,600,6594.0,K,1,Tau1,0,3,108.0
K3,600,7163.0,K,3,Tau2,0,3,124.0
K5,600,6647.0,K,5,SAA,0,3,142.0
K7,600,6385.0,K,7,αSyn1,0,3,196.0
K9,600,6951.0,K,9,αSyn2,0,3,175.0
K11,600,3805.0,K,11,TDP43,0,3,94.0
K13,600,6857.0,K,13,TTR,0,3,110.0
I1,660,6771.0,I,1,Tau1,0,1,165.0
I3,660,7095.0,I,3,Tau2,0,1,149.0
I5,660,6095.0,I,5,SAA,0,1,187.0
I7,660,6291.0,I,7,αSyn1,0,1,161.0
I9,660,6830.0,I,9,αSyn2,0,1,172.0
I11,660,3751.0,I,11,TDP43,0,1,109.0
I13,660,6868.0,I,13,TTR,0,1,126.0
J1,660,6913.0,J,1,Tau1,0,2,119.0
J3,660,7357.0,J,3,Tau2,0,2,145.0
J5,660,6775.0,J,5,SAA,0,2,157.0
J7,660,6520.0,J,7,αSyn1,0,2,177.0
J9,660,6908.0,J,9,αSyn2,0,2,136.0
J11,660,3773.0,J,11,TDP43,0,2,103.0
J13,660,6802.0,J,13,TTR,0,2,101.0
K1,660,6616.0,K,1,Tau1,0,3,130.0
K3,660,7158.0,K,3,Tau2,0,3,119.0
K5,660,6679.0,K,5,SAA,0,3,174.0
K7,660,6398.0,K,7,αSyn1,0,3,209.0
K9,660,6955.0,K,9,αSyn2,0,3,179.0
K11,660,3821.0,K,11,TDP43,0,3,110.0
K13,660,6882.0,K,13,TTR,0,3,135.0
I1,720,6782.0,I,1,Tau1,0,1,176.0
I3,720,7113.0,I,3,Tau2,0,1,167.0
I5,720,6108.0,I,5,SAA,0,1,200.0
I7,720,6305.0,I,7,αSyn1,0,1,175.0
I9,720,6798.0,I,9,αSyn2,0,1,140.0
I11,720,3745.0,I,11,TDP43,0,1,103.0
I13,720,6865.0,I,13,TTR,0,1,123.0
J1,720,6908.0,J,1,Tau1,0,2,114.0
J3,720,7357.0,J,3,Tau2,0,2,145.0
J5,720,6781.0,J,5,SAA,0,2,163.0
J7,720,6496.0,J,7,αSyn1,0,2,153.0
J9,720,6933.0,J,9,αSyn2,0,2,161.0
J11,720,3779.0,J,11,TDP43,0,2,109.0
J13,720,6809.0,J,13,TTR,0,2,108.0
K1,720,6611.0,K,1,Tau1,0,3,125.0
K3,720,7151.0,K,3,Tau2,0,3,112.0
K5,720,6638.0,K,5,SAA,0,3,133.0
K7,720,6377.0,K,7,αSyn1,0,3,188.0
K9,720,6970.0,K,9,αSyn2,0,3,194.0
K11,720,3825.0,K,11,TDP43,0,3,114.0
K13,720,6846.0,K,13,TTR,0,3,99.0
I1,780,6762.0,I,1,Tau1,0,1,156.0
I3,780,7108.0,I,3,Tau2,0,1,162.0
I5,780,6088.0,I,5,SAA,0,1,180.0
I7,780,6288.0,I,7,αSyn1,0,1,158.0
I9,780,6816.0,I,9,αSyn2,0,1,158.0
I11,780,3741.0,I,11,TDP43,0,1,99.0
I13,780,6865.0,I,13,TTR,0,1,123.0
J1,780,6887.0,J,1,Tau1,0,2,93.0
J3,780,7340.0,J,3,Tau2,0,2,128.0
J5,780,6781.0,J,5,SAA,0,2,163.0
J7,780,6507.0,J,7,αSyn1,0,2,164.0
J9,780,6911.0,J,9,αSyn2,0,2,139.0
J11,780,3762.0,J,11,TDP43,0,2,92.0
J13,780,6805.0,J,13,TTR,0,2,104.0
K1,780,6587.0,K,1,Tau1,0,3,101.0
K3,780,7158.0,K,3,Tau2,0,3,119.0
K5,780,6673.0,K,5,SAA,0,3,168.0
K7,780,6383.0,K,7,αSyn1,0,3,194.0
K9,780,6964.0,K,9,αSyn2,0,3,188.0
K11,780,3792.0,K,11,TDP43,0,3,81.0
K13,780,6857.0,K,13,TTR,0,3,110.0
I1,840,6751.0,I,1,Tau1,0,1,145.0
I3,840,7132.0,I,3,Tau2,0,1,186.0
I5,840,6109.0,I,5,SAA,0,1,201.0
I7,840,6311.0,I,7,αSyn1,0,1,181.0
I9,840,6823.0,I,9,αSyn2,0,1,165.0
I11,840,3740.0,I,11,TDP43,0,1,98.0
I13,840,6877.0,I,13,TTR,0,1,135.0
J1,840,6923.0,J,1,Tau1,0,2,129.0
J3,840,7336.0,J,3,Tau2,0,2,124.0
J5,840,6780.0,J,5,SAA,0,2,162.0
J7,840,6508.0,J,7,αSyn1,0,2,165.0
J9,840,6925.0,J,9,αSyn2,0,2,153.0
J11,840,3787.0,J,11,TDP43,0,2,117.0
J13,840,6811.0,J,13,TTR,0,2,110.0
K1,840,6601.0,K,1,Tau1,0,3,115.0
K3,840,7144.0,K,3,Tau2,0,3,105.0
K5,840,6655.0,K,5,SAA,0,3,150.0
K7,840,6395.0,K,7,αSyn1,0,3,206.0
K9,840,6958.0,K,9,αSyn2,0,3,182.0
K11,840,3805.0,K,11,TDP43,0,3,94.0
K13,840,6853.0,K,13,TTR,0,3,106.0
I1,900,6744.0,I,1,Tau1,0,1,138.0
I3,900,7079.0,I,3,Tau2,0,1,133.0
I5,900,6101.0,I,5,SAA,0,1,193.0
I7,900,6286.0,I,7,αSyn1,0,1,156.0
I9,900,6823.0,I,9,αSyn2,0,1,165.0
I11,900,3738.0,I,11,TDP43,0,1,96.0
I13,900,6868.0,I,13,TTR,0,1,126.0
J1,900,6870.0,J,1,Tau1,0,2,76.0
J3,900,7330.0,J,3,Tau2,0,2,118.0
J5,900,6747.0,J,5,SAA,0,2,129.0
J7,900,6504.0,J,7,αSyn1,0,2,161.0
J9,900,6914.0,J,9,αSyn2,0,2,142.0
J11,900,3766.0,J,11,TDP43,0,2,96.0
J13,900,6809.0,J,13,TTR,0,2,108.0
K1,900,6576.0,K,1,Tau1,0,3,90.0
K3,900,7137.0,K,3,Tau2,0,3,98.0
K5,900,6653.0,K,5,SAA,0,3,148.0
K7,900,6371.0,K,7,αSyn1,0,3,182.0
K9,900,6962.0,K,9,αSyn2,0,3,186.0
K11,900,3809.0,K,11,TDP43,0,3,98.0
K13,900,6850.0,K,13,TTR,0,3,103.0
I1,960,6759.0,I,1,Tau1,0,1,153.0
I3,960,7093.0,I,3,Tau2,0,1,147.0
I5,960,6094.0,I,5,SAA,0,1,186.0
I7,960,6316.0,I,7,αSyn1,0,1,186.0
I9,960,6793.0,I,9,αSyn2,0,1,135.0
I11,960,3748.0,I,11,TDP43,0,1,106.0
I13,960,6868.0,I,13,TTR,0,1,126.0
J1,960,6879.0,J,1,Tau1,0,2,85.0
J3,960,7326.0,J,3,Tau2,0,2,114.0
J5,960,6765.0,J,5,SAA,0,2,147.0
J7,960,6501.0,J,7,αSyn1,0,2,158.0
J9,960,6918.0,J,9,αSyn2,0,2,146.0
J11,960,3762.0,J,11,TDP43,0,2,92.0
J13,960,6820.0,J,13,TTR,0,2,119.0
K1,960,6592.0,K,1,Tau1,0,3,106.0
K3,960,7125.0,K,3,Tau2,0,3,86.0
K5,960,6654.0,K,5,SAA,0,3,149.0
K7,960,6375.0,K,7,αSyn1,0,3,186.0
K9,960,6955.0,K,9,αSyn2,0,3,179.0
K11,960,3821.0,K,11,TDP43,0,3,110.0
K13,960,6855.0,K,13,TTR,0,3,108.0
I1,1020,6749.0,I,1,Tau1,0,1,143.0
I3,1020,7092.0,I,3,Tau2,0,1,146.0
I5,1020,6104.0,I,5,SAA,0,1,196.0
I7,1020,6291.0,I,7,αSyn1,0,1,161.0
I9,1020,6786.0,I,9,αSyn2,0,1,128.0
I11,1020,3736.0,I,11,TDP43,0,1,94.0
I13,1020,6867.0,I,13,TTR,0,1,125.0
J1,1020,6876.0,J,1,Tau1,0,2,82.0
J3,1020,7340.0,J,3,Tau2,0,2,128.0
J5,1020,6783.0,J,5,SAA,0,2,165.0
J7,1020,6501.0,J,7,αSyn1,0,2,158.0
J9,1020,6896.0,J,9,αSyn2,0,2,124.0
J11,1020,3780.0,J,11,TDP43,0,2,110.0
J13,1020,6812.0,J,13,TTR,0,2,111.0
K1,1020,6588.0,K,1,Tau1,0,3,102.0
K3,1020,7113.0,K,3,Tau2,0,3,74.0
K5,1020,6648.0,K,5,SAA,0,3,143.0
K7,1020,6392.0,K,7,αSyn1,0,3,203.0
K9,1020,6942.0,K,9,αSyn2,0,3,166.0
K11,1020,3820.0,K,11,TDP43,0,3,109.0
K13,1020,6844.0,K,13,TTR,0,3,97.0
I1,1080,6744.0,I,1,Tau1,0,1,138.0
I3,1080,7082.0,I,3,Tau2,0,1,136.0
I5,1080,6112.0,I,5,SAA,0,1,204.0
I7,1080,6309.0,I,7,αSyn1,0,1,179.0
I9,1080,6805.0,I,9,αSyn2,0,1,147.0
I11,1080,3737.0,I,11,TDP43,0,1,95.0
I13,1080,6873.0,I,13,TTR,0,1,131.0
J1,1080,6903.0,J,1,Tau1,0,2,109.0
J3,1080,7321.0,J,3,Tau2,0,2,109.0
J5,1080,6789.0,J,5,SAA,0,2,171.0
J7,1080,6505.0,J,7,αSyn1,0,2,162.0
J9,1080,6912.0,J,9,αSyn2,0,2,140.0
J11,1080,3775.0,J,11,TDP43,0,2,105.0
J13,1080,6821.0,J,13,TTR,0,2,120.0
K1,1080,6580.0,K,1,Tau1,0,3,94.0
K3,1080,7127.0,K,3,Tau2,0,3,88.0
K5,1080,6650.0,K,5,SAA,0,3,145.0
K7,1080,6386.0,K,7,αSyn1,0,3,197.0
K9,1080,6934.0,K,9,αSyn2,0,3,158.0
K11,1080,3798.0,K,11,TDP43,0,3,87.0
K13,1080,6844.0,K,13,TTR,0,3,97.0
I1,1140,6750.0,I,1,Tau1,0,1,144.0
I3,1140,7099.0,I,3,Tau2,0,1,153.0
I5,1140,6115.0,I,5,SAA,0,1,207.0
I7,1140,6290.0,I,7,αSyn1,0,1,160.0
I9,1140,6788.0,I,9,αSyn2,0,1,130.0
I11,1140,3748.0,I,11,TDP43,0,1,106.0
I13,1140,6881.0,I,13,TTR,0,1,139.0
J1,1140,6874.0,J,1,Tau1,0,2,80.0
J3,1140,7329.0,J,3,Tau2,0,2,117.0
J5,1140,6761.0,J,5,SAA,0,2,143.0
J7,1140,6501.0,J,7,αSyn1,0,2,158.0
J9,1140,6932.0,J,9,αSyn2,0,2,160.0
J11,1140,3781.0,J,11,TDP43,0,2,111.0
J13,1140,6811.0,J,13,TTR,0,2,110.0
K1,1140,6565.0,K,1,Tau1,0,3,79.0
K3,1140,7136.0,K,3,Tau2,0,3,97.0
K5,1140,6653.0,K,5,SAA,0,3,148.0
K7,1140,6380.0,K,7,αSyn1,0,3,191.0
K9,1140,6947.0,K,9,αSyn2,0,3,171.0
K11,1140,3806.0,K,11,TDP43,0,3,95.0
K13,1140,6839.0,K,13,TTR,0,3,92.0
I1,1200,6755.0,I,1,Tau1,0,1,149.0
I3,1200,7069.0,I,3,Tau2,0,1,123.0
I5,1200,6101.0,I,5,SAA,0,1,193.0
I7,1200,6308.0,I,7,αSyn1,0,1,178.0
I9,1200,6791.0,I,9,αSyn2,0,1,133.0
I11,1200,3753.0,I,11,TDP43,0,1,111.0
I13,1200,6863.0,I,13,TTR,0,1,121.0
J1,1200,6875.0,J,1,Tau1,0,2,81.0
J3,1200,7327.0,J,3,Tau2,0,2,115.0
J5,1200,6772.0,J,5,SAA,0,2,154.0
J7,1200,6490.0,J,7,αSyn1,0,2,147.0
J9,1200,6912.0,J,9,αSyn2,0,2,140.0
J11,1200,3782.0,J,11,TDP43,0,2,112.0
J13,1200,6809.0,J,13,TTR,0,2,108.0
K1,1200,6569.0,K,1,Tau1,0,3,83.0
K3,1200,7119.0,K,3,Tau2,0,3,80.0
K5,1200,6630.0,K,5,SAA,0,3,125.0
K7,1200,6386.0,K,7,αSyn1,0,3,197.0
K9,1200,6934.0,K,9,αSyn2,0,3,158.0
K11,1200,3816.0,K,11,TDP43,0,3,105.0
K13,1200,6859.0,K,13,TTR,0,3,112.0
I1,1260,6737.0,I,1,Tau1,0,1,131.0
I3,1260,7067.0,I,3,Tau2,0,1,121.0
I5,1260,6121.0,I,5,SAA,0,1,213.0
I7,1260,6303.0,I,7,αSyn1,0,1,173.0
I9,1260,6797.0,I,9,αSyn2,0,1,139.0
I11,1260,3752.0,I,11,TDP43,0,1,110.0
I13,1260,6848.0,I,13,TTR,0,1,106.0
J1,1260,6865.0,J,1,Tau1,0,2,71.0
J3,1260,7310.0,J,3,Tau2,0,2,98.0
J5,1260,6764.0,J,5,SAA,0,2,146.0
J7,1260,6499.0,J,7,αSyn1,0,2,156.0
J9,1260,6901.0,J,9,αSyn2,0,2,129.0
J11,1260,3756.0,J,11,TDP43,0,2,86.0
J13,1260,6808.0,J,13,TTR,0,2,107.0
K1,1260,6585.0,K,1,Tau1,0,3,99.0
K3,1260,7117.0,K,3,Tau2,0,3,78.0
K5,1260,6669.0,K,5,SAA,0,3,164.0
K7,1260,6369.0,K,7,αSyn1,0,3,180.0
K9,1260,6940.0,K,9,αSyn2,0,3,164.0
K11,1260,3811.0,K,11,TDP43,0,3,100.0
K13,1260,6823.0,K,13,TTR,0,3,76.0
I1,1320,6742.0,I,1,Tau1,0,1,136.0
I3,1320,7062.0,I,3,Tau2,0,1,116.0
I5,1320,6114.0,I,5,SAA,0,1,206.0
I7,1320,6313.0,I,7,αSyn1,0,1,183.0
I9,1320,6806.0,I,9,αSyn2,0,1,148.0
I11,1320,3750.0,I,11,TDP43,0,1,108.0
I13,1320,6858.0,I,13,TTR,0,1,116.0
J1,1320,6862.0,J,1,Tau1,0,2,68.0
J3,1320,7334.0,J,3,Tau2,0,2,122.0
J5,1320,6752.0,J,5,SAA,0,2,134.0
J7,1320,6495.0,J,7,αSyn1,0,2,152.0
J9,1320,6910.0,J,9,αSyn2,0,2,138.0
J11,1320,3770.0,J,11,TDP43,0,2,100.0
J13,1320,6831.0,J,13,TTR,0,2,130.0
K1,1320,6576.0,K,1,Tau1,0,3,90.0
K3,1320,7114.0,K,3,Tau2,0,3,75.0
K5,1320,6628.0,K,5,SAA,0,3,123.0
K7,1320,6366.0,K,7,αSyn1,0,3,177.0
K9,1320,6935.0,K,9,αSyn2,0,3,159.0
K11,1320,3798.0,K,11,TDP43,0,3,87.0
K13,1320,6841.0,K,13,TTR,0,3,94.0
I1,1380,6737.0,I,1,Tau1,0,1,131.0
I3,1380,7052.0,I,3,Tau2,0,1,106.0
I5,1380,6103.0,I,5,SAA,0,1,195.0
I7,1380,6285.0,I,7,αSyn1,0,1,155.0
I9,1380,6783.0,I,9,αSyn2,0,1,125.0
I11,1380,3753.0,I,11,TDP43,0,1,111.0
I13,1380,6847.0,I,13,TTR,0,1,105.0
J1,1380,6848.0,J,1,Tau1,0,2,54.0
J3,1380,7316.0,J,3,Tau2,0,2,104.0
J5,1380,6755.0,J,5,SAA,0,2,137.0
J7,1380,6467.0,J,7,αSyn1,0,2,124.0
J9,1380,6890.0,J,9,αSyn2,0,2,118.0
J11,1380,3762.0,J,11,TDP43,0,2,92.0
J13,1380,6829.0,J,13,TTR,0,2,128.0
K1,1380,6552.0,K,1,Tau1,0,3,66.0
K3,1380,7100.0,K,3,Tau2,0,3,61.0
K5,1380,6616.0,K,5,SAA,0,3,111.0
K7,1380,6368.0,K,7,αSyn1,0,3,179.0
K9,1380,6945.0,K,9,αSyn2,0,3,169.0
K11,1380,3795.0,K,11,TDP43,0,3,84.0
K13,1380,6829.0,K,13,TTR,0,3,82.0
I1,1440,6723.0,I,1,Tau1,0,1,117.0
I3,1440,7042.0,I,3,Tau2,0,1,96.0
I5,1440,6099.0,I,5,SAA,0,1,191.0
I7,1440,6274.0,I,7,αSyn1,0,1,144.0
I9,1440,6776.0,I,9,αSyn2,0,1,118.0
I11,1440,3746.0,I,11,TDP43,0,1,104.0
I13,1440,6840.0,I,13,TTR,0,1,98.0
J1,1440,6856.0,J,1,Tau1,0,2,62.0
J3,1440,7285.0,J,3,Tau2,0,2,73.0
J5,1440,6741.0,J,5,SAA,0,2,123.0
J7,1440,6476.0,J,7,αSyn1,0,2,133.0
J9,1440,6886.0,J,9,αSyn2,0,2,114.0
J11,1440,3757.0,J,11,TDP43,0,2,87.0
J13,1440,6797.0,J,13,TTR,0,2,96.0
K1,1440,6548.0,K,1,Tau1,0,3,62.0
K3,1440,7101.0,K,3,Tau2,0,3,62.0
K5,1440,6627.0,K,5,SAA,0,3,122.0
K7,1440,6362.0,K,7,αSyn1,0,3,173.0
K9,1440,6909.0,K,9,αSyn2,0,3,133.0
K11,1440,3807.0,K,11,TDP43,0,3,96.0
K13,1440,6824.0,K,13,TTR,0,3,77.0
I1,1500,6728.0,I,1,Tau1,0,1,122.0
I3,1500,7061.0,I,3,Tau2,0,1,115.0
I5,1500,6110.0,I,5,SAA,0,1,202.0
I7,1500,6262.0,I,7,αSyn1,0,1,132.0
I9,1500,6796.0,I,9,αSyn2,0,1,138.0
I11,1500,3736.0,I,11,TDP43,0,1,94.0
I13,1500,6873.0,I,13,TTR,0,1,131.0
J1,1500,6856.0,J,1,Tau1,0,2,62.0
J3,1500,7308.0,J,3,Tau2,0,2,96.0
J5,1500,6748.0,J,5,SAA,0,2,130.0
J7,1500,6472.0,J,7,αSyn1,0,2,129.0
J9,1500,6881.0,J,9,αSyn2,0,2,109.0
J11,1500,3775.0,J,11,TDP43,0,2,105.0
J13,1500,6809.0,J,13,TTR,0,2,108.0
K1,1500,6554.0,K,1,Tau1,0,3,68.0
K3,1500,7122.0,K,3,Tau2,0,3,83.0
K5,1500,6661.0,K,5,SAA,0,3,156.0
K7,1500,6358.0,K,7,αSyn1,0,3,169.0
K9,1500,6924.0,K,9,αSyn2,0,3,148.0
K11,1500,3818.0,K,11,TDP43,0,3,107.0
K13,1500,6837.0,K,13,TTR,0,3,90.0
I1,1560,6734.0,I,1,Tau1,0,1,128.0
I3,1560,7065.0,I,3,Tau2,0,1,119.0
I5,1560,6099.0,I,5,SAA,0,1,191.0
I7,1560,6285.0,I,7,αSyn1,0,1,155.0
I9,1560,6784.0,I,9,αSyn2,0,1,126.0
I11,1560,3743.0,I,11,TDP43,0,1,101.0
I13,1560,6857.0,I,13,TTR,0,1,115.0
J1,1560,6867.0,J,1,Tau1,0,2,73.0
J3,1560,7293.0,J,3,Tau2,0,2,81.0
J5,1560,6751.0,J,5,SAA,0,2,133.0
J7,1560,6478.0,J,7,αSyn1,0,2,135.0
J9,1560,6896.0,J,9,αSyn2,0,2,124.0
J11,1560,3759.0,J,11,TDP43,0,2,89.0
J13,1560,6815.0,J,13,TTR,0,2,114.0
K1,1560,6562.0,K,1,Tau1,0,3,76.0
K3,1560,7102.0,K,3,Tau2,0,3,63.0
K5,1560,6646.0,K,5,SAA,0,3,141.0
K7,1560,6361.0,K,7,αSyn1,0,3,172.0
K9,1560,6922.0,K,9,αSyn2,0,3,146.0
K11,1560,3812.0,K,11,TDP43,0,3,101.0
K13,1560,6836.0,K,13,TTR,0,3,89.0
I1,1620,6733.0,I,1,Tau1,0,1,127.0
I3,1620,7069.0,I,3,Tau2,0,1,123.0
I5,1620,6106.0,I,5,SAA,0,1,198.0
I7,1620,6275.0,I,7,αSyn1,0,1,145.0
I9,1620,6778.0,I,9,αSyn2,0,1,120.0
I11,1620,3751.0,I,11,TDP43,0,1,109.0
I13,1620,6858.0,I,13,TTR,0,1,116.0
J1,1620,6853.0,J,1,Tau1,0,2,59.0
J3,1620,7306.0,J,3,Tau2,0,2,94.0
J5,1620,6770.0,J,5,SAA,0,2,152.0
J7,1620,6476.0,J,7,αSyn1,0,2,133.0
J9,1620,6894.0,J,9,αSyn2,0,2,122.0
J11,1620,3772.0,J,11,TDP43,0,2,102.0
J13,1620,6803.0,J,13,TTR,0,2,102.0
K1,1620,6562.0,K,1,Tau1,0,3,76.0
K3,1620,7114.0,K,3,Tau2,0,3,75.0
K5,1620,6630.0,K,5,SAA,0,3,125.0
K7,1620,6357.0,K,7,αSyn1,0,3,168.0
K9,1620,6925.0,K,9,αSyn2,0,3,149.0
K11,1620,3802.0,K,11,TDP43,0,3,91.0
K13,1620,6852.0,K,13,TTR,0,3,105.0
I1,1680,6725.0,I,1,Tau1,0,1,119.0
I3,1680,7066.0,I,3,Tau2,0,1,120.0
I5,1680,6109.0,I,5,SAA,0,1,201.0
I7,1680,6284.0,I,7,αSyn1,0,1,154.0
I9,1680,6800.0,I,9,αSyn2,0,1,142.0
I11,1680,3756.0,I,11,TDP43,0,1,114.0
I13,1680,6826.0,I,13,TTR,0,1,84.0
J1,1680,6857.0,J,1,Tau1,0,2,63.0
J3,1680,7317.0,J,3,Tau2,0,2,105.0
J5,1680,6766.0,J,5,SAA,0,2,148.0
J7,1680,6470.0,J,7,αSyn1,0,2,127.0
J9,1680,6908.0,J,9,αSyn2,0,2,136.0
J11,1680,3765.0,J,11,TDP43,0,2,95.0
J13,1680,6831.0,J,13,TTR,0,2,130.0
K1,1680,6569.0,K,1,Tau1,0,3,83.0
K3,1680,7139.0,K,3,Tau2,0,3,100.0
K5,1680,6660.0,K,5,SAA,0,3,155.0
K7,1680,6379.0,K,7,αSyn1,0,3,190.0
K9,1680,6935.0,K,9,αSyn2,0,3,159.0
K11,1680,3817.0,K,11,TDP43,0,3,106.0
K13,1680,6841.0,K,13,TTR,0,3,94.0
I1,1740,6723.0,I,1,Tau1,0,1,117.0
I3,1740,7055.0,I,3,Tau2,0,1,109.0
I5,1740,6118.0,I,5,SAA,0,1,210.0
I7,1740,6269.0,I,7,αSyn1,0,1,139.0
I9,1740,6783.0,I,9,αSyn2,0,1,125.0
I11,1740,3746.0,I,11,TDP43,0,1,104.0
I13,1740,6859.0,I,13,TTR,0,1,117.0
J1,1740,6859.0,J,1,Tau1,0,2,65.0
J3,1740,7297.0,J,3,Tau2,0,2,85.0
J5,1740,6743.0,J,5,SAA,0,2,125.0
J7,1740,6461.0,J,7,αSyn1,0,2,118.0
J9,1740,6884.0,J,9,αSyn2,0,2,112.0
J11,1740,3765.0,J,11,TDP43,0,2,95.0
J13,1740,6823.0,J,13,TTR,0,2,122.0
K1,1740,6550.0,K,1,Tau1,0,3,64.0
K3,1740,7096.0,K,3,Tau2,0,3,57.0
K5,1740,6647.0,K,5,SAA,0,3,142.0
K7,1740,6342.0,K,7,αSyn1,0,3,153.0
K9,1740,6915.0,K,9,αSyn2,0,3,139.0
K11,1740,3811.0,K,11,TDP43,0,3,100.0
K13,1740,6830.0,K,13,TTR,0,3,83.0
I1,1800,6729.0,I,1,Tau1,0,1,123.0
I3,1800,7064.0,I,3,Tau2,0,1,118.0
I5,1800,6123.0,I,5,SAA,0,1,215.0
I7,1800,6289.0,I,7,αSyn1,0,1,159.0
I9,1800,6765.0,I,9,αSyn2,0,1,107.0
I11,1800,3754.0,I,11,TDP43,0,1,112.0
I13,1800,6864.0,I,13,TTR,0,1,122.0
J1,1800,6862.0,J,1,Tau1,0,2,68.0
J3,1800,7294.0,J,3,Tau2,0,2,82.0
J5,1800,6747.0,J,5,SAA,0,2,129.0
J7,1800,6461.0,J,7,αSyn1,0,2,118.0
J9,1800,6886.0,J,9,αSyn2,0,2,114.0
J11,1800,3774.0,J,11,TDP43,0,2,104.0
J13,1800,6833.0,J,13,TTR,0,2,132.0
K1,1800,6567.0,K,1,Tau1,0,3,81.0
K3,1800,7086.0,K,3,Tau2,0,3,47.0
K5,1800,6626.0,K,5,SAA,0,3,121.0
K7,1800,6348.0,K,7,αSyn1,0,3,159.0
K9,1800,6924.0,K,9,αSyn2,0,3,148.0
K11,1800,3797.0,K,11,TDP43,0,3,86.0
K13,1800,6840.0,K,13,TTR,0,3,93.0
I1,1860,6731.0,I,1,Tau1,0,1,125.0
I3,1860,7065.0,I,3,Tau2,0,1,119.0
I5,1860,6116.0,I,5,SAA,0,1,208.0
I7,1860,6279.0,I,7,αSyn1,0,1,149.0
I9,1860,6778.0,I,9,αSyn2,0,1,120.0
I11,1860,3765.0,I,11,TDP43,0,1,123.0
I13,1860,6833.0,I,13,TTR,0,1,91.0
J1,1860,6849.0,J,1,Tau1,0,2,55.0
J3,1860,7274.0,J,3,Tau2,0,2,62.0
J5,1860,6766.0,J,5,SAA,0,2,148.0
J7,1860,6443.0,J,7,αSyn1,0,2,100.0
J9,1860,6878.0,J,9,αSyn2,0,2,106.0
J11,1860,3776.0,J,11,TDP43,0,2,106.0
J13,1860,6820.0,J,13,TTR,0,2,119.0
K1,1860,6556.0,K,1,Tau1,0,3,70.0
K3,1860,7098.0,K,3,Tau2,0,3,59.0
K5,1860,6623.0,K,5,SAA,0,3,118.0
K7,1860,6342.0,K,7,αSyn1,0,3,153.0
K9,1860,6922.0,K,9,αSyn2,0,3,146.0
K11,1860,3802.0,K,11,TDP43,0,3,91.0
K13,1860,6825.0,K,13,TTR,0,3,78.0
I1,1920,6729.0,I,1,Tau1,0,1,123.0
I3,1920,7055.0,I,3,Tau2,0,1,109.0
I5,1920,6119.0,I,5,SAA,0,1,211.0
I7,1920,6252.0,I,7,αSyn1,0,1,122.0
I9,1920,6797.0,I,9,αSyn2,0,1,139.0
I11,1920,3752.0,I,11,TDP43,0,1,110.0
I13,1920,6849.0,I,13,TTR,0,1,107.0
J1,1920,6851.0,J,1,Tau1,0,2,57.0
J3,1920,7261.0,J,3,Tau2,0,2,49.0
J5,1920,6750.0,J,5,SAA,0,2,132.0
J7,1920,6480.0,J,7,αSyn1,0,2,137.0
J9,1920,6893.0,J,9,αSyn2,0,2,121.0
J11,1920,3764.0,J,11,TDP43,0,2,94.0
J13,1920,6809.0,J,13,TTR,0,2,108.0
K1,1920,6555.0,K,1,Tau1,0,3,69.0
K3,1920,7082.0,K,3,Tau2,0,3,43.0
K5,1920,6623.0,K,5,SAA,0,3,118.0
K7,1920,6352.0,K,7,αSyn1,0,3,163.0
K9,1920,6892.0,K,9,αSyn2,0,3,116.0
K11,1920,3816.0,K,11,TDP43,0,3,105.0
K13,1920,6822.0,K,13,TTR,0,3,75.0
I1,1980,6738.0,I,1,Tau1,0,1,132.0
I3,1980,7070.0,I,3,Tau2,0,1,124.0
I5,1980,6119.0,I,5,SAA,0,1,211.0
I7,1980,6278.0,I,7,αSyn1,0,1,148.0
I9,1980,6794.0,I,9,αSyn2,0,1,136.0
I11,1980,3745.0,I,11,TDP43,0,1,103.0
I13,1980,6834.0,I,13,TTR,0,1,92.0
J1,1980,6863.0,J,1,Tau1,0,2,69.0
J3,1980,7283.0,J,3,Tau2,0,2,71.0
J5,1980,6741.0,J,5,SAA,0,2,123.0
J7,1980,6476.0,J,7,αSyn1,0,2,133.0
J9,1980,6893.0,J,9,αSyn2,0,2,121.0
J11,1980,3775.0,J,11,TDP43,0,2,105.0
J13,1980,6816.0,J,13,TTR,0,2,115.0
K1,1980,6555.0,K,1,Tau1,0,3,69.0
K3,1980,7115.0,K,3,Tau2,0,3,76.0
K5,1980,6637.0,K,5,SAA,0,3,132.0
K7,1980,6348.0,K,7,αSyn1,0,3,159.0
K9,1980,6907.0,K,9,αSyn2,0,3,131.0
K11,1980,3806.0,K,11,TDP43,0,3,95.0
K13,1980,6843.0,K,13,TTR,0,3,96.0
I1,2040,6709.0,I,1,Tau1,0,1,103.0
I3,2040,7038.0,I,3,Tau2,0,1,92.0
I5,2040,6091.0,I,5,SAA,0,1,183.0
I7,2040,6301.0,I,7,αSyn1,0,1,171.0
I9,2040,6768.0,I,9,αSyn2,0,1,110.0
I11,2040,3754.0,I,11,TDP43,0,1,112.0
I13,2040,6849.0,I,13,TTR,0,1,107.0
J1,2040,6861.0,J,1,Tau1,0,2,67.0
J3,2040,7302.0,J,3,Tau2,0,2,90.0
J5,2040,6734.0,J,5,SAA,0,2,116.0
J7,2040,6444.0,J,7,αSyn1,0,2,101.0
J9,2040,6869.0,J,9,αSyn2,0,2,97.0
J11,2040,3772.0,J,11,TDP43,0,2,102.0
J13,2040,6830.0,J,13,TTR,0,2,129.0
K1,2040,6560.0,K,1,Tau1,0,3,74.0
K3,2040,7085.0,K,3,Tau2,0,3,46.0
K5,2040,6627.0,K,5,SAA,0,3,122.0
K7,2040,6338.0,K,7,αSyn1,0,3,149.0
K9,2040,6935.0,K,9,αSyn2,0,3,159.0
K11,2040,3797.0,K,11,TDP43,0,3,86.0
K13,2040,6835.0,K,13,TTR,0,3,88.0
I1,2100,6705.0,I,1,Tau1,0,1,99.0
I3,2100,7058.0,I,3,Tau2,0,1,112.0
I5,2100,6093.0,I,5,SAA,0,1,185.0
I7,2100,6291.0,I,7,αSyn1,0,1,161.0
I9,2100,6783.0,I,9,αSyn2,0,1,125.0
I11,2100,3752.0,I,11,TDP43,0,1,110.0
I13,2100,6821.0,I,13,TTR,0,1,79.0
J1,2100,6865.0,J,1,Tau1,0,2,71.0
J3,2100,7284.0,J,3,Tau2,0,2,72.0
J5,2100,6757.0,J,5,SAA,0,2,139.0
J7,2100,6458.0,J,7,αSyn1,0,2,115.0
J9,2100,6873.0,J,9,αSyn2,0,2,101.0
J11,2100,3770.0,J,11,TDP43,0,2,100.0
J13,2100,6841.0,J,13,TTR,0,2,140.0
K1,2100,6557.0,K,1,Tau1,0,3,71.0
K3,2100,7104.0,K,3,Tau2,0,3,65.0
K5,2100,6652.0,K,5,SAA,0,3,147.0
K7,2100,6344.0,K,7,αSyn1,0,3,155.0
K9,2100,6907.0,K,9,αSyn2,0,3,131.0
K11,2100,3810.0,K,11,TDP43,0,3,99.0
K13,2100,6822.0,K,13,TTR,0,3,75.0
I1,2160,6727.0,I,1,Tau1,0,1,121.0
I3,2160,7060.0,I,3,Tau2,0,1,114.0
I5,2160,6092.0,I,5,SAA,0,1,184.0
I7,2160,6280.0,I,7,αSyn1,0,1,150.0
I9,2160,6776.0,I,9,αSyn2,0,1,118.0
I11,2160,3757.0,I,11,TDP43,0,1,115.0
I13,2160,6849.0,I,13,TTR,0,1,107.0
J1,2160,6860.0,J,1,Tau1,0,2,66.0
J3,2160,7301.0,J,3,Tau2,0,2,89.0
J5,2160,6741.0,J,5,SAA,0,2,123.0
J7,2160,6468.0,J,7,αSyn1,0,2,125.0
J9,2160,6880.0,J,9,αSyn2,0,2,108.0
J11,2160,3771.0,J,11,TDP43,0,2,101.0
J13,2160,6822.0,J,13,TTR,0,2,121.0
K1,2160,6562.0,K,1,Tau1,0,3,76.0
K3,2160,7075.0,K,3,Tau2,0,3,36.0
K5,2160,6659.0,K,5,SAA,0,3,154.0
K7,2160,6324.0,K,7,αSyn1,0,3,135.0
K9,2160,6898.0,K,9,αSyn2,0,3,122.0
K11,2160,3805.0,K,11,TDP43,0,3,94.0
K13,2160,6812.0,K,13,TTR,0,3,65.0
I1,2220,6713.0,I,1,Tau1,0,1,107.0
I3,2220,7056.0,I,3,Tau2,0,1,110.0
I5,2220,6099.0,I,5,SAA,0,1,191.0
I7,2220,6266.0,I,7,αSyn1,0,1,136.0
I9,2220,6766.0,I,9,αSyn2,0,1,108.0
I11,2220,3755.0,I,11,TDP43,0,1,113.0
I13,2220,6834.0,I,13,TTR,0,1,92.0
J1,2220,6874.0,J,1,Tau1,0,2,80.0
J3,2220,7306.0,J,3,Tau2,0,2,94.0
J5,2220,6762.0,J,5,SAA,0,2,144.0
J7,2220,6456.0,J,7,αSyn1,0,2,113.0
J9,2220,6890.0,J,9,αSyn2,0,2,118.0
J11,2220,3768.0,J,11,TDP43,0,2,98.0
J13,2220,6815.0,J,13,TTR,0,2,114.0
K1,2220,6553.0,K,1,Tau1,0,3,67.0
K3,2220,7092.0,K,3,Tau2,0,3,53.0
K5,2220,6648.0,K,5,SAA,0,3,143.0
K7,2220,6344.0,K,7,αSyn1,0,3,155.0
K9,2220,6913.0,K,9,αSyn2,0,3,137.0
K11,2220,3818.0,K,11,TDP43,0,3,107.0
K13,2220,6811.0,K,13,TTR,0,3,64.0
I1,2280,6704.0,I,1,Tau1,0,1,98.0
I3,2280,7039.0,I,3,Tau2,0,1,93.0
I5,2280,6113.0,I,5,SAA,0,1,205.0
I7,2280,6273.0,I,7,αSyn1,0,1,143.0
I9,2280,6765.0,I,9,αSyn2,0,1,107.0
I11,2280,3755.0,I,11,TDP43,0,1,113.0
I13,2280,6865.0,I,13,TTR,0,1,123.0
J1,2280,6844.0,J,1,Tau1,0,2,50.0
J3,2280,7269.0,J,3,Tau2,0,2,57.0
J5,2280,6750.0,J,5,SAA,0,2,132.0
J7,2280,6460.0,J,7,αSyn1,0,2,117.0
J9,2280,6889.0,J,9,αSyn2,0,2,117.0
J11,2280,3775.0,J,11,TDP43,0,2,105.0
J13,2280,6817.0,J,13,TTR,0,2,116.0
K1,2280,6538.0,K,1,Tau1,0,3,52.0
K3,2280,7089.0,K,3,Tau2,0,3,50.0
K5,2280,6638.0,K,5,SAA,0,3,133.0
K7,2280,6348.0,K,7,αSyn1,0,3,159.0
K9,2280,6893.0,K,9,αSyn2,0,3,117.0
K11,2280,3791.0,K,11,TDP43,0,3,80.0
K13,2280,6807.0,K,13,TTR,0,3,60.0
I1,2340,6712.0,I,1,Tau1,0,1,106.0
I3,2340,7045.0,I,3,Tau2,0,1,99.0
I5,2340,6104.0,I,5,SAA,0,1,196.0
I7,2340,6261.0,I,7,αSyn1,0,1,131.0
I9,2340,6766.0,I,9,αSyn2,0,1,108.0
I11,2340,3759.0,I,11,TDP43,0,1,117.0
I13,2340,6835.0,I,13,TTR,0,1,93.0
J1,2340,6851.0,J,1,Tau1,0,2,57.0
J3,2340,7295.0,J,3,Tau2,0,2,83.0
J5,2340,6746.0,J,5,SAA,0,2,128.0
J7,2340,6446.0,J,7,αSyn1,0,2,103.0
J9,2340,6851.0,J,9,αSyn2,0,2,79.0
J11,2340,3767.0,J,11,TDP43,0,2,97.0
J13,2340,6809.0,J,13,TTR,0,2,108.0
K1,2340,6558.0,K,1,Tau1,0,3,72.0
K3,2340,7075.0,K,3,Tau2,0,3,36.0
K5,2340,6622.0,K,5,SAA,0,3,117.0
K7,2340,6320.0,K,7,αSyn1,0,3,131.0
K9,2340,6895.0,K,9,αSyn2,0,3,119.0
K11,2340,3805.0,K,11,TDP43,0,3,94.0
K13,2340,6832.0,K,13,TTR,0,3,85.0
I1,2400,6702.0,I,1,Tau1,0,1,96.0
I3,2400,7039.0,I,3,Tau2,0,1,93.0
I5,2400,6100.0,I,5,SAA,0,1,192.0
I7,2400,6241.0,I,7,αSyn1,0,1,111.0
I9,2400,6755.0,I,9,αSyn2,0,1,97.0
I11,2400,3748.0,I,11,TDP43,0,1,106.0
I13,2400,6828.0,I,13,TTR,0,1,86.0
J1,2400,6849.0,J,1,Tau1,0,2,55.0
J3,2400,7277.0,J,3,Tau2,0,2,65.0
J5,2400,6750.0,J,5,SAA,0,2,132.0
J7,2400,6461.0,J,7,αSyn1,0,2,118.0
J9,2400,6867.0,J,9,αSyn2,0,2,95.0
J11,2400,3777.0,J,11,TDP43,0,2,107.0
J13,2400,6811.0,J,13,TTR,0,2,110.0
K1,2400,6544.0,K,1,Tau1,0,3,58.0
K3,2400,7085.0,K,3,Tau2,0,3,46.0
K5,2400,6641.0,K,5,SAA,0,3,136.0
K7,2400,6321.0,K,7,αSyn1,0,3,132.0
K9,2400,6881.0,K,9,αSyn2,0,3,105.0
K11,2400,3786.0,K,11,TDP43,0,3,75.0
K13,2400,6804.0,K,13,TTR,0,3,57.0
I1,2460,6712.0,I,1,Tau1,0,1,106.0
I3,2460,7046.0,I,3,Tau2,0,1,100.0
I5,2460,6081.0,I,5,SAA,0,1,173.0
I7,2460,6274.0,I,7,αSyn1,0,1,144.0
I9,2460,6772.0,I,9,αSyn2,0,1,114.0
I11,2460,3742.0,I,11,TDP43,0,1,100.0
I13,2460,6839.0,I,13,TTR,0,1,97.0
J1,2460,6842.0,J,1,Tau1,0,2,48.0
J3,2460,7289.0,J,3,Tau2,0,2,77.0
J5,2460,6739.0,J,5,SAA,0,2,121.0
J7,2460,6447.0,J,7,αSyn1,0,2,104.0
J9,2460,6880.0,J,9,αSyn2,0,2,108.0
J11,2460,3767.0,J,11,TDP43,0,2,97.0
J13,2460,6804.0,J,13,TTR,0,2,103.0
K1,2460,6547.0,K,1,Tau1,0,3,61.0
K3,2460,7091.0,K,3,Tau2,0,3,52.0
K5,2460,6615.0,K,5,SAA,0,3,110.0
K7,2460,6327.0,K,7,αSyn1,0,3,138.0
K9,2460,6885.0,K,9,αSyn2,0,3,109.0
K11,2460,3805.0,K,11,TDP43,0,3,94.0
K13,2460,6809.0,K,13,TTR,0,3,62.0
I1,2520,6725.0,I,1,Tau1,0,1,119.0
I3,2520,7045.0,I,3,Tau2,0,1,99.0
I5,2520,6104.0,I,5,SAA,0,1,196.0
I7,2520,6275.0,I,7,αSyn1,0,1,145.0
I9,2520,6776.0,I,9,αSyn2,0,1,118.0
I11,2520,3745.0,I,11,TDP43,0,1,103.0
I13,2520,6850.0,I,13,TTR,0,1,108.0
J1,2520,6824.0,J,1,Tau1,0,2,30.0
J3,2520,7265.0,J,3,Tau2,0,2,53.0
J5,2520,6743.0,J,5,SAA,0,2,125.0
J7,2520,6456.0,J,7,αSyn1,0,2,113.0
J9,2520,6890.0,J,9,αSyn2,0,2,118.0
J11,2520,3778.0,J,11,TDP43,0,2,108.0
J13,2520,6803.0,J,13,TTR,0,2,102.0
K1,2520,6545.0,K,1,Tau1,0,3,59.0
K3,2520,7083.0,K,3,Tau2,0,3,44.0
K5,2520,6628.0,K,5,SAA,0,3,123.0
K7,2520,6338.0,K,7,αSyn1,0,3,149.0
K9,2520,6904.0,K,9,αSyn2,0,3,128.0
K11,2520,3807.0,K,11,TDP43,0,3,96.0
K13,2520,6825.0,K,13,TTR,0,3,78.0
I1,2580,6695.0,I,1,Tau1,0,1,89.0
I3,2580,7036.0,I,3,Tau2,0,1,90.0
I5,2580,6118.0,I,5,SAA,0,1,210.0
I7,2580,6277.0,I,7,αSyn1,0,1,147.0
I9,2580,6789.0,I,9,αSyn2,0,1,131.0
I11,2580,3752.0,I,11,TDP43,0,1,110.0
I13,2580,6861.0,I,13,TTR,0,1,119.0
J1,2580,6860.0,J,1,Tau1,0,2,66.0
J3,2580,7271.0,J,3,Tau2,0,2,59.0
J5,2580,6759.0,J,5,SAA,0,2,141.0
J7,2580,6453.0,J,7,αSyn1,0,2,110.0
J9,2580,6875.0,J,9,αSyn2,0,2,103.0
J11,2580,3760.0,J,11,TDP43,0,2,90.0
J13,2580,6810.0,J,13,TTR,0,2,109.0
K1,2580,6552.0,K,1,Tau1,0,3,66.0
K3,2580,7093.0,K,3,Tau2,0,3,54.0
K5,2580,6647.0,K,5,SAA,0,3,142.0
K7,2580,6312.0,K,7,αSyn1,0,3,123.0
K9,2580,6895.0,K,9,αSyn2,0,3,119.0
K11,2580,3808.0,K,11,TDP43,0,3,97.0
K13,2580,6835.0,K,13,TTR,0,3,88.0
I1,2640,6710.0,I,1,Tau1,0,1,104.0
I3,2640,7035.0,I,3,Tau2,0,1,89.0
I5,2640,6096.0,I,5,SAA,0,1,188.0
I7,2640,6269.0,I,7,αSyn1,0,1,139.0
I9,2640,6769.0,I,9,αSyn2,0,1,111.0
I11,2640,3746.0,I,11,TDP43,0,1,104.0
I13,2640,6844.0,I,13,TTR,0,1,102.0
J1,2640,6823.0,J,1,Tau1,0,2,29.0
J3,2640,7260.0,J,3,Tau2,0,2,48.0
J5,2640,6757.0,J,5,SAA,0,2,139.0
J7,2640,6480.0,J,7,αSyn1,0,2,137.0
J9,2640,6867.0,J,9,αSyn2,0,2,95.0
J11,2640,3780.0,J,11,TDP43,0,2,110.0
J13,2640,6805.0,J,13,TTR,0,2,104.0
K1,2640,6553.0,K,1,Tau1,0,3,67.0
K3,2640,7067.0,K,3,Tau2,0,3,28.0
K5,2640,6629.0,K,5,SAA,0,3,124.0
K7,2640,6324.0,K,7,αSyn1,0,3,135.0
K9,2640,6896.0,K,9,αSyn2,0,3,120.0
K11,2640,3811.0,K,11,TDP43,0,3,100.0
K13,2640,6819.0,K,13,TTR,0,3,72.0
I1,2700,6704.0,I,1,Tau1,0,1,98.0
I3,2700,7033.0,I,3,Tau2,0,1,87.0
I5,2700,6098.0,I,5,SAA,0,1,190.0
I7,2700,6249.0,I,7,αSyn1,0,1,119.0
I9,2700,6764.0,I,9,αSyn2,0,1,106.0
I11,2700,3753.0,I,11,TDP43,0,1,111.0
I13,2700,6814.0,I,13,TTR,0,1,72.0
J1,2700,6843.0,J,1,Tau1,0,2,49.0
J3,2700,7264.0,J,3,Tau2,0,2,52.0
J5,2700,6740.0,J,5,SAA,0,2,122.0
J7,2700,6440.0,J,7,αSyn1,0,2,97.0
J9,2700,6876.0,J,9,αSyn2,0,2,104.0
J11,2700,3775.0,J,11,TDP43,0,2,105.0
J13,2700,6812.0,J,13,TTR,0,2,111.0
K1,2700,6564.0,K,1,Tau1,0,3,78.0
K3,2700,7100.0,K,3,Tau2,0,3,61.0
K5,2700,6646.0,K,5,SAA,0,3,141.0
K7,2700,6323.0,K,7,αSyn1,0,3,134.0
K9,2700,6888.0,K,9,αSyn2,0,3,112.0
K11,2700,3804.0,K,11,TDP43,0,3,93.0
K13,2700,6828.0,K,13,TTR,0,3,81.0
I1,2760,6699.0,I,1,Tau1,0,1,93.0
I3,2760,7045.0,I,3,Tau2,0,1,99.0
I5,2760,6096.0,I,5,SAA,0,1,188.0
I7,2760,6255.0,I,7,αSyn1,0,1,125.0
I9,2760,6757.0,I,9,αSyn2,0,1,99.0
I11,2760,3742.0,I,11,TDP43,0,1,100.0
I13,2760,6824.0,I,13,TTR,0,1,82.0
J1,2760,6840.0,J,1,Tau1,0,2,46.0
J3,2760,7285.0,J,3,Tau2,0,2,73.0
J5,2760,6729.0,J,5,SAA,0,2,111.0
J7,2760,6446.0,J,7,αSyn1,0,2,103.0
J9,2760,6875.0,J,9,αSyn2,0,2,103.0
J11,2760,3767.0,J,11,TDP43,0,2,97.0
J13,2760,6782.0,J,13,TTR,0,2,81.0
K1,2760,6564.0,K,1,Tau1,0,3,78.0
K3,2760,7061.0,K,3,Tau2,0,3,22.0
K5,2760,6603.0,K,5,SAA,0,3,98.0
K7,2760,6314.0,K,7,αSyn1,0,3,125.0
K9,2760,6886.0,K,9,αSyn2,0,3,110.0
K11,2760,3799.0,K,11,TDP43,0,3,88.0
K13,2760,6832.0,K,13,TTR,0,3,85.0
I1,2820,6728.0,I,1,Tau1,0,1,122.0
I3,2820,7056.0,I,3,Tau2,0,1,110.0
I5,2820,6113.0,I,5,SAA,0,1,205.0
I7,2820,6256.0,I,7,αSyn1,0,1,126.0
I9,2820,6774.0,I,9,αSyn2,0,1,116.0
I11,2820,3746.0,I,11,TDP43,0,1,104.0
I13,2820,6849.0,I,13,TTR,0,1,107.0
J1,2820,6833.0,J,1,Tau1,0,2,39.0
J3,2820,7267.0,J,3,Tau2,0,2,55.0
J5,2820,6746.0,J,5,SAA,0,2,128.0
J7,2820,6445.0,J,7,αSyn1,0,2,102.0
J9,2820,6886.0,J,9,αSyn2,0,2,114.0
J11,2820,3770.0,J,11,TDP43,0,2,100.0
J13,2820,6811.0,J,13,TTR,0,2,110.0
K1,2820,6557.0,K,1,Tau1,0,3,71.0
K3,2820,7072.0,K,3,Tau2,0,3,33.0
K5,2820,6640.0,K,5,SAA,0,3,135.0
K7,2820,6344.0,K,7,αSyn1,0,3,155.0
K9,2820,6895.0,K,9,αSyn2,0,3,119.0
K11,2820,3805.0,K,11,TDP43,0,3,94.0
K13,2820,6815.0,K,13,TTR,0,3,68.0
I1,2880,6708.0,I,1,Tau1,0,1,102.0
I3,2880,7047.0,I,3,Tau2,0,1,101.0
I5,2880,6107.0,I,5,SAA,0,1,199.0
I7,2880,6254.0,I,7,αSyn1,0,1,124.0
I9,2880,6766.0,I,9,αSyn2,0,1,108.0
I11,2880,3740.0,I,11,TDP43,0,1,98.0
I13,2880,6853.0,I,13,TTR,0,1,111.0
J1,2880,6823.0,J,1,Tau1,0,2,29.0
J3,2880,7266.0,J,3,Tau2,0,2,54.0
J5,2880,6735.0,J,5,SAA,0,2,117.0
J7,2880,6440.0,J,7,αSyn1,0,2,97.0
J9,2880,6864.0,J,9,αSyn2,0,2,92.0
J11,2880,3771.0,J,11,TDP43,0,2,101.0
J13,2880,6787.0,J,13,TTR,0,2,86.0
K1,2880,6573.0,K,1,Tau1,0,3,87.0
K3,2880,7078.0,K,3,Tau2,0,3,39.0
K5,2880,6636.0,K,5,SAA,0,3,131.0
K7,2880,6338.0,K,7,αSyn1,0,3,149.0
K9,2880,6885.0,K,9,αSyn2,0,3,109.0
K11,2880,3821.0,K,11,TDP43,0,3,110.0
K13,2880,6828.0,K,13,TTR,0,3,81.0
I1,2940,6710.0,I,1,Tau1,0,1,104.0
I3,2940,7029.0,I,3,Tau2,0,1,83.0
I5,2940,6103.0,I,5,SAA,0,1,195.0
I7,2940,6241.0,I,7,αSyn1,0,1,111.0
I9,2940,6754.0,I,9,αSyn2,0,1,96.0
I11,2940,3753.0,I,11,TDP43,0,1,111.0
I13,2940,6842.0,I,13,TTR,0,1,100.0
J1,2940,6842.0,J,1,Tau1,0,2,48.0
J3,2940,7258.0,J,3,Tau2,0,2,46.0
J5,2940,6731.0,J,5,SAA,0,2,113.0
J7,2940,6437.0,J,7,αSyn1,0,2,94.0
J9,2940,6860.0,J,9,αSyn2,0,2,88.0
J11,2940,3770.0,J,11,TDP43,0,2,100.0
J13,2940,6798.0,J,13,TTR,0,2,97.0
K1,2940,6549.0,K,1,Tau1,0,3,63.0
K3,2940,7083.0,K,3,Tau2,0,3,44.0
K5,2940,6625.0,K,5,SAA,0,3,120.0
K7,2940,6317.0,K,7,αSyn1,0,3,128.0
K9,2940,6865.0,K,9,αSyn2,0,3,89.0
K11,2940,3802.0,K,11,TDP43,0,3,91.0
K13,2940,6824.0,K,13,TTR,0,3,77.0
I1,3000,6711.0,I,1,Tau1,0,1,105.0
I3,3000,7047.0,I,3,Tau2,0,1,101.0
I5,3000,6103.0,I,5,SAA,0,1,195.0
I7,3000,6259.0,I,7,αSyn1,0,1,129.0
I9,3000,6775.0,I,9,αSyn2,0,1,117.0
I11,3000,3757.0,I,11,TDP43,0,1,115.0
I13,3000,6839.0,I,13,TTR,0,1,97.0
J1,3000,6827.0,J,1,Tau1,0,2,33.0
J3,3000,7274.0,J,3,Tau2,0,2,62.0
J5,3000,6740.0,J,5,SAA,0,2,122.0
J7,3000,6436.0,J,7,αSyn1,0,2,93.0
J9,3000,6858.0,J,9,αSyn2,0,2,86.0
J11,3000,3782.0,J,11,TDP43,0,2,112.0
J13,3000,6810.0,J,13,TTR,0,2,109.0
K1,3000,6556.0,K,1,Tau1,0,3,70.0
K3,3000,7081.0,K,3,Tau2,0,3,42.0
K5,3000,6623.0,K,5,SAA,0,3,118.0
K7,3000,6327.0,K,7,αSyn1,0,3,138.0
K9,3000,6882.0,K,9,αSyn2,0,3,106.0
K11,3000,3806.0,K,11,TDP43,0,3,95.0
K13,3000,6834.0,K,13,TTR,0,3,87.0
I1,3060,6718.0,I,1,Tau1,0,1,112.0
I3,3060,7031.0,I,3,Tau2,0,1,85.0
I5,3060,6110.0,I,5,SAA,0,1,202.0
I7,3060,6245.0,I,7,αSyn1,0,1,115.0
I9,3060,6748.0,I,9,αSyn2,0,1,90.0
I11,3060,3736.0,I,11,TDP43,0,1,94.0
I13,3060,6830.0,I,13,TTR,0,1,88.0
J1,3060,6825.0,J,1,Tau1,0,2,31.0
J3,3060,7247.0,J,3,Tau2,0,2,35.0
J5,3060,6746.0,J,5,SAA,0,2,128.0
J7,3060,6458.0,J,7,αSyn1,0,2,115.0
J9,3060,6853.0,J,9,αSyn2,0,2,81.0
J11,3060,3772.0,J,11,TDP43,0,2,102.0
J13,3060,6780.0,J,13,TTR,0,2,79.0
K1,3060,6535.0,K,1,Tau1,0,3,49.0
K3,3060,7080.0,K,3,Tau2,0,3,41.0
K5,3060,6630.0,K,5,SAA,0,3,125.0
K7,3060,6315.0,K,7,αSyn1,0,3,126.0
K9,3060,6875.0,K,9,αSyn2,0,3,99.0
K11,3060,3799.0,K,11,TDP43,0,3,88.0
K13,3060,6813.0,K,13,TTR,0,3,66.0
I1,3120,6705.0,I,1,Tau1,0,1,99.0
I3,3120,7045.0,I,3,Tau2,0,1,99.0
I5,3120,6115.0,I,5,SAA,0,1,207.0
I7,3120,6244.0,I,7,αSyn1,0,1,114.0
I9,3120,6756.0,I,9,αSyn2,0,1,98.0
I11,3120,3757.0,I,11,TDP43,0,1,115.0
I13,3120,6843.0,I,13,TTR,0,1,101.0
J1,3120,6838.0,J,1,Tau1,0,2,44.0
J3,3120,7283.0,J,3,Tau2,0,2,71.0
J5,3120,6731.0,J,5,SAA,0,2,113.0
J7,3120,6445.0,J,7,αSyn1,0,2,102.0
J9,3120,6852.0,J,9,αSyn2,0,2,80.0
J11,3120,3784.0,J,11,TDP43,0,2,114.0
J13,3120,6813.0,J,13,TTR,0,2,112.0
K1,3120,6563.0,K,1,Tau1,0,3,77.0
K3,3120,7097.0,K,3,Tau2,0,3,58.0
K5,3120,6644.0,K,5,SAA,0,3,139.0
K7,3120,6321.0,K,7,αSyn1,0,3,132.0
K9,3120,6868.0,K,9,αSyn2,0,3,92.0
K11,3120,3807.0,K,11,TDP43,0,3,96.0
K13,3120,6802.0,K,13,TTR,0,3,55.0
I1,3180,6713.0,I,1,Tau1,0,1,107.0
I3,3180,7040.0,I,3,Tau2,0,1,94.0
I5,3180,6126.0,I,5,SAA,0,1,218.0
I7,3180,6282.0,I,7,αSyn1,0,1,152.0
I9,3180,6768.0,I,9,αSyn2,0,1,110.0
I11,3180,3763.0,I,11,TDP43,0,1,121.0
I13,3180,6833.0,I,13,TTR,0,1,91.0
J1,3180,6845.0,J,1,Tau1,0,2,51.0
J3,3180,7271.0,J,3,Tau2,0,2,59.0
J5,3180,6745.0,J,5,SAA,0,2,127.0
J7,3180,6457.0,J,7,αSyn1,0,2,114.0
J9,3180,6856.0,J,9,αSyn2,0,2,84.0
J11,3180,3762.0,J,11,TDP43,0,2,92.0
J13,3180,6780.0,J,13,TTR,0,2,79.0
K1,3180,6561.0,K,1,Tau1,0,3,75.0
K3,3180,7099.0,K,3,Tau2,0,3,60.0
K5,3180,6651.0,K,5,SAA,0,3,146.0
K7,3180,6300.0,K,7,αSyn1,0,3,111.0
K9,3180,6858.0,K,9,αSyn2,0,3,82.0
K11,3180,3798.0,K,11,TDP43,0,3,87.0
K13,3180,6853.0,K,13,TTR,0,3,106.0
I1,3240,6723.0,I,1,Tau1,0,1,117.0
I3,3240,7055.0,I,3,Tau2,0,1,109.0
I5,3240,6110.0,I,5,SAA,0,1,202.0
I7,3240,6256.0,I,7,αSyn1,0,1,126.0
I9,3240,6763.0,I,9,αSyn2,0,1,105.0
I11,3240,3761.0,I,11,TDP43,0,1,119.0
I13,3240,6874.0,I,13,TTR,0,1,132.0
J1,3240,6847.0,J,1,Tau1,0,2,53.0
J3,3240,7264.0,J,3,Tau2,0,2,52.0
J5,3240,6746.0,J,5,SAA,0,2,128.0
J7,3240,6430.0,J,7,αSyn1,0,2,87.0
J9,3240,6874.0,J,9,αSyn2,0,2,102.0
J11,3240,3779.0,J,11,TDP43,0,2,109.0
J13,3240,6817.0,J,13,TTR,0,2,116.0
K1,3240,6535.0,K,1,Tau1,0,3,49.0
K3,3240,7081.0,K,3,Tau2,0,3,42.0
K5,3240,6625.0,K,5,SAA,0,3,120.0
K7,3240,6337.0,K,7,αSyn1,0,3,148.0
K9,3240,6869.0,K,9,αSyn2,0,3,93.0
K11,3240,3809.0,K,11,TDP43,0,3,98.0
K13,3240,6828.0,K,13,TTR,0,3,81.0
I1,3300,6704.0,I,1,Tau1,0,1,98.0
I3,3300,7026.0,I,3,Tau2,0,1,80.0
I5,3300,6112.0,I,5,SAA,0,1,204.0
I7,3300,6263.0,I,7,αSyn1,0,1,133.0
I9,3300,6775.0,I,9,αSyn2,0,1,117.0
I11,3300,3742.0,I,11,TDP43,0,1,100.0
I13,3300,6852.0,I,13,TTR,0,1,110.0
J1,3300,6847.0,J,1,Tau1,0,2,53.0
J3,3300,7271.0,J,3,Tau2,0,2,59.0
J5,3300,6731.0,J,5,SAA,0,2,113.0
J7,3300,6475.0,J,7,αSyn1,0,2,132.0
J9,3300,6867.0,J,9,αSyn2,0,2,95.0
J11,3300,3768.0,J,11,TDP43,0,2,98.0
J13,3300,6801.0,J,13,TTR,0,2,100.0
K1,3300,6558.0,K,1,Tau1,0,3,72.0
K3,3300,7089.0,K,3,Tau2,0,3,50.0
K5,3300,6638.0,K,5,SAA,0,3,133.0
K7,3300,6322.0,K,7,αSyn1,0,3,133.0
K9,3300,6883.0,K,9,αSyn2,0,3,107.0
K11,3300,3799.0,K,11,TDP43,0,3,88.0
K13,3300,6830.0,K,13,TTR,0,3,83.0
I1,3360,6717.0,I,1,Tau1,0,1,111.0
I3,3360,7019.0,I,3,Tau2,0,1,73.0
I5,3360,6108.0,I,5,SAA,0,1,200.0
I7,3360,6234.0,I,7,αSyn1,0,1,104.0
I9,3360,6767.0,I,9,αSyn2,0,1,109.0
I11,3360,3745.0,I,11,TDP43,0,1,103.0
I13,3360,6841.0,I,13,TTR,0,1,99.0
J1,3360,6828.0,J,1,Tau1,0,2,34.0
J3,3360,7264.0,J,3,Tau2,0,2,52.0
J5,3360,6729.0,J,5,SAA,0,2,111.0
J7,3360,6424.0,J,7,αSyn1,0,2,81.0
J9,3360,6857.0,J,9,αSyn2,0,2,85.0
J11,3360,3758.0,J,11,TDP43,0,2,88.0
J13,3360,6793.0,J,13,TTR,0,2,92.0
K1,3360,6554.0,K,1,Tau1,0,3,68.0
K3,3360,7063.0,K,3,Tau2,0,3,24.0
K5,3360,6645.0,K,5,SAA,0,3,140.0
K7,3360,6332.0,K,7,αSyn1,0,3,143.0
K9,3360,6884.0,K,9,αSyn2,0,3,108.0
K11,3360,3805.0,K,11,TDP43,0,3,94.0
K13,3360,6811.0,K,13,TTR,0,3,64.0
I1,3420,6716.0,I,1,Tau1,0,1,110.0
I3,3420,7025.0,I,3,Tau2,0,1,79.0
I5,3420,6120.0,I,5,SAA,0,1,212.0
I7,3420,6255.0,I,7,αSyn1,0,1,125.0
I9,3420,6747.0,I,9,αSyn2,0,1,89.0
I11,3420,3735.0,I,11,TDP43,0,1,93.0
I13,3420,6820.0,I,13,TTR,0,1,78.0
J1,3420,6821.0,J,1,Tau1,0,2,27.0
J3,3420,7246.0,J,3,Tau2,0,2,34.0
J5,3420,6733.0,J,5,SAA,0,2,115.0
J7,3420,6438.0,J,7,αSyn1,0,2,95.0
J9,3420,6839.0,J,9,αSyn2,0,2,67.0
J11,3420,3775.0,J,11,TDP43,0,2,105.0
J13,3420,6783.0,J,13,TTR,0,2,82.0
K1,3420,6546.0,K,1,Tau1,0,3,60.0
K3,3420,7080.0,K,3,Tau2,0,3,41.0
K5,3420,6613.0,K,5,SAA,0,3,108.0
K7,3420,6312.0,K,7,αSyn1,0,3,123.0
K9,3420,6840.0,K,9,αSyn2,0,3,64.0
K11,3420,3815.0,K,11,TDP43,0,3,104.0
K13,3420,6812.0,K,13,TTR,0,3,65.0
I1,3480,6687.0,I,1,Tau1,0,1,81.0
I3,3480,7032.0,I,3,Tau2,0,1,86.0
I5,3480,6094.0,I,5,SAA,0,1,186.0
I7,3480,6234.0,I,7,αSyn1,0,1,104.0
I9,3480,6739.0,I,9,αSyn2,0,1,81.0
I11,3480,3749.0,I,11,TDP43,0,1,107.0
I13,3480,6832.0,I,13,TTR,0,1,90.0
J1,3480,6819.0,J,1,Tau1,0,2,25.0
J3,3480,7257.0,J,3,Tau2,0,2,45.0
J5,3480,6733.0,J,5,SAA,0,2,115.0
J7,3480,6454.0,J,7,αSyn1,0,2,111.0
J9,3480,6837.0,J,9,αSyn2,0,2,65.0
J11,3480,3766.0,J,11,TDP43,0,2,96.0
J13,3480,6812.0,J,13,TTR,0,2,111.0
K1,3480,6538.0,K,1,Tau1,0,3,52.0
K3,3480,7061.0,K,3,Tau2,0,3,22.0
K5,3480,6619.0,K,5,SAA,0,3,114.0
K7,3480,6312.0,K,7,αSyn1,0,3,123.0
K9,3480,6898.0,K,9,αSyn2,0,3,122.0
K11,3480,3806.0,K,11,TDP43,0,3,95.0
K13,3480,6810.0,K,13,TTR,0,3,63.0
I1,3540,6702.0,I,1,Tau1,0,1,96.0
I3,3540,7060.0,I,3,Tau2,0,1,114.0
I5,3540,6091.0,I,5,SAA,0,1,183.0
I7,3540,6251.0,I,7,αSyn1,0,1,121.0
I9,3540,6738.0,I,9,αSyn2,0,1,80.0
I11,3540,3754.0,I,11,TDP43,0,1,112.0
I13,3540,6850.0,I,13,TTR,0,1,108.0
J1,3540,6817.0,J,1,Tau1,0,2,23.0
J3,3540,7245.0,J,3,Tau2,0,2,33.0
J5,3540,6736.0,J,5,SAA,0,2,118.0
J7,3540,6441.0,J,7,αSyn1,0,2,98.0
J9,3540,6844.0,J,9,αSyn2,0,2,72.0
J11,3540,3771.0,J,11,TDP43,0,2,101.0
J13,3540,6795.0,J,13,TTR,0,2,94.0
K1,3540,6546.0,K,1,Tau1,0,3,60.0
K3,3540,7066.0,K,3,Tau2,0,3,27.0
K5,3540,6610.0,K,5,SAA,0,3,105.0
K7,3540,6312.0,K,7,αSyn1,0,3,123.0
K9,3540,6894.0,K,9,αSyn2,0,3,118.0
K11,3540,3812.0,K,11,TDP43,0,3,101.0
K13,3540,6821.0,K,13,TTR,0,3,74.0
I1,3600,6712.0,I,1,Tau1,0,1,106.0
I3,3600,7061.0,I,3,Tau2,0,1,115.0
I5,3600,6106.0,I,5,SAA,0,1,198.0
I7,3600,6265.0,I,7,αSyn1,0,1,135.0
I9,3600,6762.0,I,9,αSyn2,0,1,104.0
I11,3600,3759.0,I,11,TDP43,0,1,117.0
I13,3600,6837.0,I,13,TTR,0,1,95.0
J1,3600,6855.0,J,1,Tau1,0,2,61.0
J3,3600,7252.0,J,3,Tau2,0,2,40.0
J5,3600,6745.0,J,5,SAA,0,2,127.0
J7,3600,6446.0,J,7,αSyn1,0,2,103.0
J9,3600,6863.0,J,9,αSyn2,0,2,91.0
J11,3600,3775.0,J,11,TDP43,0,2,105.0
J13,3600,6815.0,J,13,TTR,0,2,114.0
K1,3600,6563.0,K,1,Tau1,0,3,77.0
K3,3600,7068.0,K,3,Tau2,0,3,29.0
K5,3600,6660.0,K,5,SAA,0,3,155.0
K7,3600,6335.0,K,7,αSyn1,0,3,146.0
K9,3600,6882.0,K,9,αSyn2,0,3,106.0
K11,3600,3814.0,K,11,TDP43,0,3,103.0
K13,3600,6831.0,K,13,TTR,0,3,84.0
I1,3660,6679.0,I,1,Tau1,0,1,73.0
I3,3660,7043.0,I,3,Tau2,0,1,97.0
I5,3660,6115.0,I,5,SAA,0,1,207.0
I7,3660,6252.0,I,7,αSyn1,0,1,122.0
I9,3660,6741.0,I,9,αSyn2,0,1,83.0
I11,3660,3754.0,I,11,TDP43,0,1,112.0
I13,3660,6829.0,I,13,TTR,0,1,87.0
J1,3660,6832.0,J,1,Tau1,0,2,38.0
J3,3660,7252.0,J,3,Tau2,0,2,40.0
J5,3660,6746.0,J,5,SAA,0,2,128.0
J7,3660,6435.0,J,7,αSyn1,0,2,92.0
J9,3660,6842.0,J,9,αSyn2,0,2,70.0
J11,3660,3769.0,J,11,TDP43,0,2,99.0
J13,3660,6818.0,J,13,TTR,0,2,117.0
K1,3660,6533.0,K,1,Tau1,0,3,47.0
K3,3660,7087.0,K,3,Tau2,0,3,48.0
K5,3660,6635.0,K,5,SAA,0,3,130.0
K7,3660,6315.0,K,7,αSyn1,0,3,126.0
K9,3660,6858.0,K,9,αSyn2,0,3,82.0
K11,3660,3817.0,K,11,TDP43,0,3,106.0
K13,3660,6799.0,K,13,TTR,0,3,52.0
I1,3720,6721.0,I,1,Tau1,0,1,115.0
I3,3720,7043.0,I,3,Tau2,0,1,97.0
I5,3720,6105.0,I,5,SAA,0,1,197.0
I7,3720,6250.0,I,7,αSyn1,0,1,120.0
I9,3720,6766.0,I,9,αSyn2,0,1,108.0
I11,3720,3757.0,I,11,TDP43,0,1,115.0
I13,3720,6847.0,I,13,TTR,0,1,105.0
J1,3720,6841.0,J,1,Tau1,0,2,47.0
J3,3720,7272.0,J,3,Tau2,0,2,60.0
J5,3720,6755.0,J,5,SAA,0,2,137.0
J7,3720,6436.0,J,7,αSyn1,0,2,93.0
J9,3720,6858.0,J,9,αSyn2,0,2,86.0
J11,3720,3778.0,J,11,TDP43,0,2,108.0
J13,3720,6804.0,J,13,TTR,0,2,103.0
K1,3720,6552.0,K,1,Tau1,0,3,66.0
K3,3720,7084.0,K,3,Tau2,0,3,45.0
K5,3720,6664.0,K,5,SAA,0,3,159.0
K7,3720,6305.0,K,7,αSyn1,0,3,116.0
K9,3720,6884.0,K,9,αSyn2,0,3,108.0
K11,3720,3819.0,K,11,TDP43,0,3,108.0
K13,3720,6814.0,K,13,TTR,0,3,67.0
