well_name,time,sfGFP_RFU,name_by_number,rfu_corrected
A1,0,2301.0,1,0.0
A3,0,2209.0,17,0.0
A5,0,2218.0,33,0.0
A7,0,2302.0,49,0.0
A9,0,2280.0,65,0.0
A11,0,2215.0,81,0.0
A13,0,2270.0,97,0.0
A15,0,2359.0,113,0.0
A17,0,2554.0,129,0.0
A19,0,2530.0,145,0.0
A21,0,2629.0,161,0.0
A23,0,2542.0,177,0.0
B1,0,2327.0,2,0.0
B3,0,2333.0,18,0.0
B5,0,2386.0,34,0.0
B7,0,2381.0,50,0.0
B9,0,2372.0,66,0.0
B11,0,2384.0,82,0.0
B13,0,2476.0,98,0.0
B15,0,2337.0,114,0.0
B17,0,2511.0,130,0.0
B19,0,2414.0,146,0.0
B21,0,2373.0,162,0.0
B23,0,2575.0,178,0.0
C1,0,2569.0,3,0.0
C3,0,2542.0,19,0.0
C5,0,2525.0,35,0.0
C7,0,2626.0,51,0.0
C9,0,2615.0,67,0.0
C11,0,2651.0,83,0.0
C13,0,2675.0,99,0.0
C15,0,3001.0,115,0.0
C17,0,2911.0,131,0.0
C19,0,2714.0,147,0.0
C21,0,2884.0,163,0.0
C23,0,2600.0,179,0.0
D1,0,2718.0,4,0.0
D3,0,2567.0,20,0.0
D5,0,2650.0,36,0.0
D7,0,2702.0,52,0.0
D9,0,2600.0,68,0.0
D11,0,2705.0,84,0.0
D13,0,2553.0,100,0.0
D15,0,2633.0,116,0.0
D17,0,2716.0,132,0.0
D19,0,2627.0,148,0.0
D21,0,2558.0,164,0.0
D23,0,2590.0,180,0.0
A1,240,2359.0,1,58.0
A3,240,2262.0,17,53.0
A5,240,2266.0,33,48.0
A7,240,2345.0,49,43.0
A9,240,2308.0,65,28.0
A11,240,2257.0,81,42.0
A13,240,2306.0,97,36.0
A15,240,2382.0,113,23.0
A17,240,2592.0,129,38.0
A19,240,2590.0,145,60.0
A21,240,2693.0,161,64.0
A23,240,2597.0,177,55.0
B1,240,2384.0,2,57.0
B3,240,2378.0,18,45.0
B5,240,2442.0,34,56.0
B7,240,2436.0,50,55.0
B9,240,2416.0,66,44.0
B11,240,2410.0,82,26.0
B13,240,2487.0,98,11.0
B15,240,2377.0,114,40.0
B17,240,2547.0,130,36.0
B19,240,2457.0,146,43.0
B21,240,2404.0,162,31.0
B23,240,2631.0,178,56.0
C1,240,2605.0,3,36.0
C3,240,2578.0,19,36.0
C5,240,2576.0,35,51.0
C7,240,2655.0,51,29.0
C9,240,2647.0,67,32.0
C11,240,2683.0,83,32.0
C13,240,2694.0,99,19.0
C15,240,3051.0,115,50.0
C17,240,2953.0,131,42.0
C19,240,2743.0,147,29.0
C21,240,2929.0,163,45.0
C23,240,2655.0,179,55.0
D1,240,2766.0,4,48.0
D3,240,2611.0,20,44.0
D5,240,2706.0,36,56.0
D7,240,2760.0,52,58.0
D9,240,2634.0,68,34.0
D11,240,2755.0,84,50.0
D13,240,2604.0,100,51.0
D15,240,2670.0,116,37.0
D17,240,2749.0,132,33.0
D19,240,2681.0,148,54.0
D21,240,2605.0,164,47.0
D23,240,2642.0,180,52.0
A1,480,2378.0,1,77.0
A3,480,2293.0,17,84.0
A5,480,2304.0,33,86.0
A7,480,2351.0,49,49.0
A9,480,2322.0,65,42.0
A11,480,2275.0,81,60.0
A13,480,2342.0,97,72.0
A15,480,2398.0,113,39.0
A17,480,2595.0,129,41.0
A19,480,2629.0,145,99.0
A21,480,2726.0,161,97.0
A23,480,2625.0,177,83.0
B1,480,2399.0,2,72.0
B3,480,2396.0,18,63.0
B5,480,2465.0,34,79.0
B7,480,2470.0,50,89.0
B9,480,2436.0,66,64.0
B11,480,2425.0,82,41.0
B13,480,2517.0,98,41.0
B15,480,2394.0,114,57.0
B17,480,2556.0,130,45.0
B19,480,2486.0,146,72.0
B21,480,2430.0,162,57.0
B23,480,2666.0,178,91.0
C1,480,2632.0,3,63.0
C3,480,2606.0,19,64.0
C5,480,2581.0,35,56.0
C7,480,2666.0,51,40.0
C9,480,2654.0,67,39.0
C11,480,2694.0,83,43.0
C13,480,2695.0,99,20.0
C15,480,3061.0,115,60.0
C17,480,2955.0,131,44.0
C19,480,2742.0,147,28.0
C21,480,2965.0,163,81.0
C23,480,2668.0,179,68.0
D1,480,2780.0,4,62.0
D3,480,2626.0,20,59.0
D5,480,2729.0,36,79.0
D7,480,2749.0,52,47.0
D9,480,2651.0,68,51.0
D11,480,2750.0,84,45.0
D13,480,2629.0,100,76.0
D15,480,2688.0,116,55.0
D17,480,2781.0,132,65.0
D19,480,2700.0,148,73.0
D21,480,2629.0,164,71.0
D23,480,2656.0,180,66.0
A1,720,2402.0,1,101.0
A3,720,2306.0,17,97.0
A5,720,2330.0,33,112.0
A7,720,2371.0,49,69.0
A9,720,2317.0,65,37.0
A11,720,2296.0,81,81.0
A13,720,2348.0,97,78.0
A15,720,2408.0,113,49.0
A17,720,2604.0,129,50.0
A19,720,2656.0,145,126.0
A21,720,2749.0,161,120.0
A23,720,2640.0,177,98.0
B1,720,2430.0,2,103.0
B3,720,2405.0,18,72.0
B5,720,2482.0,34,96.0
B7,720,2484.0,50,103.0
B9,720,2449.0,66,77.0
B11,720,2434.0,82,50.0
B13,720,2528.0,98,52.0
B15,720,2404.0,114,67.0
B17,720,2578.0,130,67.0
B19,720,2494.0,146,80.0
B21,720,2438.0,162,65.0
B23,720,2699.0,178,124.0
C1,720,2649.0,3,80.0
C3,720,2602.0,19,60.0
C5,720,2605.0,35,80.0
C7,720,2676.0,51,50.0
C9,720,2662.0,67,47.0
C11,720,2696.0,83,45.0
C13,720,2713.0,99,38.0
C15,720,3083.0,115,82.0
C17,720,2974.0,131,63.0
C19,720,2746.0,147,32.0
C21,720,2977.0,163,93.0
C23,720,2684.0,179,84.0
D1,720,2805.0,4,87.0
D3,720,2635.0,20,68.0
D5,720,2740.0,36,90.0
D7,720,2748.0,52,46.0
D9,720,2666.0,68,66.0
D11,720,2770.0,84,65.0
D13,720,2645.0,100,92.0
D15,720,2675.0,116,42.0
D17,720,2798.0,132,82.0
D19,720,2714.0,148,87.0
D21,720,2651.0,164,93.0
D23,720,2674.0,180,84.0
A1,960,2410.0,1,109.0
A3,960,2322.0,17,113.0
A5,960,2340.0,33,122.0
A7,960,2382.0,49,80.0
A9,960,2333.0,65,53.0
A11,960,2314.0,81,99.0
A13,960,2380.0,97,110.0
A15,960,2406.0,113,47.0
A17,960,2595.0,129,41.0
A19,960,2668.0,145,138.0
A21,960,2751.0,161,122.0
A23,960,2670.0,177,128.0
B1,960,2434.0,2,107.0
B3,960,2424.0,18,91.0
B5,960,2481.0,34,95.0
B7,960,2498.0,50,117.0
B9,960,2466.0,66,94.0
B11,960,2440.0,82,56.0
B13,960,2514.0,98,38.0
B15,960,2408.0,114,71.0
B17,960,2576.0,130,65.0
B19,960,2506.0,146,92.0
B21,960,2439.0,162,66.0
B23,960,2703.0,178,128.0
C1,960,2651.0,3,82.0
C3,960,2611.0,19,69.0
C5,960,2588.0,35,63.0
C7,960,2672.0,51,46.0
C9,960,2672.0,67,57.0
C11,960,2695.0,83,44.0
C13,960,2709.0,99,34.0
C15,960,3096.0,115,95.0
C17,960,2998.0,131,87.0
C19,960,2754.0,147,40.0
C21,960,2991.0,163,107.0
C23,960,2686.0,179,86.0
D1,960,2798.0,4,80.0
D3,960,2631.0,20,64.0
D5,960,2747.0,36,97.0
D7,960,2759.0,52,57.0
D9,960,2671.0,68,71.0
D11,960,2788.0,84,83.0
D13,960,2665.0,100,112.0
D15,960,2691.0,116,58.0
D17,960,2806.0,132,90.0
D19,960,2708.0,148,81.0
D21,960,2655.0,164,97.0
D23,960,2667.0,180,77.0
A1,1200,2412.0,1,111.0
A3,1200,2326.0,17,117.0
A5,1200,2347.0,33,129.0
A7,1200,2384.0,49,82.0
A9,1200,2346.0,65,66.0
A11,1200,2315.0,81,100.0
A13,1200,2375.0,97,105.0
A15,1200,2404.0,113,45.0
A17,1200,2608.0,129,54.0
A19,1200,2679.0,145,149.0
A21,1200,2767.0,161,138.0
A23,1200,2667.0,177,125.0
B1,1200,2450.0,2,123.0
B3,1200,2445.0,18,112.0
B5,1200,2503.0,34,117.0
B7,1200,2497.0,50,116.0
B9,1200,2466.0,66,94.0
B11,1200,2438.0,82,54.0
B13,1200,2532.0,98,56.0
B15,1200,2415.0,114,78.0
B17,1200,2583.0,130,72.0
B19,1200,2508.0,146,94.0
B21,1200,2454.0,162,81.0
B23,1200,2702.0,178,127.0
C1,1200,2658.0,3,89.0
C3,1200,2598.0,19,56.0
C5,1200,2588.0,35,63.0
C7,1200,2682.0,51,56.0
C9,1200,2668.0,67,53.0
C11,1200,2696.0,83,45.0
C13,1200,2705.0,99,30.0
C15,1200,3092.0,115,91.0
C17,1200,2988.0,131,77.0
C19,1200,2761.0,147,47.0
C21,1200,3025.0,163,141.0
C23,1200,2688.0,179,88.0
D1,1200,2802.0,4,84.0
D3,1200,2641.0,20,74.0
D5,1200,2740.0,36,90.0
D7,1200,2773.0,52,71.0
D9,1200,2660.0,68,60.0
D11,1200,2793.0,84,88.0
D13,1200,2676.0,100,123.0
D15,1200,2697.0,116,64.0
D17,1200,2811.0,132,95.0
D19,1200,2713.0,148,86.0
D21,1200,2651.0,164,93.0
D23,1200,2678.0,180,88.0
A1,1440,2408.0,1,107.0
A3,1440,2335.0,17,126.0
A5,1440,2362.0,33,144.0
A7,1440,2402.0,49,100.0
A9,1440,2340.0,65,60.0
A11,1440,2313.0,81,98.0
A13,1440,2385.0,97,115.0
A15,1440,2407.0,113,48.0
A17,1440,2620.0,129,66.0
A19,1440,2685.0,145,155.0
A21,1440,2779.0,161,150.0
A23,1440,2686.0,177,144.0
B1,1440,2455.0,2,128.0
B3,1440,2432.0,18,99.0
B5,1440,2487.0,34,101.0
B7,1440,2499.0,50,118.0
B9,1440,2473.0,66,101.0
B11,1440,2434.0,82,50.0
B13,1440,2530.0,98,54.0
B15,1440,2426.0,114,89.0
B17,1440,2589.0,130,78.0
B19,1440,2509.0,146,95.0
B21,1440,2456.0,162,83.0
B23,1440,2712.0,178,137.0
C1,1440,2659.0,3,90.0
C3,1440,2610.0,19,68.0
C5,1440,2599.0,35,74.0
C7,1440,2672.0,51,46.0
C9,1440,2674.0,67,59.0
C11,1440,2697.0,83,46.0
C13,1440,2701.0,99,26.0
C15,1440,3094.0,115,93.0
C17,1440,2998.0,131,87.0
C19,1440,2761.0,147,47.0
C21,1440,3031.0,163,147.0
C23,1440,2691.0,179,91.0
D1,1440,2808.0,4,90.0
D3,1440,2658.0,20,91.0
D5,1440,2755.0,36,105.0
D7,1440,2775.0,52,73.0
D9,1440,2670.0,68,70.0
D11,1440,2798.0,84,93.0
D13,1440,2662.0,100,109.0
D15,1440,2702.0,116,69.0
D17,1440,2805.0,132,89.0
D19,1440,2713.0,148,86.0
D21,1440,2668.0,164,110.0
D23,1440,2686.0,180,96.0
A1,1680,2428.0,1,127.0
A3,1680,2340.0,17,131.0
A5,1680,2371.0,33,153.0
A7,1680,2393.0,49,91.0
A9,1680,2343.0,65,63.0
A11,1680,2319.0,81,104.0
A13,1680,2384.0,97,114.0
A15,1680,2422.0,113,63.0
A17,1680,2612.0,129,58.0
A19,1680,2682.0,145,152.0
A21,1680,2776.0,161,147.0
A23,1680,2699.0,177,157.0
B1,1680,2450.0,2,123.0
B3,1680,2442.0,18,109.0
B5,1680,2507.0,34,121.0
B7,1680,2505.0,50,124.0
B9,1680,2480.0,66,108.0
B11,1680,2445.0,82,61.0
B13,1680,2531.0,98,55.0
B15,1680,2428.0,114,91.0
B17,1680,2602.0,130,91.0
B19,1680,2519.0,146,105.0
B21,1680,2470.0,162,97.0
B23,1680,2712.0,178,137.0
C1,1680,2661.0,3,92.0
C3,1680,2613.0,19,71.0
C5,1680,2601.0,35,76.0
C7,1680,2679.0,51,53.0
C9,1680,2674.0,67,59.0
C11,1680,2697.0,83,46.0
C13,1680,2697.0,99,22.0
C15,1680,3116.0,115,115.0
C17,1680,3021.0,131,110.0
C19,1680,2764.0,147,50.0
C21,1680,3057.0,163,173.0
C23,1680,2693.0,179,93.0
D1,1680,2805.0,4,87.0
D3,1680,2656.0,20,89.0
D5,1680,2757.0,36,107.0
D7,1680,2786.0,52,84.0
D9,1680,2695.0,68,95.0
D11,1680,2802.0,84,97.0
D13,1680,2683.0,100,130.0
D15,1680,2696.0,116,63.0
D17,1680,2814.0,132,98.0
D19,1680,2727.0,148,100.0
D21,1680,2675.0,164,117.0
D23,1680,2689.0,180,99.0
A1,1920,2423.0,1,122.0
A3,1920,2331.0,17,122.0
A5,1920,2380.0,33,162.0
A7,1920,2393.0,49,91.0
A9,1920,2352.0,65,72.0
A11,1920,2321.0,81,106.0
A13,1920,2404.0,97,134.0
A15,1920,2410.0,113,51.0
A17,1920,2611.0,129,57.0
A19,1920,2693.0,145,163.0
A21,1920,2768.0,161,139.0
A23,1920,2693.0,177,151.0
B1,1920,2465.0,2,138.0
B3,1920,2442.0,18,109.0
B5,1920,2505.0,34,119.0
B7,1920,2489.0,50,108.0
B9,1920,2474.0,66,102.0
B11,1920,2440.0,82,56.0
B13,1920,2538.0,98,62.0
B15,1920,2429.0,114,92.0
B17,1920,2603.0,130,92.0
B19,1920,2523.0,146,109.0
B21,1920,2462.0,162,89.0
B23,1920,2700.0,178,125.0
C1,1920,2657.0,3,88.0
C3,1920,2617.0,19,75.0
C5,1920,2612.0,35,87.0
C7,1920,2684.0,51,58.0
C9,1920,2676.0,67,61.0
C11,1920,2691.0,83,40.0
C13,1920,2709.0,99,34.0
C15,1920,3115.0,115,114.0
C17,1920,3006.0,131,95.0
C19,1920,2765.0,147,51.0
C21,1920,3074.0,163,190.0
C23,1920,2707.0,179,107.0
D1,1920,2824.0,4,106.0
D3,1920,2662.0,20,95.0
D5,1920,2763.0,36,113.0
D7,1920,2784.0,52,82.0
D9,1920,2688.0,68,88.0
D11,1920,2817.0,84,112.0
D13,1920,2693.0,100,140.0
D15,1920,2687.0,116,54.0
D17,1920,2817.0,132,101.0
D19,1920,2731.0,148,104.0
D21,1920,2658.0,164,100.0
D23,1920,2703.0,180,113.0
A1,2160,2427.0,1,126.0
A3,2160,2341.0,17,132.0
A5,2160,2384.0,33,166.0
A7,2160,2402.0,49,100.0
A9,2160,2349.0,65,69.0
A11,2160,2328.0,81,113.0
A13,2160,2401.0,97,131.0
A15,2160,2413.0,113,54.0
A17,2160,2622.0,129,68.0
A19,2160,2695.0,145,165.0
A21,2160,2780.0,161,151.0
A23,2160,2690.0,177,148.0
B1,2160,2460.0,2,133.0
B3,2160,2448.0,18,115.0
B5,2160,2513.0,34,127.0
B7,2160,2503.0,50,122.0
B9,2160,2479.0,66,107.0
B11,2160,2425.0,82,41.0
B13,2160,2535.0,98,59.0
B15,2160,2426.0,114,89.0
B17,2160,2592.0,130,81.0
B19,2160,2515.0,146,101.0
B21,2160,2474.0,162,101.0
B23,2160,2711.0,178,136.0
C1,2160,2664.0,3,95.0
C3,2160,2625.0,19,83.0
C5,2160,2603.0,35,78.0
C7,2160,2691.0,51,65.0
C9,2160,2671.0,67,56.0
C11,2160,2689.0,83,38.0
C13,2160,2701.0,99,26.0
C15,2160,3120.0,115,119.0
C17,2160,3022.0,131,111.0
C19,2160,2783.0,147,69.0
C21,2160,3074.0,163,190.0
C23,2160,2712.0,179,112.0
D1,2160,2833.0,4,115.0
D3,2160,2671.0,20,104.0
D5,2160,2779.0,36,129.0
D7,2160,2788.0,52,86.0
D9,2160,2681.0,68,81.0
D11,2160,2823.0,84,118.0
D13,2160,2694.0,100,141.0
D15,2160,2698.0,116,65.0
D17,2160,2835.0,132,119.0
D19,2160,2730.0,148,103.0
D21,2160,2674.0,164,116.0
D23,2160,2700.0,180,110.0
A1,2400,2422.0,1,121.0
A3,2400,2344.0,17,135.0
A5,2400,2397.0,33,179.0
A7,2400,2405.0,49,103.0
A9,2400,2353.0,65,73.0
A11,2400,2322.0,81,107.0
A13,2400,2402.0,97,132.0
A15,2400,2421.0,113,62.0
A17,2400,2616.0,129,62.0
A19,2400,2685.0,145,155.0
A21,2400,2770.0,161,141.0
A23,2400,2699.0,177,157.0
B1,2400,2466.0,2,139.0
B3,2400,2449.0,18,116.0
B5,2400,2503.0,34,117.0
B7,2400,2502.0,50,121.0
B9,2400,2482.0,66,110.0
B11,2400,2439.0,82,55.0
B13,2400,2542.0,98,66.0
B15,2400,2432.0,114,95.0
B17,2400,2608.0,130,97.0
B19,2400,2524.0,146,110.0
B21,2400,2477.0,162,104.0
B23,2400,2717.0,178,142.0
C1,2400,2653.0,3,84.0
C3,2400,2618.0,19,76.0
C5,2400,2603.0,35,78.0
C7,2400,2671.0,51,45.0
C9,2400,2679.0,67,64.0
C11,2400,2690.0,83,39.0
C13,2400,2699.0,99,24.0
C15,2400,3111.0,115,110.0
C17,2400,3041.0,131,130.0
C19,2400,2783.0,147,69.0
C21,2400,3085.0,163,201.0
C23,2400,2710.0,179,110.0
D1,2400,2853.0,4,135.0
D3,2400,2688.0,20,121.0
D5,2400,2791.0,36,141.0
D7,2400,2810.0,52,108.0
D9,2400,2696.0,68,96.0
D11,2400,2843.0,84,138.0
D13,2400,2702.0,100,149.0
D15,2400,2706.0,116,73.0
D17,2400,2826.0,132,110.0
D19,2400,2729.0,148,102.0
D21,2400,2670.0,164,112.0
D23,2400,2709.0,180,119.0
A1,2640,2423.0,1,122.0
A3,2640,2338.0,17,129.0
A5,2640,2401.0,33,183.0
A7,2640,2404.0,49,102.0
A9,2640,2342.0,65,62.0
A11,2640,2339.0,81,124.0
A13,2640,2408.0,97,138.0
A15,2640,2413.0,113,54.0
A17,2640,2626.0,129,72.0
A19,2640,2685.0,145,155.0
A21,2640,2783.0,161,154.0
A23,2640,2708.0,177,166.0
B1,2640,2459.0,2,132.0
B3,2640,2451.0,18,118.0
B5,2640,2512.0,34,126.0
B7,2640,2495.0,50,114.0
B9,2640,2482.0,66,110.0
B11,2640,2442.0,82,58.0
B13,2640,2537.0,98,61.0
B15,2640,2425.0,114,88.0
B17,2640,2601.0,130,90.0
B19,2640,2528.0,146,114.0
B21,2640,2469.0,162,96.0
B23,2640,2704.0,178,129.0
C1,2640,2654.0,3,85.0
C3,2640,2627.0,19,85.0
C5,2640,2599.0,35,74.0
C7,2640,2682.0,51,56.0
C9,2640,2676.0,67,61.0
C11,2640,2690.0,83,39.0
C13,2640,2689.0,99,14.0
C15,2640,3126.0,115,125.0
C17,2640,3020.0,131,109.0
C19,2640,2778.0,147,64.0
C21,2640,3087.0,163,203.0
C23,2640,2719.0,179,119.0
D1,2640,2844.0,4,126.0
D3,2640,2688.0,20,121.0
D5,2640,2799.0,36,149.0
D7,2640,2806.0,52,104.0
D9,2640,2709.0,68,109.0
D11,2640,2850.0,84,145.0
D13,2640,2713.0,100,160.0
D15,2640,2701.0,116,68.0
D17,2640,2838.0,132,122.0
D19,2640,2735.0,148,108.0
D21,2640,2690.0,164,132.0
D23,2640,2706.0,180,116.0
A1,2880,2426.0,1,125.0
A3,2880,2340.0,17,131.0
A5,2880,2402.0,33,184.0
A7,2880,2414.0,49,112.0
A9,2880,2352.0,65,72.0
A11,2880,2344.0,81,129.0
A13,2880,2403.0,97,133.0
A15,2880,2427.0,113,68.0
A17,2880,2632.0,129,78.0
A19,2880,2706.0,145,176.0
A21,2880,2780.0,161,151.0
A23,2880,2709.0,177,167.0
B1,2880,2474.0,2,147.0
B3,2880,2455.0,18,122.0
B5,2880,2518.0,34,132.0
B7,2880,2504.0,50,123.0
B9,2880,2477.0,66,105.0
B11,2880,2449.0,82,65.0
B13,2880,2544.0,98,68.0
B15,2880,2439.0,114,102.0
B17,2880,2610.0,130,99.0
B19,2880,2533.0,146,119.0
B21,2880,2467.0,162,94.0
B23,2880,2708.0,178,133.0
C1,2880,2658.0,3,89.0
C3,2880,2628.0,19,86.0
C5,2880,2607.0,35,82.0
C7,2880,2673.0,51,47.0
C9,2880,2671.0,67,56.0
C11,2880,2693.0,83,42.0
C13,2880,2694.0,99,19.0
C15,2880,3122.0,115,121.0
C17,2880,3032.0,131,121.0
C19,2880,2778.0,147,64.0
C21,2880,3091.0,163,207.0
C23,2880,2729.0,179,129.0
D1,2880,2852.0,4,134.0
D3,2880,2681.0,20,114.0
D5,2880,2809.0,36,159.0
D7,2880,2823.0,52,121.0
D9,2880,2705.0,68,105.0
D11,2880,2850.0,84,145.0
D13,2880,2714.0,100,161.0
D15,2880,2713.0,116,80.0
D17,2880,2839.0,132,123.0
D19,2880,2727.0,148,100.0
D21,2880,2682.0,164,124.0
D23,2880,2700.0,180,110.0
A1,3120,2421.0,1,120.0
A3,3120,2352.0,17,143.0
A5,3120,2412.0,33,194.0
A7,3120,2420.0,49,118.0
A9,3120,2341.0,65,61.0
A11,3120,2329.0,81,114.0
A13,3120,2420.0,97,150.0
A15,3120,2417.0,113,58.0
A17,3120,2624.0,129,70.0
A19,3120,2706.0,145,176.0
A21,3120,2782.0,161,153.0
A23,3120,2726.0,177,184.0
B1,3120,2464.0,2,137.0
B3,3120,2452.0,18,119.0
B5,3120,2509.0,34,123.0
B7,3120,2495.0,50,114.0
B9,3120,2469.0,66,97.0
B11,3120,2442.0,82,58.0
B13,3120,2540.0,98,64.0
B15,3120,2442.0,114,105.0
B17,3120,2622.0,130,111.0
B19,3120,2529.0,146,115.0
B21,3120,2475.0,162,102.0
B23,3120,2715.0,178,140.0
C1,3120,2661.0,3,92.0
C3,3120,2630.0,19,88.0
C5,3120,2614.0,35,89.0
C7,3120,2676.0,51,50.0
C9,3120,2678.0,67,63.0
C11,3120,2689.0,83,38.0
C13,3120,2687.0,99,12.0
C15,3120,3132.0,115,131.0
C17,3120,3036.0,131,125.0
C19,3120,2772.0,147,58.0
C21,3120,3108.0,163,224.0
C23,3120,2714.0,179,114.0
D1,3120,2857.0,4,139.0
D3,3120,2694.0,20,127.0
D5,3120,2807.0,36,157.0
D7,3120,2825.0,52,123.0
D9,3120,2716.0,68,116.0
D11,3120,2855.0,84,150.0
D13,3120,2721.0,100,168.0
D15,3120,2719.0,116,86.0
D17,3120,2839.0,132,123.0
D19,3120,2741.0,148,114.0
D21,3120,2691.0,164,133.0
D23,3120,2727.0,180,137.0
A1,3360,2427.0,1,126.0
A3,3360,2338.0,17,129.0
A5,3360,2416.0,33,198.0
A7,3360,2409.0,49,107.0
A9,3360,2354.0,65,74.0
A11,3360,2336.0,81,121.0
A13,3360,2390.0,97,120.0
A15,3360,2420.0,113,61.0
A17,3360,2627.0,129,73.0
A19,3360,2710.0,145,180.0
A21,3360,2785.0,161,156.0
A23,3360,2706.0,177,164.0
B1,3360,2473.0,2,146.0
B3,3360,2450.0,18,117.0
B5,3360,2508.0,34,122.0
B7,3360,2502.0,50,121.0
B9,3360,2471.0,66,99.0
B11,3360,2426.0,82,42.0
B13,3360,2536.0,98,60.0
B15,3360,2435.0,114,98.0
B17,3360,2612.0,130,101.0
B19,3360,2536.0,146,122.0
B21,3360,2476.0,162,103.0
B23,3360,2705.0,178,130.0
C1,3360,2653.0,3,84.0
C3,3360,2631.0,19,89.0
C5,3360,2620.0,35,95.0
C7,3360,2685.0,51,59.0
C9,3360,2681.0,67,66.0
C11,3360,2684.0,83,33.0
C13,3360,2693.0,99,18.0
C15,3360,3120.0,115,119.0
C17,3360,3028.0,131,117.0
C19,3360,2779.0,147,65.0
C21,3360,3105.0,163,221.0
C23,3360,2722.0,179,122.0
D1,3360,2868.0,4,150.0
D3,3360,2687.0,20,120.0
D5,3360,2802.0,36,152.0
D7,3360,2816.0,52,114.0
D9,3360,2717.0,68,117.0
D11,3360,2860.0,84,155.0
D13,3360,2719.0,100,166.0
D15,3360,2704.0,116,71.0
D17,3360,2842.0,132,126.0
D19,3360,2731.0,148,104.0
D21,3360,2698.0,164,140.0
D23,3360,2710.0,180,120.0
A1,3600,2419.0,1,118.0
A3,3600,2330.0,17,121.0
A5,3600,2400.0,33,182.0
A7,3600,2395.0,49,93.0
A9,3600,2345.0,65,65.0
A11,3600,2323.0,81,108.0
A13,3600,2397.0,97,127.0
A15,3600,2418.0,113,59.0
A17,3600,2619.0,129,65.0
A19,3600,2706.0,145,176.0
A21,3600,2783.0,161,154.0
A23,3600,2706.0,177,164.0
B1,3600,2465.0,2,138.0
B3,3600,2452.0,18,119.0
B5,3600,2512.0,34,126.0
B7,3600,2503.0,50,122.0
B9,3600,2464.0,66,92.0
B11,3600,2434.0,82,50.0
B13,3600,2516.0,98,40.0
B15,3600,2433.0,114,96.0
B17,3600,2610.0,130,99.0
B19,3600,2523.0,146,109.0
B21,3600,2478.0,162,105.0
B23,3600,2707.0,178,132.0
C1,3600,2655.0,3,86.0
C3,3600,2634.0,19,92.0
C5,3600,2608.0,35,83.0
C7,3600,2674.0,51,48.0
C9,3600,2683.0,67,68.0
C11,3600,2684.0,83,33.0
C13,3600,2683.0,99,8.0
C15,3600,3115.0,115,114.0
C17,3600,3034.0,131,123.0
C19,3600,2779.0,147,65.0
C21,3600,3109.0,163,225.0
C23,3600,2723.0,179,123.0
D1,3600,2862.0,4,144.0
D3,3600,2679.0,20,112.0
D5,3600,2816.0,36,166.0
D7,3600,2828.0,52,126.0
D9,3600,2710.0,68,110.0
D11,3600,2860.0,84,155.0
D13,3600,2729.0,100,176.0
D15,3600,2702.0,116,69.0
D17,3600,2842.0,132,126.0
D19,3600,2746.0,148,119.0
D21,3600,2699.0,164,141.0
D23,3600,2709.0,180,119.0
E1,0,2433.0,5,0.0
E3,0,2321.0,21,0.0
E5,0,2537.0,37,0.0
E7,0,2590.0,53,0.0
E9,0,2469.0,69,0.0
E11,0,2913.0,85,0.0
E13,0,2692.0,101,0.0
E15,0,2898.0,117,0.0
E17,0,2730.0,133,0.0
E19,0,2736.0,149,0.0
E21,0,2442.0,165,0.0
E23,0,2472.0,181,0.0
F1,0,2500.0,6,0.0
F3,0,2509.0,22,0.0
F5,0,2448.0,38,0.0
F7,0,2663.0,54,0.0
F9,0,2664.0,70,0.0
F11,0,2562.0,86,0.0
F13,0,2646.0,102,0.0
F15,0,2509.0,118,0.0
F17,0,2518.0,134,0.0
F19,0,2503.0,150,0.0
F21,0,2661.0,166,0.0
F23,0,2400.0,182,0.0
G1,0,2582.0,7,0.0
G3,0,2461.0,23,0.0
G5,0,2384.0,39,0.0
G7,0,2642.0,55,0.0
G9,0,2513.0,71,0.0
G11,0,2425.0,87,0.0
G13,0,2546.0,103,0.0
G15,0,2281.0,119,0.0
G17,0,2462.0,135,0.0
G19,0,2600.0,151,0.0
G21,0,2385.0,167,0.0
G23,0,2307.0,183,0.0
H1,0,2485.0,8,0.0
H3,0,2485.0,24,0.0
H5,0,2516.0,40,0.0
H7,0,2528.0,56,0.0
H9,0,2556.0,72,0.0
H11,0,2354.0,88,0.0
H13,0,2517.0,104,0.0
H15,0,2412.0,120,0.0
H17,0,2616.0,136,0.0
H19,0,2497.0,152,0.0
H21,0,2356.0,168,0.0
H23,0,2503.0,184,0.0
E1,240,2494.0,5,61.0
E3,240,2351.0,21,30.0
E5,240,2591.0,37,54.0
E7,240,2641.0,53,51.0
E9,240,2505.0,69,36.0
E11,240,2969.0,85,56.0
E13,240,2732.0,101,40.0
E15,240,2944.0,117,46.0
E17,240,2770.0,133,40.0
E19,240,2781.0,149,45.0
E21,240,2469.0,165,27.0
E23,240,2522.0,181,50.0
F1,240,2564.0,6,64.0
F3,240,2549.0,22,40.0
F5,240,2473.0,38,25.0
F7,240,2718.0,54,55.0
F9,240,2706.0,70,42.0
F11,240,2621.0,86,59.0
F13,240,2691.0,102,45.0
F15,240,2559.0,118,50.0
F17,240,2570.0,134,52.0
F19,240,2557.0,150,54.0
F21,240,2711.0,166,50.0
F23,240,2450.0,182,50.0
G1,240,2643.0,7,61.0
G3,240,2503.0,23,42.0
G5,240,2447.0,39,63.0
G7,240,2735.0,55,93.0
G9,240,2545.0,71,32.0
G11,240,2470.0,87,45.0
G13,240,2589.0,103,43.0
G15,240,2328.0,119,47.0
G17,240,2524.0,135,62.0
G19,240,2707.0,151,107.0
G21,240,2460.0,167,75.0
G23,240,2342.0,183,35.0
H1,240,2553.0,8,68.0
H3,240,2535.0,24,50.0
H5,240,2550.0,40,34.0
H7,240,2573.0,56,45.0
H9,240,2601.0,72,45.0
H11,240,2422.0,88,68.0
H13,240,2559.0,104,42.0
H15,240,2434.0,120,22.0
H17,240,2674.0,136,58.0
H19,240,2530.0,152,33.0
H21,240,2412.0,168,56.0
H23,240,2569.0,184,66.0
E1,480,2509.0,5,76.0
E3,480,2387.0,21,66.0
E5,480,2603.0,37,66.0
E7,480,2657.0,53,67.0
E9,480,2537.0,69,68.0
E11,480,2973.0,85,60.0
E13,480,2751.0,101,59.0
E15,480,2961.0,117,63.0
E17,480,2782.0,133,52.0
E19,480,2819.0,149,83.0
E21,480,2502.0,165,60.0
E23,480,2536.0,181,64.0
F1,480,2564.0,6,64.0
F3,480,2559.0,22,50.0
F5,480,2498.0,38,50.0
F7,480,2756.0,54,93.0
F9,480,2726.0,70,62.0
F11,480,2645.0,86,83.0
F13,480,2712.0,102,66.0
F15,480,2579.0,118,70.0
F17,480,2607.0,134,89.0
F19,480,2596.0,150,93.0
F21,480,2728.0,166,67.0
F23,480,2473.0,182,73.0
G1,480,2648.0,7,66.0
G3,480,2519.0,23,58.0
G5,480,2491.0,39,107.0
G7,480,2802.0,55,160.0
G9,480,2558.0,71,45.0
G11,480,2494.0,87,69.0
G13,480,2596.0,103,50.0
G15,480,2363.0,119,82.0
G17,480,2535.0,135,73.0
G19,480,2821.0,151,221.0
G21,480,2556.0,167,171.0
G23,480,2367.0,183,60.0
H1,480,2557.0,8,72.0
H3,480,2546.0,24,61.0
H5,480,2566.0,40,50.0
H7,480,2599.0,56,71.0
H9,480,2604.0,72,48.0
H11,480,2467.0,88,113.0
H13,480,2570.0,104,53.0
H15,480,2447.0,120,35.0
H17,480,2684.0,136,68.0
H19,480,2536.0,152,39.0
H21,480,2424.0,168,68.0
H23,480,2603.0,184,100.0
E1,720,2526.0,5,93.0
E3,720,2408.0,21,87.0
E5,720,2626.0,37,89.0
E7,720,2673.0,53,83.0
E9,720,2544.0,69,75.0
E11,720,2969.0,85,56.0
E13,720,2769.0,101,77.0
E15,720,2975.0,117,77.0
E17,720,2810.0,133,80.0
E19,720,2825.0,149,89.0
E21,720,2524.0,165,82.0
E23,720,2550.0,181,78.0
F1,720,2589.0,6,89.0
F3,720,2587.0,22,78.0
F5,720,2524.0,38,76.0
F7,720,2787.0,54,124.0
F9,720,2740.0,70,76.0
F11,720,2684.0,86,122.0
F13,720,2742.0,102,96.0
F15,720,2587.0,118,78.0
F17,720,2629.0,134,111.0
F19,720,2625.0,150,122.0
F21,720,2766.0,166,105.0
F23,720,2493.0,182,93.0
G1,720,2649.0,7,67.0
G3,720,2525.0,23,64.0
G5,720,2525.0,39,141.0
G7,720,2892.0,55,250.0
G9,720,2563.0,71,50.0
G11,720,2516.0,87,91.0
G13,720,2600.0,103,54.0
G15,720,2386.0,119,105.0
G17,720,2558.0,135,96.0
G19,720,2944.0,151,344.0
G21,720,2658.0,167,273.0
G23,720,2380.0,183,73.0
H1,720,2555.0,8,70.0
H3,720,2549.0,24,64.0
H5,720,2580.0,40,64.0
H7,720,2612.0,56,84.0
H9,720,2627.0,72,71.0
H11,720,2497.0,88,143.0
H13,720,2584.0,104,67.0
H15,720,2463.0,120,51.0
H17,720,2683.0,136,67.0
H19,720,2549.0,152,52.0
H21,720,2463.0,168,107.0
H23,720,2636.0,184,133.0
E1,960,2549.0,5,116.0
E3,960,2416.0,21,95.0
E5,960,2619.0,37,82.0
E7,960,2687.0,53,97.0
E9,960,2541.0,69,72.0
E11,960,2972.0,85,59.0
E13,960,2790.0,101,98.0
E15,960,2981.0,117,83.0
E17,960,2833.0,133,103.0
E19,960,2841.0,149,105.0
E21,960,2533.0,165,91.0
E23,960,2552.0,181,80.0
F1,960,2589.0,6,89.0
F3,960,2575.0,22,66.0
F5,960,2543.0,38,95.0
F7,960,2806.0,54,143.0
F9,960,2747.0,70,83.0
F11,960,2686.0,86,124.0
F13,960,2753.0,102,107.0
F15,960,2578.0,118,69.0
F17,960,2648.0,134,130.0
F19,960,2622.0,150,119.0
F21,960,2761.0,166,100.0
F23,960,2490.0,182,90.0
G1,960,2655.0,7,73.0
G3,960,2535.0,23,74.0
G5,960,2544.0,39,160.0
G7,960,2995.0,55,353.0
G9,960,2563.0,71,50.0
G11,960,2518.0,87,93.0
G13,960,2592.0,103,46.0
G15,960,2402.0,119,121.0
G17,960,2557.0,135,95.0
G19,960,3074.0,151,474.0
G21,960,2759.0,167,374.0
G23,960,2407.0,183,100.0
H1,960,2565.0,8,80.0
H3,960,2555.0,24,70.0
H5,960,2575.0,40,59.0
H7,960,2596.0,56,68.0
H9,960,2622.0,72,66.0
H11,960,2513.0,88,159.0
H13,960,2594.0,104,77.0
H15,960,2473.0,120,61.0
H17,960,2687.0,136,71.0
H19,960,2548.0,152,51.0
H21,960,2490.0,168,134.0
H23,960,2684.0,184,181.0
E1,1200,2556.0,5,123.0
E3,1200,2422.0,21,101.0
E5,1200,2623.0,37,86.0
E7,1200,2674.0,53,84.0
E9,1200,2551.0,69,82.0
E11,1200,2972.0,85,59.0
E13,1200,2781.0,101,89.0
E15,1200,3001.0,117,103.0
E17,1200,2854.0,133,124.0
E19,1200,2868.0,149,132.0
E21,1200,2537.0,165,95.0
E23,1200,2546.0,181,74.0
F1,1200,2584.0,6,84.0
F3,1200,2580.0,22,71.0
F5,1200,2544.0,38,96.0
F7,1200,2805.0,54,142.0
F9,1200,2746.0,70,82.0
F11,1200,2698.0,86,136.0
F13,1200,2747.0,102,101.0
F15,1200,2597.0,118,88.0
F17,1200,2682.0,134,164.0
F19,1200,2637.0,150,134.0
F21,1200,2760.0,166,99.0
F23,1200,2504.0,182,104.0
G1,1200,2646.0,7,64.0
G3,1200,2535.0,23,74.0
G5,1200,2561.0,39,177.0
G7,1200,3098.0,55,456.0
G9,1200,2562.0,71,49.0
G11,1200,2526.0,87,101.0
G13,1200,2605.0,103,59.0
G15,1200,2413.0,119,132.0
G17,1200,2574.0,135,112.0
G19,1200,3182.0,151,582.0
G21,1200,2856.0,167,471.0
G23,1200,2408.0,183,101.0
H1,1200,2556.0,8,71.0
H3,1200,2560.0,24,75.0
H5,1200,2567.0,40,51.0
H7,1200,2598.0,56,70.0
H9,1200,2625.0,72,69.0
H11,1200,2536.0,88,182.0
H13,1200,2591.0,104,74.0
H15,1200,2478.0,120,66.0
H17,1200,2681.0,136,65.0
H19,1200,2567.0,152,70.0
H21,1200,2528.0,168,172.0
H23,1200,2713.0,184,210.0
E1,1440,2570.0,5,137.0
E3,1440,2433.0,21,112.0
E5,1440,2631.0,37,94.0
E7,1440,2681.0,53,91.0
E9,1440,2542.0,69,73.0
E11,1440,2972.0,85,59.0
E13,1440,2793.0,101,101.0
E15,1440,3022.0,117,124.0
E17,1440,2868.0,133,138.0
E19,1440,2874.0,149,138.0
E21,1440,2565.0,165,123.0
E23,1440,2550.0,181,78.0
F1,1440,2588.0,6,88.0
F3,1440,2582.0,22,73.0
F5,1440,2547.0,38,99.0
F7,1440,2808.0,54,145.0
F9,1440,2764.0,70,100.0
F11,1440,2713.0,86,151.0
F13,1440,2753.0,102,107.0
F15,1440,2604.0,118,95.0
F17,1440,2690.0,134,172.0
F19,1440,2629.0,150,126.0
F21,1440,2757.0,166,96.0
F23,1440,2503.0,182,103.0
G1,1440,2657.0,7,75.0
G3,1440,2543.0,23,82.0
G5,1440,2577.0,39,193.0
G7,1440,3188.0,55,546.0
G9,1440,2562.0,71,49.0
G11,1440,2522.0,87,97.0
G13,1440,2601.0,103,55.0
G15,1440,2423.0,119,142.0
G17,1440,2573.0,135,111.0
G19,1440,3289.0,151,689.0
G21,1440,2950.0,167,565.0
G23,1440,2429.0,183,122.0
H1,1440,2560.0,8,75.0
H3,1440,2553.0,24,68.0
H5,1440,2577.0,40,61.0
H7,1440,2597.0,56,69.0
H9,1440,2627.0,72,71.0
H11,1440,2534.0,88,180.0
H13,1440,2593.0,104,76.0
H15,1440,2479.0,120,67.0
H17,1440,2679.0,136,63.0
H19,1440,2572.0,152,75.0
H21,1440,2561.0,168,205.0
H23,1440,2755.0,184,252.0
E1,1680,2576.0,5,143.0
E3,1680,2441.0,21,120.0
E5,1680,2641.0,37,104.0
E7,1680,2673.0,53,83.0
E9,1680,2551.0,69,82.0
E11,1680,2989.0,85,76.0
E13,1680,2803.0,101,111.0
E15,1680,3027.0,117,129.0
E17,1680,2885.0,133,155.0
E19,1680,2890.0,149,154.0
E21,1680,2571.0,165,129.0
E23,1680,2555.0,181,83.0
F1,1680,2583.0,6,83.0
F3,1680,2595.0,22,86.0
F5,1680,2552.0,38,104.0
F7,1680,2824.0,54,161.0
F9,1680,2758.0,70,94.0
F11,1680,2707.0,86,145.0
F13,1680,2743.0,102,97.0
F15,1680,2601.0,118,92.0
F17,1680,2713.0,134,195.0
F19,1680,2629.0,150,126.0
F21,1680,2772.0,166,111.0
F23,1680,2529.0,182,129.0
G1,1680,2653.0,7,71.0
G3,1680,2548.0,23,87.0
G5,1680,2586.0,39,202.0
G7,1680,3298.0,55,656.0
G9,1680,2550.0,71,37.0
G11,1680,2530.0,87,105.0
G13,1680,2589.0,103,43.0
G15,1680,2422.0,119,141.0
G17,1680,2573.0,135,111.0
G19,1680,3396.0,151,796.0
G21,1680,3040.0,167,655.0
G23,1680,2442.0,183,135.0
H1,1680,2567.0,8,82.0
H3,1680,2560.0,24,75.0
H5,1680,2575.0,40,59.0
H7,1680,2596.0,56,68.0
H9,1680,2623.0,72,67.0
H11,1680,2556.0,88,202.0
H13,1680,2604.0,104,87.0
H15,1680,2482.0,120,70.0
H17,1680,2674.0,136,58.0
H19,1680,2570.0,152,73.0
H21,1680,2585.0,168,229.0
H23,1680,2798.0,184,295.0
E1,1920,2579.0,5,146.0
E3,1920,2436.0,21,115.0
E5,1920,2652.0,37,115.0
E7,1920,2680.0,53,90.0
E9,1920,2561.0,69,92.0
E11,1920,2997.0,85,84.0
E13,1920,2800.0,101,108.0
E15,1920,3025.0,117,127.0
E17,1920,2885.0,133,155.0
E19,1920,2901.0,149,165.0
E21,1920,2592.0,165,150.0
E23,1920,2564.0,181,92.0
F1,1920,2591.0,6,91.0
F3,1920,2595.0,22,86.0
F5,1920,2561.0,38,113.0
F7,1920,2828.0,54,165.0
F9,1920,2770.0,70,106.0
F11,1920,2705.0,86,143.0
F13,1920,2745.0,102,99.0
F15,1920,2597.0,118,88.0
F17,1920,2737.0,134,219.0
F19,1920,2638.0,150,135.0
F21,1920,2761.0,166,100.0
F23,1920,2518.0,182,118.0
G1,1920,2653.0,7,71.0
G3,1920,2549.0,23,88.0
G5,1920,2596.0,39,212.0
G7,1920,3386.0,55,744.0
G9,1920,2561.0,71,48.0
G11,1920,2534.0,87,109.0
G13,1920,2597.0,103,51.0
G15,1920,2424.0,119,143.0
G17,1920,2567.0,135,105.0
G19,1920,3502.0,151,902.0
G21,1920,3127.0,167,742.0
G23,1920,2428.0,183,121.0
H1,1920,2561.0,8,76.0
H3,1920,2557.0,24,72.0
H5,1920,2572.0,40,56.0
H7,1920,2589.0,56,61.0
H9,1920,2632.0,72,76.0
H11,1920,2557.0,88,203.0
H13,1920,2604.0,104,87.0
H15,1920,2484.0,120,72.0
H17,1920,2664.0,136,48.0
H19,1920,2582.0,152,85.0
H21,1920,2624.0,168,268.0
H23,1920,2834.0,184,331.0
E1,2160,2576.0,5,143.0
E3,2160,2449.0,21,128.0
E5,2160,2651.0,37,114.0
E7,2160,2677.0,53,87.0
E9,2160,2560.0,69,91.0
E11,2160,3009.0,85,96.0
E13,2160,2812.0,101,120.0
E15,2160,3043.0,117,145.0
E17,2160,2907.0,133,177.0
E19,2160,2914.0,149,178.0
E21,2160,2621.0,165,179.0
E23,2160,2556.0,181,84.0
F1,2160,2592.0,6,92.0
F3,2160,2604.0,22,95.0
F5,2160,2561.0,38,113.0
F7,2160,2822.0,54,159.0
F9,2160,2778.0,70,114.0
F11,2160,2720.0,86,158.0
F13,2160,2753.0,102,107.0
F15,2160,2600.0,118,91.0
F17,2160,2762.0,134,244.0
F19,2160,2648.0,150,145.0
F21,2160,2765.0,166,104.0
F23,2160,2517.0,182,117.0
G1,2160,2664.0,7,82.0
G3,2160,2553.0,23,92.0
G5,2160,2608.0,39,224.0
G7,2160,3475.0,55,833.0
G9,2160,2552.0,71,39.0
G11,2160,2547.0,87,122.0
G13,2160,2607.0,103,61.0
G15,2160,2429.0,119,148.0
G17,2160,2573.0,135,111.0
G19,2160,3601.0,151,1001.0
G21,2160,3204.0,167,819.0
G23,2160,2448.0,183,141.0
H1,2160,2563.0,8,78.0
H3,2160,2561.0,24,76.0
H5,2160,2574.0,40,58.0
H7,2160,2592.0,56,64.0
H9,2160,2617.0,72,61.0
H11,2160,2566.0,88,212.0
H13,2160,2607.0,104,90.0
H15,2160,2494.0,120,82.0
H17,2160,2677.0,136,61.0
H19,2160,2583.0,152,86.0
H21,2160,2659.0,168,303.0
H23,2160,2884.0,184,381.0
E1,2400,2580.0,5,147.0
E3,2400,2436.0,21,115.0
E5,2400,2653.0,37,116.0
E7,2400,2672.0,53,82.0
E9,2400,2566.0,69,97.0
E11,2400,3012.0,85,99.0
E13,2400,2816.0,101,124.0
E15,2400,3061.0,117,163.0
E17,2400,2911.0,133,181.0
E19,2400,2916.0,149,180.0
E21,2400,2632.0,165,190.0
E23,2400,2560.0,181,88.0
F1,2400,2591.0,6,91.0
F3,2400,2603.0,22,94.0
F5,2400,2568.0,38,120.0
F7,2400,2838.0,54,175.0
F9,2400,2768.0,70,104.0
F11,2400,2709.0,86,147.0
F13,2400,2743.0,102,97.0
F15,2400,2603.0,118,94.0
F17,2400,2781.0,134,263.0
F19,2400,2651.0,150,148.0
F21,2400,2759.0,166,98.0
F23,2400,2531.0,182,131.0
G1,2400,2643.0,7,61.0
G3,2400,2557.0,23,96.0
G5,2400,2609.0,39,225.0
G7,2400,3556.0,55,914.0
G9,2400,2555.0,71,42.0
G11,2400,2551.0,87,126.0
G13,2400,2603.0,103,57.0
G15,2400,2423.0,119,142.0
G17,2400,2581.0,135,119.0
G19,2400,3664.0,151,1064.0
G21,2400,3282.0,167,897.0
G23,2400,2448.0,183,141.0
H1,2400,2567.0,8,82.0
H3,2400,2552.0,24,67.0
H5,2400,2580.0,40,64.0
H7,2400,2599.0,56,71.0
H9,2400,2630.0,72,74.0
H11,2400,2561.0,88,207.0
H13,2400,2607.0,104,90.0
H15,2400,2498.0,120,86.0
H17,2400,2678.0,136,62.0
H19,2400,2587.0,152,90.0
H21,2400,2689.0,168,333.0
H23,2400,2896.0,184,393.0
E1,2640,2576.0,5,143.0
E3,2640,2454.0,21,133.0
E5,2640,2665.0,37,128.0
E7,2640,2688.0,53,98.0
E9,2640,2578.0,69,109.0
E11,2640,3018.0,85,105.0
E13,2640,2818.0,101,126.0
E15,2640,3055.0,117,157.0
E17,2640,2920.0,133,190.0
E19,2640,2899.0,149,163.0
E21,2640,2648.0,165,206.0
E23,2640,2556.0,181,84.0
F1,2640,2598.0,6,98.0
F3,2640,2610.0,22,101.0
F5,2640,2565.0,38,117.0
F7,2640,2830.0,54,167.0
F9,2640,2783.0,70,119.0
F11,2640,2716.0,86,154.0
F13,2640,2736.0,102,90.0
F15,2640,2601.0,118,92.0
F17,2640,2820.0,134,302.0
F19,2640,2651.0,150,148.0
F21,2640,2758.0,166,97.0
F23,2640,2541.0,182,141.0
G1,2640,2647.0,7,65.0
G3,2640,2559.0,23,98.0
G5,2640,2615.0,39,231.0
G7,2640,3631.0,55,989.0
G9,2640,2576.0,71,63.0
G11,2640,2547.0,87,122.0
G13,2640,2600.0,103,54.0
G15,2640,2423.0,119,142.0
G17,2640,2585.0,135,123.0
G19,2640,3731.0,151,1131.0
G21,2640,3343.0,167,958.0
G23,2640,2446.0,183,139.0
H1,2640,2576.0,8,91.0
H3,2640,2548.0,24,63.0
H5,2640,2575.0,40,59.0
H7,2640,2596.0,56,68.0
H9,2640,2616.0,72,60.0
H11,2640,2578.0,88,224.0
H13,2640,2613.0,104,96.0
H15,2640,2497.0,120,85.0
H17,2640,2670.0,136,54.0
H19,2640,2588.0,152,91.0
H21,2640,2724.0,168,368.0
H23,2640,2936.0,184,433.0
E1,2880,2588.0,5,155.0
E3,2880,2449.0,21,128.0
E5,2880,2669.0,37,132.0
E7,2880,2688.0,53,98.0
E9,2880,2579.0,69,110.0
E11,2880,3025.0,85,112.0
E13,2880,2821.0,101,129.0
E15,2880,3071.0,117,173.0
E17,2880,2921.0,133,191.0
E19,2880,2920.0,149,184.0
E21,2880,2658.0,165,216.0
E23,2880,2562.0,181,90.0
F1,2880,2600.0,6,100.0
F3,2880,2609.0,22,100.0
F5,2880,2577.0,38,129.0
F7,2880,2837.0,54,174.0
F9,2880,2772.0,70,108.0
F11,2880,2723.0,86,161.0
F13,2880,2756.0,102,110.0
F15,2880,2602.0,118,93.0
F17,2880,2856.0,134,338.0
F19,2880,2654.0,150,151.0
F21,2880,2766.0,166,105.0
F23,2880,2533.0,182,133.0
G1,2880,2644.0,7,62.0
G3,2880,2558.0,23,97.0
G5,2880,2610.0,39,226.0
G7,2880,3680.0,55,1038.0
G9,2880,2568.0,71,55.0
G11,2880,2564.0,87,139.0
G13,2880,2609.0,103,63.0
G15,2880,2428.0,119,147.0
G17,2880,2587.0,135,125.0
G19,2880,3811.0,151,1211.0
G21,2880,3413.0,167,1028.0
G23,2880,2453.0,183,146.0
H1,2880,2554.0,8,69.0
H3,2880,2559.0,24,74.0
H5,2880,2569.0,40,53.0
H7,2880,2597.0,56,69.0
H9,2880,2624.0,72,68.0
H11,2880,2581.0,88,227.0
H13,2880,2609.0,104,92.0
H15,2880,2503.0,120,91.0
H17,2880,2679.0,136,63.0
H19,2880,2591.0,152,94.0
H21,2880,2760.0,168,404.0
H23,2880,2975.0,184,472.0
E1,3120,2589.0,5,156.0
E3,3120,2460.0,21,139.0
E5,3120,2664.0,37,127.0
E7,3120,2678.0,53,88.0
E9,3120,2583.0,69,114.0
E11,3120,3019.0,85,106.0
E13,3120,2820.0,101,128.0
E15,3120,3062.0,117,164.0
E17,3120,2920.0,133,190.0
E19,3120,2907.0,149,171.0
E21,3120,2664.0,165,222.0
E23,3120,2563.0,181,91.0
F1,3120,2605.0,6,105.0
F3,3120,2621.0,22,112.0
F5,3120,2584.0,38,136.0
F7,3120,2843.0,54,180.0
F9,3120,2794.0,70,130.0
F11,3120,2724.0,86,162.0
F13,3120,2747.0,102,101.0
F15,3120,2599.0,118,90.0
F17,3120,2864.0,134,346.0
F19,3120,2658.0,150,155.0
F21,3120,2775.0,166,114.0
F23,3120,2538.0,182,138.0
G1,3120,2639.0,7,57.0
G3,3120,2560.0,23,99.0
G5,3120,2621.0,39,237.0
G7,3120,3742.0,55,1100.0
G9,3120,2561.0,71,48.0
G11,3120,2571.0,87,146.0
G13,3120,2600.0,103,54.0
G15,3120,2434.0,119,153.0
G17,3120,2575.0,135,113.0
G19,3120,3844.0,151,1244.0
G21,3120,3471.0,167,1086.0
G23,3120,2456.0,183,149.0
H1,3120,2572.0,8,87.0
H3,3120,2565.0,24,80.0
H5,3120,2580.0,40,64.0
H7,3120,2596.0,56,68.0
H9,3120,2649.0,72,93.0
H11,3120,2577.0,88,223.0
H13,3120,2614.0,104,97.0
H15,3120,2501.0,120,89.0
H17,3120,2668.0,136,52.0
H19,3120,2592.0,152,95.0
H21,3120,2790.0,168,434.0
H23,3120,3016.0,184,513.0
E1,3360,2594.0,5,161.0
E3,3360,2447.0,21,126.0
E5,3360,2665.0,37,128.0
E7,3360,2671.0,53,81.0
E9,3360,2568.0,69,99.0
E11,3360,3027.0,85,114.0
E13,3360,2817.0,101,125.0
E15,3360,3064.0,117,166.0
E17,3360,2920.0,133,190.0
E19,3360,2918.0,149,182.0
E21,3360,2692.0,165,250.0
E23,3360,2569.0,181,97.0
F1,3360,2603.0,6,103.0
F3,3360,2628.0,22,119.0
F5,3360,2599.0,38,151.0
F7,3360,2845.0,54,182.0
F9,3360,2790.0,70,126.0
F11,3360,2714.0,86,152.0
F13,3360,2738.0,102,92.0
F15,3360,2610.0,118,101.0
F17,3360,2900.0,134,382.0
F19,3360,2644.0,150,141.0
F21,3360,2764.0,166,103.0
F23,3360,2535.0,182,135.0
G1,3360,2644.0,7,62.0
G3,3360,2561.0,23,100.0
G5,3360,2632.0,39,248.0
G7,3360,3784.0,55,1142.0
G9,3360,2556.0,71,43.0
G11,3360,2576.0,87,151.0
G13,3360,2598.0,103,52.0
G15,3360,2431.0,119,150.0
G17,3360,2581.0,135,119.0
G19,3360,3890.0,151,1290.0
G21,3360,3501.0,167,1116.0
G23,3360,2461.0,183,154.0
H1,3360,2558.0,8,73.0
H3,3360,2564.0,24,79.0
H5,3360,2573.0,40,57.0
H7,3360,2586.0,56,58.0
H9,3360,2629.0,72,73.0
H11,3360,2570.0,88,216.0
H13,3360,2610.0,104,93.0
H15,3360,2507.0,120,95.0
H17,3360,2676.0,136,60.0
H19,3360,2588.0,152,91.0
H21,3360,2820.0,168,464.0
H23,3360,3038.0,184,535.0
E1,3600,2586.0,5,153.0
E3,3600,2455.0,21,134.0
E5,3600,2677.0,37,140.0
E7,3600,2681.0,53,91.0
E9,3600,2584.0,69,115.0
E11,3600,3047.0,85,134.0
E13,3600,2818.0,101,126.0
E15,3600,3066.0,117,168.0
E17,3600,2923.0,133,193.0
E19,3600,2917.0,149,181.0
E21,3600,2697.0,165,255.0
E23,3600,2565.0,181,93.0
F1,3600,2610.0,6,110.0
F3,3600,2622.0,22,113.0
F5,3600,2599.0,38,151.0
F7,3600,2843.0,54,180.0
F9,3600,2778.0,70,114.0
F11,3600,2723.0,86,161.0
F13,3600,2743.0,102,97.0
F15,3600,2607.0,118,98.0
F17,3600,2940.0,134,422.0
F19,3600,2647.0,150,144.0
F21,3600,2748.0,166,87.0
F23,3600,2534.0,182,134.0
G1,3600,2645.0,7,63.0
G3,3600,2545.0,23,84.0
G5,3600,2632.0,39,248.0
G7,3600,3828.0,55,1186.0
G9,3600,2557.0,71,44.0
G11,3600,2592.0,87,167.0
G13,3600,2586.0,103,40.0
G15,3600,2425.0,119,144.0
G17,3600,2588.0,135,126.0
G19,3600,3924.0,151,1324.0
G21,3600,3547.0,167,1162.0
G23,3600,2445.0,183,138.0
H1,3600,2553.0,8,68.0
H3,3600,2565.0,24,80.0
H5,3600,2570.0,40,54.0
H7,3600,2601.0,56,73.0
H9,3600,2630.0,72,74.0
H11,3600,2576.0,88,222.0
H13,3600,2597.0,104,80.0
H15,3600,2510.0,120,98.0
H17,3600,2662.0,136,46.0
H19,3600,2606.0,152,109.0
H21,3600,2854.0,168,498.0
H23,3600,3082.0,184,579.0
I1,0,2256.0,9,0.0
I3,0,2263.0,25,0.0
I5,0,2248.0,41,0.0
I7,0,2266.0,57,0.0
I9,0,2314.0,73,0.0
I11,0,2187.0,89,0.0
I13,0,2201.0,105,0.0
I15,0,2267.0,121,0.0
I17,0,2276.0,137,0.0
I19,0,2330.0,153,0.0
I21,0,2209.0,169,0.0
I23,0,2249.0,185,0.0
J1,0,2465.0,10,0.0
J3,0,2476.0,26,0.0
J5,0,2453.0,42,0.0
J7,0,2461.0,58,0.0
J9,0,2492.0,74,0.0
J11,0,2589.0,90,0.0
J13,0,2607.0,106,0.0
J15,0,2630.0,122,0.0
J17,0,2554.0,138,0.0
J19,0,2585.0,154,0.0
J21,0,2514.0,170,0.0
J23,0,2506.0,186,0.0
K1,0,2448.0,11,0.0
K3,0,2433.0,27,0.0
K5,0,2458.0,43,0.0
K7,0,2482.0,59,0.0
K9,0,2465.0,75,0.0
K11,0,2567.0,91,0.0
K13,0,2573.0,107,0.0
K15,0,2696.0,123,0.0
K17,0,2696.0,139,0.0
K19,0,2574.0,155,0.0
K21,0,2543.0,171,0.0
K23,0,2561.0,187,0.0
L1,0,2359.0,12,0.0
L3,0,2367.0,28,0.0
L5,0,2386.0,44,0.0
L7,0,2580.0,60,0.0
L9,0,2599.0,76,0.0
L11,0,2634.0,92,0.0
L13,0,2510.0,108,0.0
L15,0,2593.0,124,0.0
L17,0,2626.0,140,0.0
L19,0,2616.0,156,0.0
L21,0,2600.0,172,0.0
L23,0,2528.0,188,0.0
I1,240,2309.0,9,53.0
I3,240,2295.0,25,32.0
I5,240,2282.0,41,34.0
I7,240,2318.0,57,52.0
I9,240,2357.0,73,43.0
I11,240,2242.0,89,55.0
I13,240,2253.0,105,52.0
I15,240,2303.0,121,36.0
I17,240,2345.0,137,69.0
I19,240,2386.0,153,56.0
I21,240,2295.0,169,86.0
I23,240,2314.0,185,65.0
J1,240,2529.0,10,64.0
J3,240,2563.0,26,87.0
J5,240,2537.0,42,84.0
J7,240,2520.0,58,59.0
J9,240,2573.0,74,81.0
J11,240,2625.0,90,36.0
J13,240,2651.0,106,44.0
J15,240,2662.0,122,32.0
J17,240,2641.0,138,87.0
J19,240,2642.0,154,57.0
J21,240,2564.0,170,50.0
J23,240,2600.0,186,94.0
K1,240,2541.0,11,93.0
K3,240,2491.0,27,58.0
K5,240,2540.0,43,82.0
K7,240,2582.0,59,100.0
K9,240,2532.0,75,67.0
K11,240,2631.0,91,64.0
K13,240,2635.0,107,62.0
K15,240,2754.0,123,58.0
K17,240,2747.0,139,51.0
K19,240,2634.0,155,60.0
K21,240,2602.0,171,59.0
K23,240,2650.0,187,89.0
L1,240,2454.0,12,95.0
L3,240,2471.0,28,104.0
L5,240,2477.0,44,91.0
L7,240,2640.0,60,60.0
L9,240,2658.0,76,59.0
L11,240,2695.0,92,61.0
L13,240,2601.0,108,91.0
L15,240,2646.0,124,53.0
L17,240,2670.0,140,44.0
L19,240,2661.0,156,45.0
L21,240,2686.0,172,86.0
L23,240,2603.0,188,75.0
I1,480,2327.0,9,71.0
I3,480,2323.0,25,60.0
I5,480,2307.0,41,59.0
I7,480,2334.0,57,68.0
I9,480,2380.0,73,66.0
I11,480,2253.0,89,66.0
I13,480,2262.0,105,61.0
I15,480,2324.0,121,57.0
I17,480,2362.0,137,86.0
I19,480,2407.0,153,77.0
I21,480,2334.0,169,125.0
I23,480,2345.0,185,96.0
J1,480,2564.0,10,99.0
J3,480,2610.0,26,134.0
J5,480,2561.0,42,108.0
J7,480,2540.0,58,79.0
J9,480,2602.0,74,110.0
J11,480,2647.0,90,58.0
J13,480,2672.0,106,65.0
J15,480,2683.0,122,53.0
J17,480,2671.0,138,117.0
J19,480,2674.0,154,89.0
J21,480,2584.0,170,70.0
J23,480,2630.0,186,124.0
K1,480,2560.0,11,112.0
K3,480,2524.0,27,91.0
K5,480,2591.0,43,133.0
K7,480,2632.0,59,150.0
K9,480,2545.0,75,80.0
K11,480,2652.0,91,85.0
K13,480,2680.0,107,107.0
K15,480,2777.0,123,81.0
K17,480,2794.0,139,98.0
K19,480,2662.0,155,88.0
K21,480,2637.0,171,94.0
K23,480,2670.0,187,109.0
L1,480,2531.0,12,172.0
L3,480,2515.0,28,148.0
L5,480,2533.0,44,147.0
L7,480,2667.0,60,87.0
L9,480,2679.0,76,80.0
L11,480,2704.0,92,70.0
L13,480,2635.0,108,125.0
L15,480,2684.0,124,91.0
L17,480,2698.0,140,72.0
L19,480,2691.0,156,75.0
L21,480,2714.0,172,114.0
L23,480,2634.0,188,106.0
I1,720,2339.0,9,83.0
I3,720,2328.0,25,65.0
I5,720,2320.0,41,72.0
I7,720,2344.0,57,78.0
I9,720,2407.0,73,93.0
I11,720,2277.0,89,90.0
I13,720,2287.0,105,86.0
I15,720,2333.0,121,66.0
I17,720,2388.0,137,112.0
I19,720,2425.0,153,95.0
I21,720,2344.0,169,135.0
I23,720,2353.0,185,104.0
J1,720,2576.0,10,111.0
J3,720,2619.0,26,143.0
J5,720,2599.0,42,146.0
J7,720,2562.0,58,101.0
J9,720,2625.0,74,133.0
J11,720,2660.0,90,71.0
J13,720,2694.0,106,87.0
J15,720,2710.0,122,80.0
J17,720,2700.0,138,146.0
J19,720,2701.0,154,116.0
J21,720,2604.0,170,90.0
J23,720,2658.0,186,152.0
K1,720,2576.0,11,128.0
K3,720,2538.0,27,105.0
K5,720,2603.0,43,145.0
K7,720,2664.0,59,182.0
K9,720,2569.0,75,104.0
K11,720,2675.0,91,108.0
K13,720,2685.0,107,112.0
K15,720,2796.0,123,100.0
K17,720,2800.0,139,104.0
K19,720,2680.0,155,106.0
K21,720,2648.0,171,105.0
K23,720,2686.0,187,125.0
L1,720,2594.0,12,235.0
L3,720,2542.0,28,175.0
L5,720,2579.0,44,193.0
L7,720,2681.0,60,101.0
L9,720,2688.0,76,89.0
L11,720,2724.0,92,90.0
L13,720,2669.0,108,159.0
L15,720,2693.0,124,100.0
L17,720,2707.0,140,81.0
L19,720,2699.0,156,83.0
L21,720,2730.0,172,130.0
L23,720,2667.0,188,139.0
I1,960,2343.0,9,87.0
I3,960,2344.0,25,81.0
I5,960,2329.0,41,81.0
I7,960,2357.0,57,91.0
I9,960,2402.0,73,88.0
I11,960,2284.0,89,97.0
I13,960,2293.0,105,92.0
I15,960,2349.0,121,82.0
I17,960,2387.0,137,111.0
I19,960,2427.0,153,97.0
I21,960,2354.0,169,145.0
I23,960,2356.0,185,107.0
J1,960,2589.0,10,124.0
J3,960,2624.0,26,148.0
J5,960,2593.0,42,140.0
J7,960,2570.0,58,109.0
J9,960,2626.0,74,134.0
J11,960,2672.0,90,83.0
J13,960,2691.0,106,84.0
J15,960,2716.0,122,86.0
J17,960,2700.0,138,146.0
J19,960,2712.0,154,127.0
J21,960,2616.0,170,102.0
J23,960,2667.0,186,161.0
K1,960,2584.0,11,136.0
K3,960,2550.0,27,117.0
K5,960,2618.0,43,160.0
K7,960,2651.0,59,169.0
K9,960,2583.0,75,118.0
K11,960,2681.0,91,114.0
K13,960,2698.0,107,125.0
K15,960,2802.0,123,106.0
K17,960,2807.0,139,111.0
K19,960,2687.0,155,113.0
K21,960,2666.0,171,123.0
K23,960,2701.0,187,140.0
L1,960,2625.0,12,266.0
L3,960,2552.0,28,185.0
L5,960,2599.0,44,213.0
L7,960,2680.0,60,100.0
L9,960,2692.0,76,93.0
L11,960,2723.0,92,89.0
L13,960,2672.0,108,162.0
L15,960,2704.0,124,111.0
L17,960,2711.0,140,85.0
L19,960,2699.0,156,83.0
L21,960,2743.0,172,143.0
L23,960,2677.0,188,149.0
I1,1200,2353.0,9,97.0
I3,1200,2348.0,25,85.0
I5,1200,2338.0,41,90.0
I7,1200,2356.0,57,90.0
I9,1200,2406.0,73,92.0
I11,1200,2290.0,89,103.0
I13,1200,2293.0,105,92.0
I15,1200,2360.0,121,93.0
I17,1200,2390.0,137,114.0
I19,1200,2420.0,153,90.0
I21,1200,2361.0,169,152.0
I23,1200,2366.0,185,117.0
J1,1200,2600.0,10,135.0
J3,1200,2622.0,26,146.0
J5,1200,2603.0,42,150.0
J7,1200,2584.0,58,123.0
J9,1200,2636.0,74,144.0
J11,1200,2673.0,90,84.0
J13,1200,2705.0,106,98.0
J15,1200,2724.0,122,94.0
J17,1200,2703.0,138,149.0
J19,1200,2713.0,154,128.0
J21,1200,2630.0,170,116.0
J23,1200,2669.0,186,163.0
K1,1200,2578.0,11,130.0
K3,1200,2551.0,27,118.0
K5,1200,2615.0,43,157.0
K7,1200,2660.0,59,178.0
K9,1200,2580.0,75,115.0
K11,1200,2694.0,91,127.0
K13,1200,2704.0,107,131.0
K15,1200,2804.0,123,108.0
K17,1200,2803.0,139,107.0
K19,1200,2685.0,155,111.0
K21,1200,2671.0,171,128.0
K23,1200,2702.0,187,141.0
L1,1200,2636.0,12,277.0
L3,1200,2563.0,28,196.0
L5,1200,2607.0,44,221.0
L7,1200,2680.0,60,100.0
L9,1200,2693.0,76,94.0
L11,1200,2739.0,92,105.0
L13,1200,2682.0,108,172.0
L15,1200,2705.0,124,112.0
L17,1200,2710.0,140,84.0
L19,1200,2707.0,156,91.0
L21,1200,2752.0,172,152.0
L23,1200,2668.0,188,140.0
I1,1440,2354.0,9,98.0
I3,1440,2351.0,25,88.0
I5,1440,2338.0,41,90.0
I7,1440,2369.0,57,103.0
I9,1440,2424.0,73,110.0
I11,1440,2291.0,89,104.0
I13,1440,2291.0,105,90.0
I15,1440,2349.0,121,82.0
I17,1440,2395.0,137,119.0
I19,1440,2426.0,153,96.0
I21,1440,2364.0,169,155.0
I23,1440,2373.0,185,124.0
J1,1440,2606.0,10,141.0
J3,1440,2621.0,26,145.0
J5,1440,2595.0,42,142.0
J7,1440,2587.0,58,126.0
J9,1440,2635.0,74,143.0
J11,1440,2668.0,90,79.0
J13,1440,2707.0,106,100.0
J15,1440,2733.0,122,103.0
J17,1440,2696.0,138,142.0
J19,1440,2704.0,154,119.0
J21,1440,2620.0,170,106.0
J23,1440,2677.0,186,171.0
K1,1440,2584.0,11,136.0
K3,1440,2559.0,27,126.0
K5,1440,2611.0,43,153.0
K7,1440,2665.0,59,183.0
K9,1440,2600.0,75,135.0
K11,1440,2693.0,91,126.0
K13,1440,2704.0,107,131.0
K15,1440,2814.0,123,118.0
K17,1440,2819.0,139,123.0
K19,1440,2682.0,155,108.0
K21,1440,2675.0,171,132.0
K23,1440,2706.0,187,145.0
L1,1440,2630.0,12,271.0
L3,1440,2554.0,28,187.0
L5,1440,2600.0,44,214.0
L7,1440,2689.0,60,109.0
L9,1440,2684.0,76,85.0
L11,1440,2741.0,92,107.0
L13,1440,2678.0,108,168.0
L15,1440,2709.0,124,116.0
L17,1440,2718.0,140,92.0
L19,1440,2697.0,156,81.0
L21,1440,2745.0,172,145.0
L23,1440,2670.0,188,142.0
I1,1680,2361.0,9,105.0
I3,1680,2354.0,25,91.0
I5,1680,2338.0,41,90.0
I7,1680,2372.0,57,106.0
I9,1680,2413.0,73,99.0
I11,1680,2302.0,89,115.0
I13,1680,2300.0,105,99.0
I15,1680,2365.0,121,98.0
I17,1680,2403.0,137,127.0
I19,1680,2434.0,153,104.0
I21,1680,2368.0,169,159.0
I23,1680,2379.0,185,130.0
J1,1680,2609.0,10,144.0
J3,1680,2625.0,26,149.0
J5,1680,2598.0,42,145.0
J7,1680,2596.0,58,135.0
J9,1680,2632.0,74,140.0
J11,1680,2673.0,90,84.0
J13,1680,2709.0,106,102.0
J15,1680,2738.0,122,108.0
J17,1680,2711.0,138,157.0
J19,1680,2707.0,154,122.0
J21,1680,2626.0,170,112.0
J23,1680,2680.0,186,174.0
K1,1680,2591.0,11,143.0
K3,1680,2562.0,27,129.0
K5,1680,2617.0,43,159.0
K7,1680,2662.0,59,180.0
K9,1680,2604.0,75,139.0
K11,1680,2695.0,91,128.0
K13,1680,2701.0,107,128.0
K15,1680,2812.0,123,116.0
K17,1680,2810.0,139,114.0
K19,1680,2688.0,155,114.0
K21,1680,2664.0,171,121.0
K23,1680,2709.0,187,148.0
L1,1680,2644.0,12,285.0
L3,1680,2576.0,28,209.0
L5,1680,2612.0,44,226.0
L7,1680,2691.0,60,111.0
L9,1680,2688.0,76,89.0
L11,1680,2752.0,92,118.0
L13,1680,2695.0,108,185.0
L15,1680,2717.0,124,124.0
L17,1680,2717.0,140,91.0
L19,1680,2702.0,156,86.0
L21,1680,2761.0,172,161.0
L23,1680,2673.0,188,145.0
I1,1920,2360.0,9,104.0
I3,1920,2357.0,25,94.0
I5,1920,2345.0,41,97.0
I7,1920,2366.0,57,100.0
I9,1920,2409.0,73,95.0
I11,1920,2304.0,89,117.0
I13,1920,2294.0,105,93.0
I15,1920,2354.0,121,87.0
I17,1920,2392.0,137,116.0
I19,1920,2426.0,153,96.0
I21,1920,2373.0,169,164.0
I23,1920,2383.0,185,134.0
J1,1920,2612.0,10,147.0
J3,1920,2635.0,26,159.0
J5,1920,2598.0,42,145.0
J7,1920,2589.0,58,128.0
J9,1920,2627.0,74,135.0
J11,1920,2675.0,90,86.0
J13,1920,2716.0,106,109.0
J15,1920,2743.0,122,113.0
J17,1920,2712.0,138,158.0
J19,1920,2718.0,154,133.0
J21,1920,2635.0,170,121.0
J23,1920,2675.0,186,169.0
K1,1920,2608.0,11,160.0
K3,1920,2552.0,27,119.0
K5,1920,2611.0,43,153.0
K7,1920,2658.0,59,176.0
K9,1920,2592.0,75,127.0
K11,1920,2708.0,91,141.0
K13,1920,2699.0,107,126.0
K15,1920,2823.0,123,127.0
K17,1920,2820.0,139,124.0
K19,1920,2687.0,155,113.0
K21,1920,2668.0,171,125.0
K23,1920,2722.0,187,161.0
L1,1920,2646.0,12,287.0
L3,1920,2572.0,28,205.0
L5,1920,2606.0,44,220.0
L7,1920,2679.0,60,99.0
L9,1920,2705.0,76,106.0
L11,1920,2737.0,92,103.0
L13,1920,2683.0,108,173.0
L15,1920,2717.0,124,124.0
L17,1920,2724.0,140,98.0
L19,1920,2707.0,156,91.0
L21,1920,2754.0,172,154.0
L23,1920,2683.0,188,155.0
I1,2160,2369.0,9,113.0
I3,2160,2363.0,25,100.0
I5,2160,2347.0,41,99.0
I7,2160,2355.0,57,89.0
I9,2160,2420.0,73,106.0
I11,2160,2304.0,89,117.0
I13,2160,2304.0,105,103.0
I15,2160,2366.0,121,99.0
I17,2160,2399.0,137,123.0
I19,2160,2433.0,153,103.0
I21,2160,2378.0,169,169.0
I23,2160,2384.0,185,135.0
J1,2160,2621.0,10,156.0
J3,2160,2634.0,26,158.0
J5,2160,2608.0,42,155.0
J7,2160,2600.0,58,139.0
J9,2160,2648.0,74,156.0
J11,2160,2685.0,90,96.0
J13,2160,2726.0,106,119.0
J15,2160,2742.0,122,112.0
J17,2160,2713.0,138,159.0
J19,2160,2724.0,154,139.0
J21,2160,2648.0,170,134.0
J23,2160,2685.0,186,179.0
K1,2160,2603.0,11,155.0
K3,2160,2565.0,27,132.0
K5,2160,2620.0,43,162.0
K7,2160,2675.0,59,193.0
K9,2160,2597.0,75,132.0
K11,2160,2709.0,91,142.0
K13,2160,2722.0,107,149.0
K15,2160,2826.0,123,130.0
K17,2160,2825.0,139,129.0
K19,2160,2698.0,155,124.0
K21,2160,2686.0,171,143.0
K23,2160,2716.0,187,155.0
L1,2160,2646.0,12,287.0
L3,2160,2585.0,28,218.0
L5,2160,2620.0,44,234.0
L7,2160,2698.0,60,118.0
L9,2160,2698.0,76,99.0
L11,2160,2737.0,92,103.0
L13,2160,2686.0,108,176.0
L15,2160,2726.0,124,133.0
L17,2160,2729.0,140,103.0
L19,2160,2714.0,156,98.0
L21,2160,2770.0,172,170.0
L23,2160,2685.0,188,157.0
I1,2400,2374.0,9,118.0
I3,2400,2364.0,25,101.0
I5,2400,2345.0,41,97.0
I7,2400,2365.0,57,99.0
I9,2400,2418.0,73,104.0
I11,2400,2318.0,89,131.0
I13,2400,2301.0,105,100.0
I15,2400,2366.0,121,99.0
I17,2400,2410.0,137,134.0
I19,2400,2443.0,153,113.0
I21,2400,2375.0,169,166.0
I23,2400,2375.0,185,126.0
J1,2400,2607.0,10,142.0
J3,2400,2640.0,26,164.0
J5,2400,2620.0,42,167.0
J7,2400,2595.0,58,134.0
J9,2400,2641.0,74,149.0
J11,2400,2686.0,90,97.0
J13,2400,2725.0,106,118.0
J15,2400,2733.0,122,103.0
J17,2400,2709.0,138,155.0
J19,2400,2709.0,154,124.0
J21,2400,2648.0,170,134.0
J23,2400,2694.0,186,188.0
K1,2400,2606.0,11,158.0
K3,2400,2567.0,27,134.0
K5,2400,2610.0,43,152.0
K7,2400,2663.0,59,181.0
K9,2400,2595.0,75,130.0
K11,2400,2710.0,91,143.0
K13,2400,2697.0,107,124.0
K15,2400,2827.0,123,131.0
K17,2400,2829.0,139,133.0
K19,2400,2696.0,155,122.0
K21,2400,2682.0,171,139.0
K23,2400,2708.0,187,147.0
L1,2400,2645.0,12,286.0
L3,2400,2589.0,28,222.0
L5,2400,2619.0,44,233.0
L7,2400,2693.0,60,113.0
L9,2400,2706.0,76,107.0
L11,2400,2732.0,92,98.0
L13,2400,2675.0,108,165.0
L15,2400,2722.0,124,129.0
L17,2400,2726.0,140,100.0
L19,2400,2727.0,156,111.0
L21,2400,2776.0,172,176.0
L23,2400,2696.0,188,168.0
I1,2640,2368.0,9,112.0
I3,2640,2363.0,25,100.0
I5,2640,2352.0,41,104.0
I7,2640,2377.0,57,111.0
I9,2640,2424.0,73,110.0
I11,2640,2312.0,89,125.0
I13,2640,2304.0,105,103.0
I15,2640,2373.0,121,106.0
I17,2640,2405.0,137,129.0
I19,2640,2442.0,153,112.0
I21,2640,2374.0,169,165.0
I23,2640,2395.0,185,146.0
J1,2640,2620.0,10,155.0
J3,2640,2645.0,26,169.0
J5,2640,2611.0,42,158.0
J7,2640,2600.0,58,139.0
J9,2640,2646.0,74,154.0
J11,2640,2676.0,90,87.0
J13,2640,2720.0,106,113.0
J15,2640,2741.0,122,111.0
J17,2640,2707.0,138,153.0
J19,2640,2720.0,154,135.0
J21,2640,2636.0,170,122.0
J23,2640,2687.0,186,181.0
K1,2640,2610.0,11,162.0
K3,2640,2568.0,27,135.0
K5,2640,2630.0,43,172.0
K7,2640,2677.0,59,195.0
K9,2640,2587.0,75,122.0
K11,2640,2718.0,91,151.0
K13,2640,2702.0,107,129.0
K15,2640,2823.0,123,127.0
K17,2640,2829.0,139,133.0
K19,2640,2700.0,155,126.0
K21,2640,2681.0,171,138.0
K23,2640,2723.0,187,162.0
L1,2640,2653.0,12,294.0
L3,2640,2580.0,28,213.0
L5,2640,2611.0,44,225.0
L7,2640,2698.0,60,118.0
L9,2640,2705.0,76,106.0
L11,2640,2747.0,92,113.0
L13,2640,2682.0,108,172.0
L15,2640,2728.0,124,135.0
L17,2640,2721.0,140,95.0
L19,2640,2726.0,156,110.0
L21,2640,2774.0,172,174.0
L23,2640,2694.0,188,166.0
I1,2880,2371.0,9,115.0
I3,2880,2380.0,25,117.0
I5,2880,2345.0,41,97.0
I7,2880,2368.0,57,102.0
I9,2880,2428.0,73,114.0
I11,2880,2321.0,89,134.0
I13,2880,2301.0,105,100.0
I15,2880,2370.0,121,103.0
I17,2880,2410.0,137,134.0
I19,2880,2451.0,153,121.0
I21,2880,2376.0,169,167.0
I23,2880,2397.0,185,148.0
J1,2880,2619.0,10,154.0
J3,2880,2640.0,26,164.0
J5,2880,2620.0,42,167.0
J7,2880,2605.0,58,144.0
J9,2880,2649.0,74,157.0
J11,2880,2698.0,90,109.0
J13,2880,2728.0,106,121.0
J15,2880,2756.0,122,126.0
J17,2880,2718.0,138,164.0
J19,2880,2713.0,154,128.0
J21,2880,2633.0,170,119.0
J23,2880,2701.0,186,195.0
K1,2880,2626.0,11,178.0
K3,2880,2569.0,27,136.0
K5,2880,2642.0,43,184.0
K7,2880,2675.0,59,193.0
K9,2880,2596.0,75,131.0
K11,2880,2708.0,91,141.0
K13,2880,2719.0,107,146.0
K15,2880,2830.0,123,134.0
K17,2880,2838.0,139,142.0
K19,2880,2700.0,155,126.0
K21,2880,2670.0,171,127.0
K23,2880,2724.0,187,163.0
L1,2880,2651.0,12,292.0
L3,2880,2585.0,28,218.0
L5,2880,2629.0,44,243.0
L7,2880,2694.0,60,114.0
L9,2880,2721.0,76,122.0
L11,2880,2752.0,92,118.0
L13,2880,2684.0,108,174.0
L15,2880,2726.0,124,133.0
L17,2880,2746.0,140,120.0
L19,2880,2717.0,156,101.0
L21,2880,2775.0,172,175.0
L23,2880,2699.0,188,171.0
I1,3120,2371.0,9,115.0
I3,3120,2366.0,25,103.0
I5,3120,2348.0,41,100.0
I7,3120,2374.0,57,108.0
I9,3120,2440.0,73,126.0
I11,3120,2309.0,89,122.0
I13,3120,2296.0,105,95.0
I15,3120,2368.0,121,101.0
I17,3120,2413.0,137,137.0
I19,3120,2444.0,153,114.0
I21,3120,2374.0,169,165.0
I23,3120,2398.0,185,149.0
J1,3120,2618.0,10,153.0
J3,3120,2648.0,26,172.0
J5,3120,2619.0,42,166.0
J7,3120,2588.0,58,127.0
J9,3120,2662.0,74,170.0
J11,3120,2693.0,90,104.0
J13,3120,2720.0,106,113.0
J15,3120,2746.0,122,116.0
J17,3120,2709.0,138,155.0
J19,3120,2722.0,154,137.0
J21,3120,2652.0,170,138.0
J23,3120,2702.0,186,196.0
K1,3120,2617.0,11,169.0
K3,3120,2574.0,27,141.0
K5,3120,2639.0,43,181.0
K7,3120,2686.0,59,204.0
K9,3120,2601.0,75,136.0
K11,3120,2700.0,91,133.0
K13,3120,2726.0,107,153.0
K15,3120,2837.0,123,141.0
K17,3120,2831.0,139,135.0
K19,3120,2702.0,155,128.0
K21,3120,2678.0,171,135.0
K23,3120,2726.0,187,165.0
L1,3120,2648.0,12,289.0
L3,3120,2593.0,28,226.0
L5,3120,2632.0,44,246.0
L7,3120,2703.0,60,123.0
L9,3120,2721.0,76,122.0
L11,3120,2755.0,92,121.0
L13,3120,2698.0,108,188.0
L15,3120,2719.0,124,126.0
L17,3120,2742.0,140,116.0
L19,3120,2720.0,156,104.0
L21,3120,2781.0,172,181.0
L23,3120,2700.0,188,172.0
I1,3360,2369.0,9,113.0
I3,3360,2362.0,25,99.0
I5,3360,2347.0,41,99.0
I7,3360,2367.0,57,101.0
I9,3360,2432.0,73,118.0
I11,3360,2326.0,89,139.0
I13,3360,2308.0,105,107.0
I15,3360,2365.0,121,98.0
I17,3360,2403.0,137,127.0
I19,3360,2442.0,153,112.0
I21,3360,2387.0,169,178.0
I23,3360,2382.0,185,133.0
J1,3360,2620.0,10,155.0
J3,3360,2644.0,26,168.0
J5,3360,2619.0,42,166.0
J7,3360,2599.0,58,138.0
J9,3360,2646.0,74,154.0
J11,3360,2685.0,90,96.0
J13,3360,2725.0,106,118.0
J15,3360,2746.0,122,116.0
J17,3360,2731.0,138,177.0
J19,3360,2719.0,154,134.0
J21,3360,2645.0,170,131.0
J23,3360,2691.0,186,185.0
K1,3360,2619.0,11,171.0
K3,3360,2560.0,27,127.0
K5,3360,2629.0,43,171.0
K7,3360,2676.0,59,194.0
K9,3360,2604.0,75,139.0
K11,3360,2703.0,91,136.0
K13,3360,2717.0,107,144.0
K15,3360,2836.0,123,140.0
K17,3360,2832.0,139,136.0
K19,3360,2713.0,155,139.0
K21,3360,2676.0,171,133.0
K23,3360,2720.0,187,159.0
L1,3360,2657.0,12,298.0
L3,3360,2593.0,28,226.0
L5,3360,2628.0,44,242.0
L7,3360,2694.0,60,114.0
L9,3360,2706.0,76,107.0
L11,3360,2757.0,92,123.0
L13,3360,2701.0,108,191.0
L15,3360,2724.0,124,131.0
L17,3360,2734.0,140,108.0
L19,3360,2724.0,156,108.0
L21,3360,2785.0,172,185.0
L23,3360,2695.0,188,167.0
I1,3600,2373.0,9,117.0
I3,3600,2372.0,25,109.0
I5,3600,2346.0,41,98.0
I7,3600,2372.0,57,106.0
I9,3600,2418.0,73,104.0
I11,3600,2316.0,89,129.0
I13,3600,2302.0,105,101.0
I15,3600,2373.0,121,106.0
I17,3600,2415.0,137,139.0
I19,3600,2450.0,153,120.0
I21,3600,2369.0,169,160.0
I23,3600,2390.0,185,141.0
J1,3600,2622.0,10,157.0
J3,3600,2638.0,26,162.0
J5,3600,2619.0,42,166.0
J7,3600,2605.0,58,144.0
J9,3600,2646.0,74,154.0
J11,3600,2687.0,90,98.0
J13,3600,2724.0,106,117.0
J15,3600,2740.0,122,110.0
J17,3600,2708.0,138,154.0
J19,3600,2729.0,154,144.0
J21,3600,2642.0,170,128.0
J23,3600,2699.0,186,193.0
K1,3600,2622.0,11,174.0
K3,3600,2561.0,27,128.0
K5,3600,2634.0,43,176.0
K7,3600,2680.0,59,198.0
K9,3600,2604.0,75,139.0
K11,3600,2707.0,91,140.0
K13,3600,2711.0,107,138.0
K15,3600,2824.0,123,128.0
K17,3600,2849.0,139,153.0
K19,3600,2701.0,155,127.0
K21,3600,2673.0,171,130.0
K23,3600,2733.0,187,172.0
L1,3600,2665.0,12,306.0
L3,3600,2592.0,28,225.0
L5,3600,2629.0,44,243.0
L7,3600,2703.0,60,123.0
L9,3600,2729.0,76,130.0
L11,3600,2755.0,92,121.0
L13,3600,2688.0,108,178.0
L15,3600,2722.0,124,129.0
L17,3600,2737.0,140,111.0
L19,3600,2724.0,156,108.0
L21,3600,2768.0,172,168.0
L23,3600,2703.0,188,175.0
M1,0,2477.0,13,0.0
M3,0,2385.0,29,0.0
M5,0,2420.0,45,0.0
M7,0,2432.0,61,0.0
M9,0,2490.0,77,0.0
M11,0,2509.0,93,0.0
M13,0,2580.0,109,0.0
M15,0,2597.0,125,0.0
M17,0,2637.0,141,0.0
M19,0,2532.0,157,0.0
M21,0,2554.0,173,0.0
M23,0,2586.0,189,0.0
N1,0,2309.0,14,0.0
N3,0,2381.0,30,0.0
N5,0,2413.0,46,0.0
N7,0,2599.0,62,0.0
N9,0,2532.0,78,0.0
N11,0,2449.0,94,0.0
N13,0,2486.0,110,0.0
N15,0,2525.0,126,0.0
N17,0,2514.0,142,0.0
N19,0,2574.0,158,0.0
N21,0,2522.0,174,0.0
N23,0,2533.0,190,0.0
O1,0,2524.0,15,0.0
O3,0,2573.0,31,0.0
O5,0,2555.0,47,0.0
O7,0,2566.0,63,0.0
O9,0,2613.0,79,0.0
O11,0,2587.0,95,0.0
O13,0,2412.0,111,0.0
O15,0,2537.0,127,0.0
O17,0,2559.0,143,0.0
O19,0,2559.0,159,0.0
O21,0,2509.0,175,0.0
O23,0,2598.0,191,0.0
P1,0,2335.0,16,0.0
P3,0,2365.0,32,0.0
P5,0,2317.0,48,0.0
P7,0,2919.0,64,0.0
P9,0,2798.0,80,0.0
P11,0,3084.0,96,0.0
P13,0,2993.0,112,0.0
P15,0,2921.0,128,0.0
P17,0,3016.0,144,0.0
P19,0,2964.0,160,0.0
P21,0,2692.0,176,0.0
P23,0,2885.0,192,0.0
M1,240,2536.0,13,59.0
M3,240,2435.0,29,50.0
M5,240,2461.0,45,41.0
M7,240,2474.0,61,42.0
M9,240,2564.0,77,74.0
M11,240,2591.0,93,82.0
M13,240,2649.0,109,69.0
M15,240,2650.0,125,53.0
M17,240,2679.0,141,42.0
M19,240,2589.0,157,57.0
M21,240,2614.0,173,60.0
M23,240,2673.0,189,87.0
N1,240,2430.0,14,121.0
N3,240,2428.0,30,47.0
N5,240,2481.0,46,68.0
N7,240,2650.0,62,51.0
N9,240,2579.0,78,47.0
N11,240,2506.0,94,57.0
N13,240,2539.0,110,53.0
N15,240,2583.0,126,58.0
N17,240,2572.0,142,58.0
N19,240,2619.0,158,45.0
N21,240,2587.0,174,65.0
N23,240,2585.0,190,52.0
O1,240,2563.0,15,39.0
O3,240,2624.0,31,51.0
O5,240,2605.0,47,50.0
O7,240,2606.0,63,40.0
O9,240,2675.0,79,62.0
O11,240,2630.0,95,43.0
O13,240,2466.0,111,54.0
O15,240,2592.0,127,55.0
O17,240,2607.0,143,48.0
O19,240,2598.0,159,39.0
O21,240,2552.0,175,43.0
O23,240,2643.0,191,45.0
P1,240,2403.0,16,68.0
P3,240,2416.0,32,51.0
P5,240,2368.0,48,51.0
P7,240,2991.0,64,72.0
P9,240,2885.0,80,87.0
P11,240,3135.0,96,51.0
P13,240,3049.0,112,56.0
P15,240,2993.0,128,72.0
P17,240,3077.0,144,61.0
P19,240,3009.0,160,45.0
P21,240,2744.0,176,52.0
P23,240,2953.0,192,68.0
M1,480,2544.0,13,67.0
M3,480,2483.0,29,98.0
M5,480,2485.0,45,65.0
M7,480,2505.0,61,73.0
M9,480,2623.0,77,133.0
M11,480,2645.0,93,136.0
M13,480,2685.0,109,105.0
M15,480,2683.0,125,86.0
M17,480,2713.0,141,76.0
M19,480,2626.0,157,94.0
M21,480,2643.0,173,89.0
M23,480,2712.0,189,126.0
N1,480,2539.0,14,230.0
N3,480,2447.0,30,66.0
N5,480,2514.0,46,101.0
N7,480,2675.0,62,76.0
N9,480,2616.0,78,84.0
N11,480,2531.0,94,82.0
N13,480,2562.0,110,76.0
N15,480,2613.0,126,88.0
N17,480,2598.0,142,84.0
N19,480,2643.0,158,69.0
N21,480,2604.0,174,82.0
N23,480,2615.0,190,82.0
O1,480,2582.0,15,58.0
O3,480,2631.0,31,58.0
O5,480,2621.0,47,66.0
O7,480,2643.0,63,77.0
O9,480,2689.0,79,76.0
O11,480,2663.0,95,76.0
O13,480,2496.0,111,84.0
O15,480,2625.0,127,88.0
O17,480,2642.0,143,83.0
O19,480,2629.0,159,70.0
O21,480,2590.0,175,81.0
O23,480,2678.0,191,80.0
P1,480,2418.0,16,83.0
P3,480,2432.0,32,67.0
P5,480,2403.0,48,86.0
P7,480,3023.0,64,104.0
P9,480,2905.0,80,107.0
P11,480,3148.0,96,64.0
P13,480,3080.0,112,87.0
P15,480,3017.0,128,96.0
P17,480,3093.0,144,77.0
P19,480,3006.0,160,42.0
P21,480,2774.0,176,82.0
P23,480,2968.0,192,83.0
M1,720,2560.0,13,83.0
M3,720,2485.0,29,100.0
M5,720,2523.0,45,103.0
M7,720,2525.0,61,93.0
M9,720,2651.0,77,161.0
M11,720,2669.0,93,160.0
M13,720,2704.0,109,124.0
M15,720,2707.0,125,110.0
M17,720,2722.0,141,85.0
M19,720,2639.0,157,107.0
M21,720,2656.0,173,102.0
M23,720,2726.0,189,140.0
N1,720,2581.0,14,272.0
N3,720,2471.0,30,90.0
N5,720,2514.0,46,101.0
N7,720,2688.0,62,89.0
N9,720,2619.0,78,87.0
N11,720,2553.0,94,104.0
N13,720,2589.0,110,103.0
N15,720,2635.0,126,110.0
N17,720,2628.0,142,114.0
N19,720,2668.0,158,94.0
N21,720,2624.0,174,102.0
N23,720,2624.0,190,91.0
O1,720,2600.0,15,76.0
O3,720,2651.0,31,78.0
O5,720,2643.0,47,88.0
O7,720,2646.0,63,80.0
O9,720,2722.0,79,109.0
O11,720,2695.0,95,108.0
O13,720,2526.0,111,114.0
O15,720,2647.0,127,110.0
O17,720,2663.0,143,104.0
O19,720,2651.0,159,92.0
O21,720,2599.0,175,90.0
O23,720,2691.0,191,93.0
P1,720,2449.0,16,114.0
P3,720,2457.0,32,92.0
P5,720,2425.0,48,108.0
P7,720,3028.0,64,109.0
P9,720,2915.0,80,117.0
P11,720,3159.0,96,75.0
P13,720,3089.0,112,96.0
P15,720,3038.0,128,117.0
P17,720,3083.0,144,67.0
P19,720,3024.0,160,60.0
P21,720,2772.0,176,80.0
P23,720,2983.0,192,98.0
M1,960,2561.0,13,84.0
M3,960,2487.0,29,102.0
M5,960,2524.0,45,104.0
M7,960,2527.0,61,95.0
M9,960,2662.0,77,172.0
M11,960,2659.0,93,150.0
M13,960,2715.0,109,135.0
M15,960,2696.0,125,99.0
M17,960,2732.0,141,95.0
M19,960,2658.0,157,126.0
M21,960,2674.0,173,120.0
M23,960,2731.0,189,145.0
N1,960,2600.0,14,291.0
N3,960,2485.0,30,104.0
N5,960,2541.0,46,128.0
N7,960,2707.0,62,108.0
N9,960,2636.0,78,104.0
N11,960,2567.0,94,118.0
N13,960,2586.0,110,100.0
N15,960,2657.0,126,132.0
N17,960,2634.0,142,120.0
N19,960,2680.0,158,106.0
N21,960,2653.0,174,131.0
N23,960,2632.0,190,99.0
O1,960,2602.0,15,78.0
O3,960,2677.0,31,104.0
O5,960,2646.0,47,91.0
O7,960,2671.0,63,105.0
O9,960,2732.0,79,119.0
O11,960,2694.0,95,107.0
O13,960,2538.0,111,126.0
O15,960,2663.0,127,126.0
O17,960,2678.0,143,119.0
O19,960,2657.0,159,98.0
O21,960,2612.0,175,103.0
O23,960,2709.0,191,111.0
P1,960,2456.0,16,121.0
P3,960,2472.0,32,107.0
P5,960,2447.0,48,130.0
P7,960,3028.0,64,109.0
P9,960,2926.0,80,128.0
P11,960,3169.0,96,85.0
P13,960,3093.0,112,100.0
P15,960,3040.0,128,119.0
P17,960,3097.0,144,81.0
P19,960,3042.0,160,78.0
P21,960,2785.0,176,93.0
P23,960,2987.0,192,102.0
M1,1200,2543.0,13,66.0
M3,1200,2480.0,29,95.0
M5,1200,2527.0,45,107.0
M7,1200,2534.0,61,102.0
M9,1200,2670.0,77,180.0
M11,1200,2682.0,93,173.0
M13,1200,2725.0,109,145.0
M15,1200,2716.0,125,119.0
M17,1200,2734.0,141,97.0
M19,1200,2672.0,157,140.0
M21,1200,2676.0,173,122.0
M23,1200,2731.0,189,145.0
N1,1200,2607.0,14,298.0
N3,1200,2475.0,30,94.0
N5,1200,2546.0,46,133.0
N7,1200,2724.0,62,125.0
N9,1200,2634.0,78,102.0
N11,1200,2581.0,94,132.0
N13,1200,2597.0,110,111.0
N15,1200,2667.0,126,142.0
N17,1200,2654.0,142,140.0
N19,1200,2685.0,158,111.0
N21,1200,2658.0,174,136.0
N23,1200,2652.0,190,119.0
O1,1200,2624.0,15,100.0
O3,1200,2681.0,31,108.0
O5,1200,2662.0,47,107.0
O7,1200,2677.0,63,111.0
O9,1200,2738.0,79,125.0
O11,1200,2708.0,95,121.0
O13,1200,2547.0,111,135.0
O15,1200,2679.0,127,142.0
O17,1200,2684.0,143,125.0
O19,1200,2673.0,159,114.0
O21,1200,2610.0,175,101.0
O23,1200,2722.0,191,124.0
P1,1200,2465.0,16,130.0
P3,1200,2483.0,32,118.0
P5,1200,2452.0,48,135.0
P7,1200,3039.0,64,120.0
P9,1200,2923.0,80,125.0
P11,1200,3163.0,96,79.0
P13,1200,3118.0,112,125.0
P15,1200,3041.0,128,120.0
P17,1200,3106.0,144,90.0
P19,1200,3038.0,160,74.0
P21,1200,2798.0,176,106.0
P23,1200,2998.0,192,113.0
M1,1440,2553.0,13,76.0
M3,1440,2487.0,29,102.0
M5,1440,2526.0,45,106.0
M7,1440,2533.0,61,101.0
M9,1440,2669.0,77,179.0
M11,1440,2686.0,93,177.0
M13,1440,2723.0,109,143.0
M15,1440,2706.0,125,109.0
M17,1440,2723.0,141,86.0
M19,1440,2654.0,157,122.0
M21,1440,2674.0,173,120.0
M23,1440,2741.0,189,155.0
N1,1440,2620.0,14,311.0
N3,1440,2497.0,30,116.0
N5,1440,2555.0,46,142.0
N7,1440,2719.0,62,120.0
N9,1440,2644.0,78,112.0
N11,1440,2583.0,94,134.0
N13,1440,2598.0,110,112.0
N15,1440,2680.0,126,155.0
N17,1440,2654.0,142,140.0
N19,1440,2685.0,158,111.0
N21,1440,2657.0,174,135.0
N23,1440,2654.0,190,121.0
O1,1440,2619.0,15,95.0
O3,1440,2684.0,31,111.0
O5,1440,2672.0,47,117.0
O7,1440,2687.0,63,121.0
O9,1440,2755.0,79,142.0
O11,1440,2711.0,95,124.0
O13,1440,2545.0,111,133.0
O15,1440,2688.0,127,151.0
O17,1440,2703.0,143,144.0
O19,1440,2688.0,159,129.0
O21,1440,2623.0,175,114.0
O23,1440,2709.0,191,111.0
P1,1440,2469.0,16,134.0
P3,1440,2485.0,32,120.0
P5,1440,2457.0,48,140.0
P7,1440,3046.0,64,127.0
P9,1440,2933.0,80,135.0
P11,1440,3172.0,96,88.0
P13,1440,3104.0,112,111.0
P15,1440,3037.0,128,116.0
P17,1440,3085.0,144,69.0
P19,1440,3049.0,160,85.0
P21,1440,2799.0,176,107.0
P23,1440,2988.0,192,103.0
M1,1680,2555.0,13,78.0
M3,1680,2484.0,29,99.0
M5,1680,2523.0,45,103.0
M7,1680,2548.0,61,116.0
M9,1680,2655.0,77,165.0
M11,1680,2678.0,93,169.0
M13,1680,2717.0,109,137.0
M15,1680,2722.0,125,125.0
M17,1680,2733.0,141,96.0
M19,1680,2676.0,157,144.0
M21,1680,2695.0,173,141.0
M23,1680,2742.0,189,156.0
N1,1680,2626.0,14,317.0
N3,1680,2491.0,30,110.0
N5,1680,2562.0,46,149.0
N7,1680,2720.0,62,121.0
N9,1680,2648.0,78,116.0
N11,1680,2577.0,94,128.0
N13,1680,2617.0,110,131.0
N15,1680,2678.0,126,153.0
N17,1680,2675.0,142,161.0
N19,1680,2699.0,158,125.0
N21,1680,2665.0,174,143.0
N23,1680,2651.0,190,118.0
O1,1680,2649.0,15,125.0
O3,1680,2690.0,31,117.0
O5,1680,2675.0,47,120.0
O7,1680,2706.0,63,140.0
O9,1680,2753.0,79,140.0
O11,1680,2720.0,95,133.0
O13,1680,2556.0,111,144.0
O15,1680,2692.0,127,155.0
O17,1680,2718.0,143,159.0
O19,1680,2698.0,159,139.0
O21,1680,2617.0,175,108.0
O23,1680,2719.0,191,121.0
P1,1680,2476.0,16,141.0
P3,1680,2489.0,32,124.0
P5,1680,2468.0,48,151.0
P7,1680,3019.0,64,100.0
P9,1680,2934.0,80,136.0
P11,1680,3177.0,96,93.0
P13,1680,3114.0,112,121.0
P15,1680,3044.0,128,123.0
P17,1680,3084.0,144,68.0
P19,1680,3042.0,160,78.0
P21,1680,2794.0,176,102.0
P23,1680,2994.0,192,109.0
M1,1920,2551.0,13,74.0
M3,1920,2483.0,29,98.0
M5,1920,2521.0,45,101.0
M7,1920,2540.0,61,108.0
M9,1920,2675.0,77,185.0
M11,1920,2692.0,93,183.0
M13,1920,2710.0,109,130.0
M15,1920,2710.0,125,113.0
M17,1920,2737.0,141,100.0
M19,1920,2678.0,157,146.0
M21,1920,2681.0,173,127.0
M23,1920,2756.0,189,170.0
N1,1920,2624.0,14,315.0
N3,1920,2495.0,30,114.0
N5,1920,2571.0,46,158.0
N7,1920,2740.0,62,141.0
N9,1920,2659.0,78,127.0
N11,1920,2589.0,94,140.0
N13,1920,2605.0,110,119.0
N15,1920,2696.0,126,171.0
N17,1920,2670.0,142,156.0
N19,1920,2688.0,158,114.0
N21,1920,2677.0,174,155.0
N23,1920,2664.0,190,131.0
O1,1920,2637.0,15,113.0
O3,1920,2693.0,31,120.0
O5,1920,2675.0,47,120.0
O7,1920,2693.0,63,127.0
O9,1920,2759.0,79,146.0
O11,1920,2737.0,95,150.0
O13,1920,2557.0,111,145.0
O15,1920,2696.0,127,159.0
O17,1920,2706.0,143,147.0
O19,1920,2696.0,159,137.0
O21,1920,2634.0,175,125.0
O23,1920,2731.0,191,133.0
P1,1920,2476.0,16,141.0
P3,1920,2484.0,32,119.0
P5,1920,2462.0,48,145.0
P7,1920,3037.0,64,118.0
P9,1920,2930.0,80,132.0
P11,1920,3162.0,96,78.0
P13,1920,3099.0,112,106.0
P15,1920,3034.0,128,113.0
P17,1920,3082.0,144,66.0
P19,1920,3031.0,160,67.0
P21,1920,2792.0,176,100.0
P23,1920,2988.0,192,103.0
M1,2160,2557.0,13,80.0
M3,2160,2481.0,29,96.0
M5,2160,2525.0,45,105.0
M7,2160,2544.0,61,112.0
M9,2160,2684.0,77,194.0
M11,2160,2689.0,93,180.0
M13,2160,2720.0,109,140.0
M15,2160,2716.0,125,119.0
M17,2160,2741.0,141,104.0
M19,2160,2677.0,157,145.0
M21,2160,2692.0,173,138.0
M23,2160,2743.0,189,157.0
N1,2160,2642.0,14,333.0
N3,2160,2498.0,30,117.0
N5,2160,2567.0,46,154.0
N7,2160,2732.0,62,133.0
N9,2160,2660.0,78,128.0
N11,2160,2597.0,94,148.0
N13,2160,2619.0,110,133.0
N15,2160,2703.0,126,178.0
N17,2160,2686.0,142,172.0
N19,2160,2702.0,158,128.0
N21,2160,2675.0,174,153.0
N23,2160,2664.0,190,131.0
O1,2160,2642.0,15,118.0
O3,2160,2697.0,31,124.0
O5,2160,2684.0,47,129.0
O7,2160,2724.0,63,158.0
O9,2160,2764.0,79,151.0
O11,2160,2737.0,95,150.0
O13,2160,2566.0,111,154.0
O15,2160,2695.0,127,158.0
O17,2160,2719.0,143,160.0
O19,2160,2697.0,159,138.0
O21,2160,2640.0,175,131.0
O23,2160,2725.0,191,127.0
P1,2160,2489.0,16,154.0
P3,2160,2508.0,32,143.0
P5,2160,2472.0,48,155.0
P7,2160,3045.0,64,126.0
P9,2160,2926.0,80,128.0
P11,2160,3171.0,96,87.0
P13,2160,3101.0,112,108.0
P15,2160,3046.0,128,125.0
P17,2160,3081.0,144,65.0
P19,2160,3035.0,160,71.0
P21,2160,2796.0,176,104.0
P23,2160,3005.0,192,120.0
M1,2400,2542.0,13,65.0
M3,2400,2482.0,29,97.0
M5,2400,2511.0,45,91.0
M7,2400,2543.0,61,111.0
M9,2400,2674.0,77,184.0
M11,2400,2689.0,93,180.0
M13,2400,2722.0,109,142.0
M15,2400,2719.0,125,122.0
M17,2400,2732.0,141,95.0
M19,2400,2679.0,157,147.0
M21,2400,2688.0,173,134.0
M23,2400,2779.0,189,193.0
N1,2400,2624.0,14,315.0
N3,2400,2506.0,30,125.0
N5,2400,2568.0,46,155.0
N7,2400,2749.0,62,150.0
N9,2400,2666.0,78,134.0
N11,2400,2599.0,94,150.0
N13,2400,2634.0,110,148.0
N15,2400,2714.0,126,189.0
N17,2400,2687.0,142,173.0
N19,2400,2707.0,158,133.0
N21,2400,2676.0,174,154.0
N23,2400,2659.0,190,126.0
O1,2400,2650.0,15,126.0
O3,2400,2705.0,31,132.0
O5,2400,2678.0,47,123.0
O7,2400,2725.0,63,159.0
O9,2400,2785.0,79,172.0
O11,2400,2735.0,95,148.0
O13,2400,2571.0,111,159.0
O15,2400,2694.0,127,157.0
O17,2400,2722.0,143,163.0
O19,2400,2702.0,159,143.0
O21,2400,2637.0,175,128.0
O23,2400,2732.0,191,134.0
P1,2400,2488.0,16,153.0
P3,2400,2505.0,32,140.0
P5,2400,2483.0,48,166.0
P7,2400,3030.0,64,111.0
P9,2400,2932.0,80,134.0
P11,2400,3170.0,96,86.0
P13,2400,3107.0,112,114.0
P15,2400,3035.0,128,114.0
P17,2400,3074.0,144,58.0
P19,2400,3036.0,160,72.0
P21,2400,2797.0,176,105.0
P23,2400,3001.0,192,116.0
M1,2640,2552.0,13,75.0
M3,2640,2481.0,29,96.0
M5,2640,2523.0,45,103.0
M7,2640,2541.0,61,109.0
M9,2640,2689.0,77,199.0
M11,2640,2697.0,93,188.0
M13,2640,2730.0,109,150.0
M15,2640,2729.0,125,132.0
M17,2640,2742.0,141,105.0
M19,2640,2672.0,157,140.0
M21,2640,2687.0,173,133.0
M23,2640,2771.0,189,185.0
N1,2640,2637.0,14,328.0
N3,2640,2508.0,30,127.0
N5,2640,2573.0,46,160.0
N7,2640,2736.0,62,137.0
N9,2640,2665.0,78,133.0
N11,2640,2595.0,94,146.0
N13,2640,2627.0,110,141.0
N15,2640,2720.0,126,195.0
N17,2640,2707.0,142,193.0
N19,2640,2703.0,158,129.0
N21,2640,2685.0,174,163.0
N23,2640,2679.0,190,146.0
O1,2640,2643.0,15,119.0
O3,2640,2710.0,31,137.0
O5,2640,2695.0,47,140.0
O7,2640,2710.0,63,144.0
O9,2640,2767.0,79,154.0
O11,2640,2742.0,95,155.0
O13,2640,2575.0,111,163.0
O15,2640,2695.0,127,158.0
O17,2640,2740.0,143,181.0
O19,2640,2706.0,159,147.0
O21,2640,2632.0,175,123.0
O23,2640,2736.0,191,138.0
P1,2640,2492.0,16,157.0
P3,2640,2503.0,32,138.0
P5,2640,2476.0,48,159.0
P7,2640,3032.0,64,113.0
P9,2640,2940.0,80,142.0
P11,2640,3167.0,96,83.0
P13,2640,3102.0,112,109.0
P15,2640,3017.0,128,96.0
P17,2640,3078.0,144,62.0
P19,2640,3034.0,160,70.0
P21,2640,2803.0,176,111.0
P23,2640,2997.0,192,112.0
M1,2880,2547.0,13,70.0
M3,2880,2487.0,29,102.0
M5,2880,2517.0,45,97.0
M7,2880,2549.0,61,117.0
M9,2880,2691.0,77,201.0
M11,2880,2707.0,93,198.0
M13,2880,2737.0,109,157.0
M15,2880,2729.0,125,132.0
M17,2880,2757.0,141,120.0
M19,2880,2672.0,157,140.0
M21,2880,2700.0,173,146.0
M23,2880,2771.0,189,185.0
N1,2880,2649.0,14,340.0
N3,2880,2501.0,30,120.0
N5,2880,2584.0,46,171.0
N7,2880,2743.0,62,144.0
N9,2880,2665.0,78,133.0
N11,2880,2612.0,94,163.0
N13,2880,2636.0,110,150.0
N15,2880,2726.0,126,201.0
N17,2880,2704.0,142,190.0
N19,2880,2695.0,158,121.0
N21,2880,2690.0,174,168.0
N23,2880,2682.0,190,149.0
O1,2880,2656.0,15,132.0
O3,2880,2705.0,31,132.0
O5,2880,2683.0,47,128.0
O7,2880,2731.0,63,165.0
O9,2880,2789.0,79,176.0
O11,2880,2749.0,95,162.0
O13,2880,2580.0,111,168.0
O15,2880,2702.0,127,165.0
O17,2880,2732.0,143,173.0
O19,2880,2709.0,159,150.0
O21,2880,2640.0,175,131.0
O23,2880,2740.0,191,142.0
P1,2880,2496.0,16,161.0
P3,2880,2506.0,32,141.0
P5,2880,2483.0,48,166.0
P7,2880,3038.0,64,119.0
P9,2880,2954.0,80,156.0
P11,2880,3182.0,96,98.0
P13,2880,3112.0,112,119.0
P15,2880,3038.0,128,117.0
P17,2880,3087.0,144,71.0
P19,2880,3037.0,160,73.0
P21,2880,2803.0,176,111.0
P23,2880,3004.0,192,119.0
M1,3120,2552.0,13,75.0
M3,3120,2481.0,29,96.0
M5,3120,2516.0,45,96.0
M7,3120,2547.0,61,115.0
M9,3120,2694.0,77,204.0
M11,3120,2711.0,93,202.0
M13,3120,2724.0,109,144.0
M15,3120,2730.0,125,133.0
M17,3120,2754.0,141,117.0
M19,3120,2685.0,157,153.0
M21,3120,2690.0,173,136.0
M23,3120,2778.0,189,192.0
N1,3120,2639.0,14,330.0
N3,3120,2501.0,30,120.0
N5,3120,2580.0,46,167.0
N7,3120,2751.0,62,152.0
N9,3120,2665.0,78,133.0
N11,3120,2607.0,94,158.0
N13,3120,2636.0,110,150.0
N15,3120,2720.0,126,195.0
N17,3120,2710.0,142,196.0
N19,3120,2697.0,158,123.0
N21,3120,2699.0,174,177.0
N23,3120,2670.0,190,137.0
O1,3120,2651.0,15,127.0
O3,3120,2711.0,31,138.0
O5,3120,2694.0,47,139.0
O7,3120,2733.0,63,167.0
O9,3120,2769.0,79,156.0
O11,3120,2760.0,95,173.0
O13,3120,2584.0,111,172.0
O15,3120,2702.0,127,165.0
O17,3120,2737.0,143,178.0
O19,3120,2707.0,159,148.0
O21,3120,2639.0,175,130.0
O23,3120,2735.0,191,137.0
P1,3120,2496.0,16,161.0
P3,3120,2498.0,32,133.0
P5,3120,2484.0,48,167.0
P7,3120,3029.0,64,110.0
P9,3120,2940.0,80,142.0
P11,3120,3176.0,96,92.0
P13,3120,3094.0,112,101.0
P15,3120,3047.0,128,126.0
P17,3120,3065.0,144,49.0
P19,3120,3048.0,160,84.0
P21,3120,2801.0,176,109.0
P23,3120,3004.0,192,119.0
M1,3360,2554.0,13,77.0
M3,3360,2491.0,29,106.0
M5,3360,2514.0,45,94.0
M7,3360,2547.0,61,115.0
M9,3360,2696.0,77,206.0
M11,3360,2708.0,93,199.0
M13,3360,2741.0,109,161.0
M15,3360,2739.0,125,142.0
M17,3360,2758.0,141,121.0
M19,3360,2672.0,157,140.0
M21,3360,2702.0,173,148.0
M23,3360,2773.0,189,187.0
N1,3360,2641.0,14,332.0
N3,3360,2512.0,30,131.0
N5,3360,2580.0,46,167.0
N7,3360,2757.0,62,158.0
N9,3360,2670.0,78,138.0
N11,3360,2609.0,94,160.0
N13,3360,2627.0,110,141.0
N15,3360,2723.0,126,198.0
N17,3360,2700.0,142,186.0
N19,3360,2704.0,158,130.0
N21,3360,2698.0,174,176.0
N23,3360,2669.0,190,136.0
O1,3360,2651.0,15,127.0
O3,3360,2708.0,31,135.0
O5,3360,2685.0,47,130.0
O7,3360,2730.0,63,164.0
O9,3360,2770.0,79,157.0
O11,3360,2754.0,95,167.0
O13,3360,2581.0,111,169.0
O15,3360,2696.0,127,159.0
O17,3360,2747.0,143,188.0
O19,3360,2711.0,159,152.0
O21,3360,2635.0,175,126.0
O23,3360,2739.0,191,141.0
P1,3360,2490.0,16,155.0
P3,3360,2504.0,32,139.0
P5,3360,2495.0,48,178.0
P7,3360,3043.0,64,124.0
P9,3360,2931.0,80,133.0
P11,3360,3179.0,96,95.0
P13,3360,3094.0,112,101.0
P15,3360,3033.0,128,112.0
P17,3360,3069.0,144,53.0
P19,3360,3049.0,160,85.0
P21,3360,2799.0,176,107.0
P23,3360,2994.0,192,109.0
M1,3600,2551.0,13,74.0
M3,3600,2485.0,29,100.0
M5,3600,2520.0,45,100.0
M7,3600,2557.0,61,125.0
M9,3600,2684.0,77,194.0
M11,3600,2702.0,93,193.0
M13,3600,2741.0,109,161.0
M15,3600,2732.0,125,135.0
M17,3600,2755.0,141,118.0
M19,3600,2672.0,157,140.0
M21,3600,2691.0,173,137.0
M23,3600,2773.0,189,187.0
N1,3600,2643.0,14,334.0
N3,3600,2513.0,30,132.0
N5,3600,2573.0,46,160.0
N7,3600,2739.0,62,140.0
N9,3600,2662.0,78,130.0
N11,3600,2614.0,94,165.0
N13,3600,2630.0,110,144.0
N15,3600,2720.0,126,195.0
N17,3600,2706.0,142,192.0
N19,3600,2703.0,158,129.0
N21,3600,2702.0,174,180.0
N23,3600,2672.0,190,139.0
O1,3600,2657.0,15,133.0
O3,3600,2719.0,31,146.0
O5,3600,2699.0,47,144.0
O7,3600,2727.0,63,161.0
O9,3600,2775.0,79,162.0
O11,3600,2751.0,95,164.0
O13,3600,2576.0,111,164.0
O15,3600,2691.0,127,154.0
O17,3600,2744.0,143,185.0
O19,3600,2698.0,159,139.0
O21,3600,2641.0,175,132.0
O23,3600,2735.0,191,137.0
P1,3600,2493.0,16,158.0
P3,3600,2508.0,32,143.0
P5,3600,2486.0,48,169.0
P7,3600,3026.0,64,107.0
P9,3600,2930.0,80,132.0
P11,3600,3171.0,96,87.0
P13,3600,3100.0,112,107.0
P15,3600,3039.0,128,118.0
P17,3600,3071.0,144,55.0
P19,3600,3045.0,160,81.0
P21,3600,2795.0,176,103.0
P23,3600,3003.0,192,118.0
