well_name,initial_rate,intercept,n_points
A1,-0.004166666666667337,2415.0000000000005,3
A11,-0.002083333333333105,2316.4999999999986,3
A13,0.010416666666665934,2367.5000000000005,3
A15,0.0020833333333338255,2403.1666666666647,3
A17,0.05208333333333334,2545.1666666666656,3
A19,0.03541666666666759,2634.8333333333308,3
A21,0.05833333333333254,2695.6666666666665,3
A23,0.033333333333331425,2634.3333333333353,3
A3,0.02708333333333242,2295.1666666666674,3
A5,0.04583333333333282,2294.6666666666665,3
A7,0.04166666666666467,2339.3333333333353,3
A9,0.014583333333332244,2322.166666666668,3
B1,0.04374999999999866,2393.8333333333344,3
B11,-0.012499999999999825,2452.333333333332,3
B13,0.033333333333333236,2485.3333333333326,3
B15,0.03749999999999926,2371.333333333333,3
B17,0.027083333333333015,2550.1666666666665,3
B19,0.0062500000000005,2500.1666666666647,3
B21,0.03541666666666561,2407.1666666666674,3
B23,0.018749999999998785,2683.166666666668,3
B3,0.016666666666666042,2413.666666666667,3
B5,0.012499999999999458,2475.333333333333,3
B7,0.0020833333333313475,2495.500000000002,3
B9,0.014583333333332718,2450.833333333334,3
C1,0.016666666666666836,2635.9999999999986,3
C11,0.004166666666666894,2690.999999999999,3
C13,-0.01666666666666849,2725.0000000000023,3
C15,-0.004166666666666968,3098.9999999999986,3
C17,1.0546709913201674e-16,2994.666666666666,3
C19,0.014583333333333098,2741.1666666666656,3
C21,0.08333333333333248,2915.666666666667,3
C23,0.010416666666666614,2675.833333333332,3
C3,-0.0020833333333337175,2608.833333333333,3
C5,0.02291666666666575,2564.1666666666674,3
C7,-1.8112571627534603e-16,2675.333333333333,3
C9,0.004166666666665049,2666.333333333335,3
D1,0.02083333333333147,2777.6666666666683,3
D11,0.020833333333333422,2767.999999999999,3
D13,-0.006250000000000127,2675.1666666666656,3
D15,0.022916666666666054,2669.166666666667,3
D17,-0.0020833333333338177,2809.833333333333,3
D19,0.010416666666665821,2698.833333333334,3
D21,0.027083333333332158,2625.5000000000014,3
D23,0.03958333333333226,2629.5000000000005,3
D3,0.0562500000000002,2575.8333333333317,3
D5,0.016666666666664862,2727.3333333333353,3
D7,0.03333333333333252,2729.0000000000005,3
D9,-0.00208333333333367,2669.4999999999995,3
E1,0.043749999999999144,2505.8333333333335,3
E11,-1.5964836050361632e-15,2972.000000000002,3
E13,0.006249999999997569,2780.5000000000027,3
E15,0.08541666666666649,2898.833333333333,3
E17,0.0729166666666658,2764.1666666666674,3
E19,0.06874999999999967,2778.5,3
E21,0.06666666666666445,2465.0000000000027,3
E23,-0.004166666666667697,2554.3333333333344,3
E3,0.03541666666666611,2381.1666666666665,3
E5,0.02499999999999894,2594.333333333334,3
E7,-0.01250000000000188,2695.6666666666692,3
E9,0.0020833333333329634,2542.166666666666,3
F1,-0.002083333333334256,2589.500000000001,3
F11,0.05624999999999867,2631.500000000001,3
F13,-9.063521723445773e-16,2751.0000000000005,3
F15,0.05416666666666564,2528.000000000001,3
F17,0.08750000000000005,2568.3333333333326,3
F19,0.014583333333333176,2611.833333333333,3
F21,-0.008333333333333123,2769.3333333333326,3
F23,0.027083333333332276,2466.5000000000014,3
F3,0.01458333333333298,2561.5000000000005,3
F5,0.008333333333332162,2534.666666666668,3
F7,0.004166666666666374,2801.3333333333335,3
F9,0.035416666666667096,2709.833333333332,3
G1,0.004166666666666441,2647.666666666666,3
G11,0.008333333333332872,2511.9999999999986,3
G13,0.018749999999999274,2576.8333333333344,3
G15,0.0437499999999988,2360.166666666668,3
G17,0.03333333333333241,2528.000000000001,3
G19,0.44791666666666646,2644.1666666666665,3
G21,0.3979166666666663,2377.5,3
G23,0.04583333333333161,2359.666666666669,3
G3,0.016666666666665893,2517.666666666667,3
G5,0.06874999999999915,2478.1666666666674,3
G7,0.40208333333333274,2611.166666666667,3
G9,-0.002083333333334896,2564.833333333335,3
H1,-0.010416666666667459,2572.833333333334,3
H11,0.043749999999999185,2475.1666666666674,3
H13,-0.002083333333333869,2595.166666666666,3
H15,0.012499999999999241,2461.666666666667,3
H17,-0.016666666666667135,2702.3333333333326,3
H19,0.04999999999999986,2502.333333333333,3
H21,0.1479166666666656,2348.833333333334,3
H23,0.14791666666666672,2539.833333333333,3
H3,-0.00416666666666673,2560.9999999999995,3
H5,0.004166666666667285,2567.9999999999986,3
H7,0.0020833333333336083,2594.499999999998,3
H9,0.01041666666666569,2612.166666666667,3
I1,0.022916666666664583,2322.5000000000027,3
I11,0.01458333333333192,2270.833333333335,3
I13,-0.004166666666668269,2297.3333333333353,3
I15,-1.649384408947027e-15,2352.666666666669,3
I17,0.01666666666666622,2370.6666666666665,3
I19,-0.002083333333333454,2426.8333333333326,3
I21,0.02083333333333251,2334.6666666666674,3
I23,0.03541666666666522,2322.5000000000014,3
I3,0.01458333333333425,2330.1666666666647,3
I5,0.01875000000000035,2312.4999999999986,3
I7,0.02499999999999986,2330.666666666666,3
I9,0.04583333333333281,2355.666666666667,3
J1,0.03541666666666496,2555.8333333333358,3
J11,-0.008333333333335552,2681.0000000000027,3
J13,0.03333333333333208,2661.000000000001,3
J15,0.035416666666664924,2681.8333333333344,3
J17,-0.008333333333334966,2709.666666666668,3
J19,-0.01666666666666797,2729.6666666666674,3
J21,0.008333333333331663,2612.000000000002,3
J23,0.02083333333333208,2646.0000000000005,3
J3,-0.006250000000000724,2629.8333333333344,3
J5,0.0041666666666650655,2592.000000000002,3
J7,0.03541666666666593,2537.8333333333344,3
J9,0.018750000000001016,2609.833333333331,3
K1,-2.0051526808119203e-16,2581.9999999999995,3
K11,0.024999999999999956,2659.333333333333,3
K13,0.012500000000000205,2686.9999999999986,3
K15,0.02499999999999918,2776.6666666666674,3
K17,0.024999999999998267,2779.666666666669,3
K19,-0.01041666666666791,2697.166666666668,3
K21,0.018749999999997796,2648.1666666666692,3
K23,0.010416666666664133,2690.500000000003,3
K3,0.01875000000000021,2530.833333333332,3
K5,-0.014583333333334196,2632.166666666667,3
K7,0.0291666666666658,2623.6666666666665,3
K9,0.03541666666666667,2545.166666666666,3
L1,0.010416666666664718,2617.8333333333358,3
L11,0.037499999999999284,2689.3333333333335,3
L13,0.012499999999999565,2662.333333333333,3
L15,0.010416666666666586,2693.5,3
L17,0.014583333333331288,2695.5000000000023,3
L19,-0.004166666666666702,2705.9999999999995,3
L21,0.004166666666666323,2741.6666666666665,3
L23,-0.014583333333334888,2689.1666666666674,3
L3,0.0041666666666671836,2551.333333333331,3
L5,0.0020833333333324325,2599.500000000001,3
L7,0.018749999999999798,2660.4999999999995,3
L9,-0.01666666666666822,2709.666666666669,3
M1,-0.01666666666666735,2572.3333333333335,3
M11,0.05624999999999868,2608.166666666668,3
M13,0.016666666666665976,2700.9999999999995,3
M15,0.02083333333333158,2681.0000000000023,3
M17,-0.018750000000001595,2752.1666666666683,3
M19,-0.008333333333334678,2671.3333333333344,3
M21,-1.185863819909143e-15,2674.6666666666674,3
M23,0.02083333333333373,2709.3333333333317,3
M3,-8.762728612244408e-16,2484.6666666666674,3
M5,0.004166666666665528,2520.666666666668,3
M7,0.012499999999999328,2516.3333333333335,3
M9,0.014583333333331172,2649.5000000000023,3
N1,0.041666666666666984,2558.9999999999986,3
N11,0.03333333333333282,2537.0,3
N13,0.024999999999998617,2563.666666666668,3
N15,0.04791666666666458,2610.500000000003,3
N17,0.04166666666666719,2597.333333333331,3
N19,0.010416666666666153,2670.8333333333326,3
N21,0.008333333333332563,2646.0000000000005,3
N23,0.045833333333333295,2590.999999999999,3
N3,0.024999999999998974,2455.666666666668,3
N5,0.029166666666665335,2512.333333333335,3
N7,0.024999999999999526,2686.6666666666665,3
N9,0.01666666666666646,2617.9999999999995,3
O1,0.0354166666666654,2572.500000000001,3
O11,0.035416666666665694,2661.8333333333344,3
O13,0.01458333333333269,2525.833333333333,3
O15,0.05208333333333216,2614.1666666666683,3
O17,0.052083333333332364,2625.833333333334,3
O19,0.06458333333333223,2595.1666666666674,3
O21,0.02291666666666481,2587.5000000000027,3
O23,-1.9621777635531154e-15,2713.3333333333353,3
O3,0.014583333333332529,2663.166666666667,3
O5,0.05416666666666522,2595.000000000002,3
O7,0.033333333333331515,2638.3333333333358,3
O9,0.047916666666665296,2684.166666666669,3
P1,0.027083333333333067,2430.833333333333,3
P11,0.00624999999999775,3160.5000000000023,3
P13,0.022916666666665607,3077.5000000000005,3
P15,-0.00624999999999978,3046.833333333331,3
P17,-0.0249999999999991,3125.9999999999973,3
P19,0.014583333333333755,3025.499999999998,3
P21,0.029166666666666702,2758.9999999999986,3
P23,0.002083333333332589,2988.5,3
P3,0.027083333333333015,2447.5,3
P5,0.02083333333333201,2427.000000000001,3
P7,0.037499999999998125,2992.666666666669,3
P9,0.014583333333331483,2909.8333333333353,3
