design,plate ID,scaffold,condition,[E]0 (uM),kcat (s-1),kcat sd,Km (uM),Km sd,kcat/Km (M-1 s-1),kcat/Km sd,kuncat (s-1),kuncat sd,kcat/kuncat,kcat/kuncat sd,(kcat/Km)/kuncat (M-1),(kcat/Km)/kuncat sd,kcat sd (total),kcat/Km sd (total),(kcat/Km)/kuncat sd (M-1),kcat (reported),"Km (reported, mM)",kcat/Km (reported),reporting model
ZAPP-1,p1D1,PET_i1,+25 mM NaHCO3,24,0.0153128,0.00202407,7778.23,1825.28,1.96867,0.530228,4.97853e-08,1.31762e-08,307577,92843.7,3.95433e+07,1.5119e+07,0.00222293,0.543232,1.5119e+07,(1.5 ± 0.3) x 10^-2,8 ± 2,2.0 ± 0.6,Michaelis-Menten
ZAPP-1 (no NaHCO3),p1D1,PET_i1,no NaHCO3,37.3,0.00134468,0.000133997,2577.97,652.199,0.521602,0.141827,5.39464e-08,2.93411e-09,24926.2,3200.69,9.6689e+06,2.74317e+06,0.000156433,0.145243,2.74317e+06,(1.3 ± 0.2) x 10^-3,2.6 ± 0.7,0.5 ± 0.2,Michaelis-Menten
R1 p1D7,p1D7,PET_i1,+25 mM NaHCO3,21.3,0.00320461,0.00022261,1452.84,305.18,2.20576,0.488017,4.97853e-08,1.31762e-08,64368.6,18031.3,4.43055e+07,1.55129e+07,0.000294184,0.505653,1.55129e+07,(3.2 ± 0.3) x 10^-3,1.5 ± 0.4,2.2 ± 0.6,Michaelis-Menten
R1 p1D8,p1D8,PET_i1,+25 mM NaHCO3,26.1,0.00292496,0.000208193,1502.03,320.105,1.94733,0.437539,4.97853e-08,1.31762e-08,58751.3,16483,3.91145e+07,1.37808e+07,0.000272322,0.452878,1.37808e+07,(2.9 ± 0.3) x 10^-3,1.5 ± 0.4,1.9 ± 0.5,Michaelis-Menten
R1 p1E10,p1E10,PET_i1,+25 mM NaHCO3,15.3,0.0018575,0.000215995,2467.09,738.432,0.752911,0.241766,4.97853e-08,1.31762e-08,37310.1,11015.4,1.51232e+07,6.35812e+06,0.000243066,0.245952,6.35812e+06,(1.9 ± 0.3) x 10^-3,2.5 ± 0.8,0.8 ± 0.3,Michaelis-Menten
ZAPP-2,p2C4,PTE_i2_s3,+25 mM NaHCO3,26.6,0.0229892,0.00537939,5727.35,2626.75,4.01393,2.06668,4.97853e-08,1.31762e-08,461766,165464,8.06248e+07,4.6925e+07,0.00555351,2.08068,4.6925e+07,(2.3 ± 0.6) x 10^-2,6 ± 3,4 ± 3,Michaelis-Menten
R2 p2B12,p2B12,PTE_i2_s3,+25 mM NaHCO3,10.3,0.0039262,0.000547849,3383.84,1099.17,1.16028,0.410195,4.97853e-08,1.31762e-08,78862.5,24064.8,2.33057e+07,1.03868e+07,0.000596373,0.416064,1.03868e+07,(3.9 ± 0.6) x 10^-3,3 ± 2,1.2 ± 0.5,Michaelis-Menten
ZAPP-3,p2G1,PTE_i2_s7,+25 mM NaHCO3,27.5,0.0100507,0.00266297,5949.88,3051.55,1.68923,0.975146,4.97853e-08,1.31762e-08,201882,76567.4,3.39304e+07,2.16434e+07,0.00273043,0.980402,2.16434e+07,(1.0 ± 0.3) x 10^-2,6 ± 4,2 ± 1,Michaelis-Menten
ZAPP-4,p2E3,PTE_i2_s6,+25 mM NaHCO3,28.9,0.0103194,0.00175469,3372.49,1336.39,3.05987,1.31943,4.97853e-08,1.31762e-08,207278,66379.9,6.14612e+07,3.1314e+07,0.00186078,1.33215,3.1314e+07,(1.0 ± 0.2) x 10^-2,3 ± 2,3 ± 2,Michaelis-Menten
ZAPP-5,p1F6,PTE_i2_s1,+25 mM NaHCO3,34.8,0.00789325,0.00183099,6855,2939.67,1.15146,0.5614,4.97853e-08,1.31762e-08,158546,56602,2.31285e+07,1.29055e+07,0.00189127,0.565637,1.29055e+07,(8 ± 2) x 10^-3,7 ± 3,1.2 ± 0.6,Michaelis-Menten
R2 p1D9,p1D9,PTE_i2_s1,+25 mM NaHCO3,44.6,0.00564741,0.00204605,13568.4,7389.47,0.416218,0.272252,4.97853e-08,1.31762e-08,113435,51348,8.36026e+06,5.92048e+06,0.00207393,0.273396,5.92048e+06,(6 ± 3) x 10^-3,14 ± 8,0.4 ± 0.3,Michaelis-Menten
R2 p1H4,p1H4,PTE_i2_s1,+25 mM NaHCO3,39.1,0.00250173,0.000490046,7355.67,2603.97,0.340109,0.137604,4.97853e-08,1.31762e-08,50250.3,16818.1,6.83151e+06,3.32812e+06,0.000512531,0.13911,3.32812e+06,(2.5 ± 0.6) x 10^-3,7 ± 3,0.3 ± 0.2,Michaelis-Menten
ZAPP-1 MUT1,p1D1,PET_i1,+25 mM NaHCO3,32.7,0.000646749,0.000196943,8716.4,4546.26,0.0741992,0.0448134,4.97853e-08,1.31762e-08,12990.8,5298.78,1.49038e+06,986824,0.000200732,0.0450341,986824,(6 ± 3) x 10^-4,9 ± 5,0.07 ± 0.05,Michaelis-Menten
ZAPP-1 MUT2,p1D1,PET_i1,+25 mM NaHCO3,25.8,0.00460547,0.00210997,20340.5,12642,0.226419,0.174824,4.97853e-08,1.31762e-08,92506.6,49258.5,4.5479e+06,3.72214e+06,0.002128,0.175352,3.72214e+06,n.d.,n.d.,0.16 ± 0.02,first-order; kcat and KM not resolved
ZAPP-1 MUT3,p1D1,PET_i1,+25 mM NaHCO3,28.1,0.0011314,0.000669161,6422.68,7172.25,0.176157,0.222603,4.97853e-08,1.31762e-08,22725.6,14788.3,3.53834e+06,4.5732e+06,0.000672597,0.222854,4.5732e+06,(1.1 ± 0.7) x 10^-3,6 ± 8,0.2 ± 0.3,Michaelis-Menten
ZAPP-1 MUT4,p1D1,PET_i1,+25 mM NaHCO3,18.7,0.000572018,0.0283633,259200,1.32564e+07,0.00220686,0.157204,4.97853e-08,1.31762e-08,11489.7,569720,44327.5,3.15765e+06,0.0283633,0.157204,3.15765e+06,n.d.,n.d.,0.002 ± 0.001,first-order; kcat and KM not resolved
ZAPP-1 MUT5,p1D1,PET_i1,+25 mM NaHCO3,39.5,4.58348e-05,8.61153e-06,3507.6,1516.41,0.0130673,0.00615967,4.97853e-08,1.31762e-08,920.649,303.876,262472,142763,9.0402e-06,0.0062094,142763,(5 ± 1) x 10^-5,4 ± 2,0.013 ± 0.007,Michaelis-Menten
ZAPP-1 MUT6,p1D1,PET_i1,+25 mM NaHCO3,23.2,0.000361411,6.81271e-05,7627.86,2568.6,0.0473804,0.0182846,4.97853e-08,1.31762e-08,7259.39,2398.66,951695,448986,7.14966e-05,0.0185044,448986,(3.6 ± 0.8) x 10^-4,8 ± 3,0.05 ± 0.02,Michaelis-Menten
ZAPP-1 tagless,p1D1,PET_i1,+25 mM NaHCO3,23.4,0.0167046,0.00600855,6938.67,4595.92,2.40746,1.81457,4.97853e-08,1.31762e-08,335532,151185,4.83569e+07,3.87384e+07,0.00609161,1.82032,3.87384e+07,0.017 ± 0.007,7 ± 5,2 ± 2,Michaelis-Menten
