activity_rank,design_id,scaffold,plate_number,well_position,source_well,reader_well,rate_abs_per_min,rate_corrected_abs_per_min,robust_z,fold_over_background,fit_r2,fit_residual_sd,fit_n_points,initial_abs,final_abs,max_abs,qc_pass,flag_optical_artifact,flag_above_linear_range,fit_segmented,is_hit,parent
1,ZAPP_i3_AR_pte_0066,1,1,F6,P1F6,C12,0.06172681580961061,0.06135338223388484,279.8565064723364,165.29530235636665,0.9992881312094004,0.006677893712822723,19,0.392,3.262,3.262,True,False,True,False,True,ZAPP_p1D1_rotP_1_ORI_05_C9_i_14_model_2__eV2_T0_10__8_1_FS232_chisel_050_af3i2_idx_3_model_aligned_chiseli2_450
2,ZAPP_i3_AR_pte_0124,3,2,C4,P2C4,F7,0.045551377501105675,0.0451779439253799,206.07407605276475,121.97986593084491,0.9997511138191847,0.002913177682934612,19,0.248,3.241,3.241,True,False,True,False,True,ZAPP_p1D1_rotP_1_ORI_11_C9_i_12_model_3__eV2_T0_10__4_1_FS111_chisel_208_af3i2_idx_4_model_aligned_chiseli2_327
4,ZAPP_i3_AR_pte_0120,3,2,B12,P2B12,E24,0.02109273139473021,0.02071929781900444,94.50873110926992,56.48322155750531,0.9992003465954136,0.0024186244870702932,19,0.208,1.645,1.645,True,False,False,False,True,ZAPP_p1D1_rotP_1_ORI_11_C9_i_12_model_3__eV2_T0_10__4_1_FS111_chisel_208_af3i2_idx_4_model_aligned_chiseli2_346
5,ZAPP_i3_AR_pte_0045,1,1,D9,P1D9,B18,0.01661403474775342,0.01624060117202765,74.07966344362369,44.48993295652079,0.9999344885327601,0.0005450784593627474,19,0.214,1.242,1.242,True,False,False,False,True,ZAPP_p1D1_rotP_1_ORI_05_C9_i_14_model_2__eV2_T0_10__8_1_FS232_chisel_108_af3i2_idx_1_model_aligned_chiseli2_317
6,ZAPP_i3_AR_pte_0147,6,2,E3,P2E3,G5,0.014984962102621808,0.014611528526896036,66.64883302064516,40.12751685088408,0.9994336113593655,0.0014459289624759021,19,0.275,1.236,1.236,True,False,False,False,True,ZAPP_p1D1_rotP_0_ORI_02_C6_i_9_model_1__eV2_T0_10__3_1_FS125_chisel_164_chiseli2_243
7,ZAPP_i3_AR_pte_0169,7,2,G1,P2G1,H1,0.014090225272872254,0.013716791697146482,62.56759227614466,37.73154367677775,0.999687633618855,0.0010095525633650806,19,0.186,1.086,1.086,True,False,False,False,True,ZAPP_p1D1_rotP_1_ORI_10_C3_i_38_model_2__eV2_T0_10__15_1_FS108_chisel_120_chiseli2_418
8,ZAPP_i3_AR_pte_0057,1,1,E9,P1E9,C17,0.01387218016918975,0.013498746593463978,61.57300422332363,37.147651070820366,0.9998076180039204,0.0007799732874755886,19,0.196,1.053,1.053,True,False,False,False,True,ZAPP_p1D1_rotP_1_ORI_05_C9_i_14_model_2__eV2_T0_30__10_1_FS232_chisel_261_af3i2_idx_0_model_aligned_chiseli2_487
9,ZAPP_i3_AR_pte_0023,1,1,B11,P1B11,A22,0.012313282958126004,0.011939849382400232,54.462271097402784,32.9731544202875,0.9988127665411695,0.0017207227357757674,19,0.22,0.982,0.982,True,False,False,False,True,ZAPP_p1D1_rotP_1_ORI_05_C9_i_14_model_2__eV2_T0_10__6_1_FS232_chisel_202_af3i2_idx_2_model_aligned_chiseli2_149
10,ZAPP_i3_AR_pte_0031,1,1,C7,P1C7,B13,0.010636591261112062,0.01026315768538629,46.81423176081439,28.483221521899146,0.9995813326660411,0.0008823460719645706,19,0.192,0.862,0.862,True,False,False,False,True,ZAPP_p1D1_rotP_1_ORI_05_C9_i_14_model_2__eV2_T0_10__8_1_FS232_chisel_108_af3i2_idx_1_model_aligned_chiseli2_414
11,ZAPP_i3_AR_pte_0005,1,1,A5,P1A5,A9,0.008533834411532498,0.008160400835806726,37.22274447098888,22.852349028731293,0.9995797014280571,0.0007092926683546707,19,0.187,0.729,0.729,True,False,False,False,True,ZAPP_p1D1_rotP_1_ORI_05_C9_i_14_model_2__eV2_T0_10__8_1_FS232_chisel_108_af3i2_idx_3_model_aligned_chiseli2_103
12,ZAPP_i3_AR_pte_0126,3,2,C6,P2C6,F11,0.00681704246248697,0.006443608886761198,29.39179237501194,18.255033573877174,0.999656798999458,0.0005119833359798415,19,0.173,0.598,0.598,True,False,False,False,True,ZAPP_p1D1_rotP_1_ORI_11_C9_i_12_model_3__eV2_T0_10__4_1_FS111_chisel_208_chiseli2_326
13,ZAPP_i3_AR_pte_0145,6,2,E1,P2E1,G1,0.0061904760614317055,0.0058170424857059335,26.53378067805568,16.57718122801479,0.9990338631011694,0.0007803048287541275,19,0.168,0.594,0.594,True,False,False,False,True,ZAPP_p1D1_rotP_0_ORI_02_C6_i_9_model_1__FS125_chisel_035_af3i2_idx_4_model_aligned_chiseli2_027
14,ZAPP_i3_AR_pte_0150,6,2,E6,P2E6,G11,0.005902255517168799,0.005528821941443027,25.219095298470776,15.805369149513956,0.9995106993128429,0.0005293259821142267,19,0.17,0.556,0.556,True,False,False,False,True,ZAPP_p1D1_rotP_0_ORI_02_C6_i_9_model_1__eV2_T0_10__3_1_FS125_chisel_445_af3i2_idx_3_model_aligned_chiseli2_071
15,ZAPP_i3_AR_pte_0072,1,1,F12,P1F12,C24,0.005340852020746547,0.004967418445020775,22.658316813086568,14.302013444737923,0.9997492458446309,0.00034284679021643114,19,0.179,0.508,0.508,True,False,False,False,True,ZAPP_p1D1_rotP_1_ORI_05_C9_i_14_model_2__eV2_T0_30__7_1_FS232_chisel_498_af3i2_idx_1_model_aligned_chiseli2_253
16,ZAPP_i3_AR_pte_0125,3,2,C5,P2C5,F9,0.005142857040230594,0.004769423464504822,21.755185126963312,13.771812109383575,0.9984122929237866,0.0008312768737229548,19,0.17,0.497,0.497,True,False,False,False,True,ZAPP_p1D1_rotP_1_ORI_11_C9_i_12_model_3__eV2_T0_10__4_1_FS111_chisel_208_af3i2_idx_4_model_aligned_chiseli2_325
17,ZAPP_i3_AR_pte_0111,3,2,B3,P2B3,E6,0.004669172833883155,0.004295739258157383,19.594528251452022,12.503355716765883,0.9990699469207607,0.0005774400283173348,19,0.16,0.508,0.508,True,False,False,False,True,ZAPP_p1D1_rotP_1_ORI_11_C9_i_12_model_3__eV2_T0_10__4_1_FS111_chisel_208_af3i2_idx_4_model_aligned_chiseli2_017
18,ZAPP_i3_AR_pte_0131,3,2,C11,P2C11,F21,0.004503759307990227,0.004130325732264455,18.840013181635715,12.060402708131226,0.9990560791198115,0.0005611242680455807,19,0.166,0.487,0.487,True,False,False,False,True,ZAPP_p1D1_rotP_1_ORI_11_C9_i_12_model_3__eV2_T0_10__4_1_FS111_chisel_208_af3i2_idx_4_model_aligned_chiseli2_145
19,ZAPP_i3_AR_pte_0061,1,1,F1,P1F1,C2,0.0042857141937248655,0.0039122806179990935,17.845425080542178,11.476510073834515,0.99909797046386,0.0005219640139391978,19,0.161,0.441,0.441,True,False,False,False,True,ZAPP_p1D1_rotP_1_ORI_05_C9_i_14_model_2__eV2_T0_10__8_1_FS232_chisel_050_af3i2_idx_3_model_aligned_chiseli2_412
20,ZAPP_i3_AR_pte_0034,1,1,C10,P1C10,B19,0.0040225563055909935,0.0036491227298652215,16.645060169231567,10.771812089400678,0.9927108125826263,0.001397144515206455,19,0.234,0.464,0.464,True,False,False,False,True,ZAPP_p1D1_rotP_1_ORI_05_C9_i_14_model_2__eV2_T0_10__7_1_FS232_chisel_040_af3i2_idx_1_model_aligned_chiseli2_431
21,ZAPP_i3_AR_pte_0122,3,2,C2,P2C2,F3,0.003887217963905208,0.003513784388179436,16.027729646986533,10.409395985217346,0.9993357418926903,0.0004062212429661455,19,0.167,0.425,0.425,True,False,False,False,True,ZAPP_p1D1_rotP_1_ORI_11_C9_i_12_model_3__eV2_T0_10__4_1_FS111_chisel_208_af3i2_idx_4_model_aligned_chiseli2_012
23,ZAPP_i3_AR_pte_0012,1,1,A12,P1A12,A23,0.003538847047700414,0.003165413471974642,14.438675156168324,9.476510088367467,0.994227356515834,0.0010929928535361425,19,0.182,0.426,0.426,True,False,False,False,True,ZAPP_p1D1_rotP_1_ORI_05_C9_i_14_model_2__eV2_T0_10__8_1_FS232_chisel_108_af3i2_idx_4_model_aligned_chiseli2_494
24,ZAPP_i3_AR_pte_0068,1,1,F8,P1F8,C16,0.003333333265162867,0.002959899689437095,13.501247305921646,8.926174510914024,0.9991414466623633,0.0003960590171931285,19,0.167,0.373,0.373,True,False,False,False,True,ZAPP_p1D1_rotP_1_ORI_05_C9_i_14_model_2__eV2_T0_10__3_1_FS232_chisel_325_af3i2_idx_3_model_aligned_chiseli2_007
25,ZAPP_i3_AR_pte_0155,6,2,E11,P2E11,G21,0.003205513714915828,0.002832080139190056,12.918212899527576,8.583892620490484,0.999011271071491,0.0004087540623854996,19,0.161,0.371,0.371,True,False,False,False,True,ZAPP_p1D1_rotP_0_ORI_02_C6_i_9_model_1__eV2_T0_10__7_1_FS125_chisel_257
26,ZAPP_i3_AR_pte_0019,1,1,B7,P1B7,A14,0.00318295733191622,0.002809523756190448,12.815324512366486,8.523489955958325,0.999467085300838,0.00029791092803777464,19,0.163,0.365,0.365,True,False,False,False,True,ZAPP_p1D1_rotP_1_ORI_05_C9_i_14_model_2__eV2_T0_10__8_1_FS232_chisel_108_af3i2_idx_3_model_aligned_chiseli2_284
27,ZAPP_i3_AR_pte_0118,3,2,B10,P2B10,E20,0.0029448620925848186,0.0025714285168590466,11.72928003591087,7.88590604597203,0.9974172789935287,0.0006074020891899219,19,0.158,0.398,0.398,True,False,False,False,True,ZAPP_p1D1_rotP_1_ORI_11_C9_i_12_model_3__eV2_T0_10__4_1_FS111_chisel_208_af3i2_idx_4_model_aligned_chiseli2_039
29,ZAPP_i3_AR_pte_0148,6,2,E4,P2E4,G7,0.002746867111254797,0.002373433535529025,10.826148346074334,7.355704708437727,0.9991648779531154,0.00032188820293930413,19,0.169,0.341,0.341,True,False,False,False,True,ZAPP_p1D1_rotP_0_ORI_02_C6_i_9_model_1__eV2_T0_10__3_1_FS125_chisel_272
30,ZAPP_i3_AR_pte_0138,5,2,D6,P2D6,F12,0.002538847068341507,0.002165413492615735,9.87728847288894,6.798657735601926,0.998529699902822,0.0003948844723829865,19,0.167,0.327,0.327,True,False,False,False,True,ZAPP_p1D1_rotP_1_ORI_02_C2_i_24_model_0__FS209_chisel_355
31,ZAPP_i3_AR_pte_0152,6,2,E8,P2E8,G15,0.002215538802295937,0.001842105226570165,8.40255442311441,5.932885916832773,0.9985637255546426,0.0003405816149992828,19,0.159,0.307,0.307,True,False,False,False,True,ZAPP_p1D1_rotP_0_ORI_02_C6_i_9_model_1__eV2_T0_10__3_1_FS125_chisel_272_chiseli2_217
32,ZAPP_i3_AR_pte_0001,1,1,A1,P1A1,A1,0.002125313237463558,0.0017518796617377861,7.991000724701717,5.691275170779678,0.9982564252006288,0.0003600254466518249,19,0.159,0.297,0.297,True,False,False,False,True,ZAPP_p1D1_rotP_1_ORI_05_C9_i_14_model_2__eV2_T0_10__8_1_FS232_chisel_108_af3i2_idx_3_model_aligned_chiseli2_078
33,ZAPP_i3_AR_pte_0078,1,1,G6,P1G6,D11,0.002047619004630348,0.0016741854289045758,7.636607278373636,5.483221482296496,0.998726694907748,0.00029634873422393565,19,0.161,0.296,0.296,True,False,False,False,True,ZAPP_p1D1_rotP_1_ORI_05_C9_i_14_model_2__eV2_T0_20__8_1_FS232_chisel_009_c02_r1_af3i2_idx_4_model_aligned_chiseli2_087
34,ZAPP_i3_AR_pte_0113,3,2,B5,P2B5,E10,0.0018596490816273532,0.0014862155059015814,6.77920375703298,4.979865771343957,0.9980494491628225,0.00033323040678523555,19,0.161,0.284,0.284,True,False,False,False,True,ZAPP_p1D1_rotP_1_ORI_11_C9_i_12_model_3__eV2_T0_10__4_1_FS111_chisel_208_af3i2_idx_3_model_aligned_chiseli2_390
35,ZAPP_i3_AR_pte_0008,1,1,A8,P1A8,A15,0.001839598961445699,0.001466165385719927,6.687747403950471,4.926174508734036,0.9984728880274548,0.00029160936983653734,19,0.163,0.276,0.276,True,False,False,False,True,ZAPP_p1D1_rotP_1_ORI_05_C9_i_14_model_2__eV2_T0_10__6_1_FS232_chisel_103_af3i2_idx_2_model_aligned_chiseli2_184
36,ZAPP_i3_AR_pte_0067,1,1,F7,P1F7,C14,0.001774436057626753,0.001401002481900981,6.390514196091698,4.7516778698276365,0.9980169674770597,0.00032060281117889594,19,0.156,0.281,0.281,True,False,False,False,True,ZAPP_p1D1_rotP_1_ORI_05_C9_i_14_model_2__eV2_T0_20__8_1_FS232_chisel_009_c00_r2_af3i2_idx_4_model_aligned_chiseli2_226
37,ZAPP_i3_AR_pte_0153,6,2,E9,P2E9,G17,0.0017443608660930288,0.0013709272903672568,6.253329615101051,4.671140945756808,0.9944081777901872,0.0005302023944498087,19,0.161,0.272,0.272,True,False,False,False,True,ZAPP_p1D1_rotP_0_ORI_02_C6_i_9_model_1__eV2_T0_10__3_1_FS125_chisel_164
38,ZAPP_i3_AR_pte_0015,1,1,B3,P1B3,A6,0.0016992480835411618,0.0013258145078153898,6.047552765275827,4.550335572366936,0.9974482465685106,0.0003483709821748746,19,0.165,0.288,0.288,True,False,False,False,True,ZAPP_p1D1_rotP_1_ORI_05_C9_i_14_model_2__eV2_T0_10__6_1_FS232_chisel_202_af3i2_idx_1_model_aligned_chiseli2_437
39,ZAPP_i3_AR_pte_0110,3,2,B2,P2B2,E4,0.0016365914430828726,0.0012631578673571006,5.761751593971114,4.382550336836051,0.9973079775538488,0.00034464817571454315,19,0.157,0.267,0.267,True,False,False,False,True,ZAPP_p1D1_rotP_1_ORI_11_C9_i_12_model_3__eV2_T0_10__4_1_FS111_chisel_058
40,ZAPP_i3_AR_pte_0027,1,1,C3,P1C3,B5,0.0016140350554702317,0.00124060147974446,5.6588631857681975,4.322147659950872,0.9981612524439542,0.0002807919673907954,19,0.16,0.267,0.267,True,False,False,False,True,ZAPP_p1D1_rotP_1_ORI_05_C9_i_14_model_2__eV2_T0_10__8_1_FS232_chisel_108_af3i2_idx_2_model_aligned_chiseli2_025
41,ZAPP_i3_AR_pte_0029,1,1,C5,P1C5,B9,0.0015413533499010462,0.0011679197741752741,5.327333815023753,4.127516779672022,0.9982185246798602,0.0002639309489239469,19,0.16,0.259,0.259,True,False,False,False,True,ZAPP_p1D1_rotP_1_ORI_05_C9_i_14_model_2__eV2_T0_10__6_1_FS232_chisel_202_af3i2_idx_0_model_aligned_chiseli2_360
42,ZAPP_i3_AR_pte_0117,3,2,B9,P2B9,E18,0.0015012531013970818,0.0011278195256713098,5.144421071726057,4.020134232652705,0.98957747159188,0.0006244915661756991,19,0.176,0.268,0.268,True,False,False,False,True,ZAPP_p1D1_rotP_1_ORI_11_C9_i_12_model_3__eV2_T0_10__4_1_FS111_chisel_208_af3i2_idx_4_model_aligned_chiseli2_076
44,ZAPP_i3_AR_pte_0115,3,2,B7,P2B7,E14,0.0014812029771451003,0.0011077694014193285,5.052964700077212,3.9664429591430483,0.995272696077972,0.00041377220097904793,19,0.167,0.275,0.275,True,False,False,False,True,ZAPP_p1D1_rotP_1_ORI_11_C9_i_12_model_3__eV2_T0_10__4_1_FS111_chisel_476_af3i2_idx_0_model_aligned_chiseli2_381
