fa_atr,fa_rep,fa_sol,fa_intra_atr_xover4,fa_intra_rep_xover4,fa_intra_sol_xover4,lk_ball,lk_ball_iso,lk_ball_bridge,lk_ball_bridge_uncpl,fa_elec,fa_intra_elec,pro_close,hbond_sr_bb,hbond_lr_bb,hbond_bb_sc,hbond_sc,dslf_fa13,omega,fa_dun_dev,fa_dun_rot,fa_dun_semi,p_aa_pp,hxl_tors,ref,rama_prepro,total_score,all_cst,corrected_ddg,L_SASA,substrate_SASA,H2O_hbond,O2_hbond,oxy_hbond,cms,cms_per_atom,sc,nlr_dE,nlr_totrms,nlr_SR1_rms,nlr_SR2_rms,nlr_SR3_rms,score_per_res,description
-1108.009,162.721,862.429,-64.678,59.756,47.683,504.995,1249.571,3.447,24.561,-434.678,-52.747,2.255,-111.56,-51.239,-26.443,-26.79,0.0,22.754,29.381,138.313,225.959,-84.122,29.346,-79.181,51.69,-623.08,3.045,-38.594,0.0,0.145,0.0,0.0,0.0,321.003,8.231,0.771,31.048,0.675,3.622,0.27,1.621,-3.054,zn_hydrolase_PSZ_H_H_H_1_63_0_1-atomized-bb-False_0_5_model_4_ptm_seed_0_unrelaxed_PSZ_0_0
-1101.117,163.454,855.702,-65.363,59.498,46.451,503.046,1239.601,3.441,25.19,-431.5,-48.497,2.185,-111.728,-51.613,-26.612,-26.222,0.0,22.262,30.415,144.498,228.182,-83.491,29.624,-86.805,52.142,-615.405,2.984,-35.677,-0.0,-0.0,0.0,1.0,0.0,309.449,7.935,0.759,27.117,0.695,3.57,0.298,1.595,-3.017,zn_hydrolase_PSZ_H_H_H_1_63_0_1-atomized-bb-False_0_5_model_4_ptm_seed_0_unrelaxed_PSZ_0_1
-1117.393,171.634,848.827,-66.15,56.572,47.934,500.054,1239.073,3.556,25.001,-428.64,-52.533,2.648,-111.545,-48.249,-24.482,-22.772,0.0,27.396,27.176,136.938,237.136,-84.003,28.394,-83.257,44.498,-629.317,8.063,-36.552,-0.0,-0.0,0.0,1.0,0.0,319.051,8.181,0.794,27.426,0.81,1.743,1.367,1.581,-3.085,zn_hydrolase_PSZ_H_H_H_1_63_0_1-atomized-bb-False_0_5_model_4_ptm_seed_0_unrelaxed_PSZ_0_2
-1113.064,172.24,840.251,-65.924,64.159,46.863,500.081,1233.298,3.01,20.574,-423.188,-48.701,2.48,-111.809,-49.486,-25.308,-24.979,0.0,25.194,30.024,140.164,221.233,-85.442,28.242,-72.436,42.127,-621.94,5.802,-34.939,-0.0,-0.0,0.0,0.0,0.0,316.218,8.108,0.725,21.824,0.557,1.756,1.373,1.585,-3.049,zn_hydrolase_PSZ_H_H_H_1_63_0_1-atomized-bb-False_0_5_model_4_ptm_seed_0_unrelaxed_PSZ_0_3
-1119.618,171.768,854.835,-66.645,61.28,47.84,506.045,1245.0,2.997,19.631,-435.682,-53.383,1.453,-112.408,-48.62,-26.06,-25.879,0.0,24.937,30.246,145.185,233.822,-83.908,29.788,-84.754,49.527,-626.457,4.119,-35.451,0.0,0.023,0.0,1.0,0.0,324.801,8.328,0.775,23.097,0.496,1.759,1.265,1.671,-3.071,zn_hydrolase_PSZ_H_H_H_1_63_0_1-atomized-bb-False_0_5_model_4_ptm_seed_0_unrelaxed_PSZ_0_4
-1120.163,170.087,848.815,-66.571,59.328,48.558,507.541,1244.704,3.548,23.119,-435.412,-55.359,1.42,-112.23,-49.211,-25.708,-25.504,0.0,23.102,33.207,139.775,232.455,-84.727,29.094,-76.056,47.054,-633.254,6.159,-33.577,0.0,0.0,0.0,1.0,0.0,318.47,8.166,0.734,23.38,0.422,1.742,1.292,1.686,-3.104,zn_hydrolase_PSZ_H_H_H_1_63_0_1-atomized-bb-False_0_5_model_4_ptm_seed_0_unrelaxed_PSZ_0_5
-1105.44,173.002,842.76,-65.828,61.305,46.909,495.116,1228.444,3.311,22.552,-426.566,-49.903,2.486,-110.806,-49.398,-23.765,-23.692,0.0,24.159,31.399,145.945,226.076,-83.887,28.0,-86.62,47.149,-619.284,5.789,-34.903,0.002,0.481,0.0,0.0,0.0,313.158,8.03,0.715,23.362,0.422,1.774,1.369,1.584,-3.036,zn_hydrolase_PSZ_H_H_H_1_63_0_1-atomized-bb-False_0_5_model_4_ptm_seed_0_unrelaxed_PSZ_0_6
-1107.105,170.854,840.275,-66.24,61.147,47.948,498.901,1229.246,3.5,23.338,-430.192,-48.604,2.445,-110.874,-49.348,-23.852,-24.086,0.0,24.128,30.942,137.589,227.527,-84.844,28.195,-83.571,40.497,-630.318,7.441,-34.476,-0.0,0.0,0.0,0.0,0.0,324.49,8.32,0.739,22.828,0.439,1.759,1.295,0.69,-3.09,zn_hydrolase_PSZ_H_H_H_1_63_0_1-atomized-bb-False_0_5_model_4_ptm_seed_0_unrelaxed_PSZ_0_7
-1107.203,164.317,854.827,-66.214,59.496,48.567,494.738,1238.616,3.446,24.696,-418.409,-54.117,1.749,-111.759,-50.109,-25.918,-23.67,0.0,25.951,28.039,138.859,237.169,-82.335,31.158,-93.411,52.194,-617.576,2.949,-34.339,0.0,0.026,0.0,1.0,0.0,307.73,7.891,0.74,23.792,0.828,1.666,3.586,0.064,-3.027,zn_hydrolase_PSZ_H_H_H_1_63_0_1-atomized-bb-False_0_5_model_4_ptm_seed_0_unrelaxed_PSZ_0_8
-1111.179,164.805,860.969,-66.179,58.224,48.984,497.548,1243.278,3.45,25.027,-422.122,-54.806,1.863,-111.386,-50.569,-25.855,-23.425,0.0,25.988,29.244,137.738,238.192,-83.393,31.13,-91.827,48.685,-618.771,3.044,-34.237,0.0,0.0,0.0,1.0,0.0,308.255,7.904,0.736,22.538,0.781,1.653,3.605,0.228,-3.033,zn_hydrolase_PSZ_H_H_H_1_63_0_1-atomized-bb-False_0_5_model_4_ptm_seed_0_unrelaxed_PSZ_0_9
-1120.26,169.684,835.391,-65.768,58.847,44.642,496.863,1230.448,3.384,24.328,-424.497,-44.886,2.497,-112.579,-49.974,-26.113,-23.943,0.0,28.936,33.37,141.757,229.108,-85.334,26.989,-81.041,41.754,-640.65,1.509,-34.406,0.017,9.619,0.0,1.0,0.0,297.096,7.618,0.815,24.037,0.615,1.66,3.396,1.702,-3.14,zn_hydrolase_PSZ_H_H_H_1_63_0_1-atomized-bb-False_0_5_model_4_ptm_seed_0_unrelaxed_PSZ_1_0
-1122.106,167.28,839.657,-64.636,55.568,44.878,502.064,1235.458,3.584,25.008,-430.497,-48.703,2.612,-112.898,-50.144,-24.311,-26.458,0.0,27.975,37.917,145.032,229.466,-85.083,27.011,-83.037,41.261,-644.896,2.824,-35.809,0.001,0.396,0.0,1.0,0.0,311.201,7.98,0.762,23.604,0.817,1.64,3.443,1.659,-3.161,zn_hydrolase_PSZ_H_H_H_1_63_0_1-atomized-bb-False_0_5_model_4_ptm_seed_0_unrelaxed_PSZ_1_1
-1133.352,168.999,847.557,-67.055,62.09,48.291,503.537,1244.612,3.754,25.577,-433.278,-46.978,2.524,-113.142,-49.131,-25.372,-25.194,0.0,27.828,35.612,145.785,233.718,-84.017,27.831,-74.354,46.926,-630.061,3.253,-35.247,0.001,0.428,0.0,1.0,0.0,321.343,8.24,0.752,26.701,0.386,1.731,1.175,0.3,-3.089,zn_hydrolase_PSZ_H_H_H_1_63_0_1-atomized-bb-False_0_5_model_4_ptm_seed_0_unrelaxed_PSZ_1_2
-1132.871,170.89,837.57,-67.239,62.817,46.162,498.586,1237.92,3.797,25.652,-425.647,-45.868,2.64,-112.397,-48.679,-25.158,-27.141,0.0,25.99,35.67,144.235,230.071,-83.907,26.7,-73.032,47.054,-638.683,2.607,-36.18,0.002,1.042,0.0,1.0,0.0,314.235,8.057,0.768,28.358,0.739,1.646,3.547,0.554,-3.131,zn_hydrolase_PSZ_H_H_H_1_63_0_1-atomized-bb-False_0_5_model_4_ptm_seed_0_unrelaxed_PSZ_1_3
-1117.725,164.954,856.809,-65.445,61.504,46.005,502.213,1246.623,3.669,25.07,-428.862,-46.266,1.262,-112.815,-51.286,-25.276,-23.363,0.0,21.45,34.371,135.898,222.506,-86.143,29.769,-84.795,53.613,-633.178,3.343,-38.118,0.0,0.0,0.0,0.0,0.0,332.716,8.531,0.735,26.563,0.424,1.762,1.296,1.624,-3.104,zn_hydrolase_PSZ_H_H_H_1_63_0_1-atomized-bb-False_0_5_model_4_ptm_seed_0_unrelaxed_PSZ_1_4
-1106.348,164.797,838.256,-64.628,59.812,44.555,496.266,1230.634,3.584,24.77,-418.455,-46.852,1.232,-112.525,-51.358,-25.361,-21.688,0.0,21.46,34.441,134.374,219.362,-84.344,29.707,-80.868,51.51,-629.325,2.814,-37.117,0.005,0.73,0.0,0.0,0.0,317.423,8.139,0.721,24.886,0.665,3.53,0.287,1.629,-3.085,zn_hydrolase_PSZ_H_H_H_1_63_0_1-atomized-bb-False_0_5_model_4_ptm_seed_0_unrelaxed_PSZ_1_5
-1104.193,163.89,860.732,-64.554,60.076,47.235,499.323,1239.83,4.212,28.518,-425.842,-49.835,1.616,-111.364,-50.708,-27.268,-20.737,0.0,22.239,32.256,139.921,230.477,-84.065,29.523,-93.272,48.413,-615.668,2.225,-33.539,0.003,1.941,1.0,1.0,0.0,315.467,8.089,0.732,24.004,0.513,1.611,0.253,1.61,-3.018,zn_hydrolase_PSZ_H_H_H_1_63_0_1-atomized-bb-False_0_5_model_4_ptm_seed_0_unrelaxed_PSZ_1_6
-1102.564,161.228,851.411,-64.463,58.724,45.696,500.959,1237.528,4.128,27.317,-426.936,-45.966,1.612,-110.549,-50.892,-26.003,-24.34,0.0,23.628,32.712,142.259,224.147,-80.374,30.598,-84.977,50.414,-612.711,2.567,-35.409,0.001,0.723,1.0,1.0,0.0,311.752,7.994,0.731,23.466,0.657,1.075,0.0,1.537,-3.003,zn_hydrolase_PSZ_H_H_H_1_63_0_1-atomized-bb-False_0_5_model_4_ptm_seed_0_unrelaxed_PSZ_1_7
-1124.223,168.229,836.22,-66.583,135.605,45.826,492.164,1233.142,3.496,24.87,-413.537,-45.494,2.388,-113.341,-49.865,-23.967,-21.991,0.0,26.462,36.292,145.224,239.449,-76.651,25.357,-82.327,47.476,-577.13,1.668,-34.946,0.006,3.216,0.0,1.0,0.0,306.827,7.867,0.752,22.57,0.606,1.656,3.568,0.524,-2.829,zn_hydrolase_PSZ_H_H_H_1_63_0_1-atomized-bb-False_0_5_model_4_ptm_seed_0_unrelaxed_PSZ_1_8
-1128.211,167.292,850.333,-65.998,137.537,46.266,502.148,1242.835,3.298,22.5,-429.281,-43.373,2.524,-112.848,-50.567,-26.416,-24.586,0.0,24.926,35.266,138.012,238.242,-77.283,26.053,-85.363,46.936,-588.653,2.202,-35.443,-0.0,-0.0,0.0,1.0,0.0,324.239,8.314,0.72,25.453,0.626,1.647,3.596,1.662,-2.886,zn_hydrolase_PSZ_H_H_H_1_63_0_1-atomized-bb-False_0_5_model_4_ptm_seed_0_unrelaxed_PSZ_1_9
-1126.303,170.62,844.656,-67.572,63.089,49.845,512.42,1252.394,4.462,31.758,-432.652,-51.256,3.396,-113.291,-47.081,-23.556,-23.965,0.0,39.589,32.396,131.684,223.916,-76.598,30.97,-66.763,24.568,-628.969,1.433,-34.291,0.001,0.334,0.0,1.0,0.0,321.325,8.239,0.785,23.636,0.578,1.764,1.593,1.714,-3.083,zn_hydrolase_PSZ_H_H_H_1_63_0_1-atomized-bb-False_0_1_model_4_ptm_seed_0_unrelaxed_PSZ_0_0
-1131.237,169.302,849.287,-68.626,64.301,51.761,514.131,1257.573,4.707,33.992,-436.547,-54.219,3.118,-113.47,-46.703,-23.648,-22.993,0.0,41.928,34.099,137.066,226.568,-77.482,30.962,-66.904,13.445,-633.601,0.914,-34.413,0.001,0.303,0.0,1.0,0.0,321.551,8.245,0.792,23.856,0.412,1.641,0.489,1.661,-3.106,zn_hydrolase_PSZ_H_H_H_1_63_0_1-atomized-bb-False_0_1_model_4_ptm_seed_0_unrelaxed_PSZ_0_1
-1127.955,168.998,858.328,-69.947,59.141,53.145,512.962,1255.558,4.708,34.442,-444.081,-51.149,3.578,-114.048,-45.993,-25.181,-29.507,0.0,43.891,33.758,130.223,239.259,-79.72,31.585,-72.648,8.884,-639.842,1.864,-35.227,0.0,0.107,0.0,1.0,0.0,318.731,8.173,0.745,27.738,0.356,1.765,0.416,1.693,-3.136,zn_hydrolase_PSZ_H_H_H_1_63_0_1-atomized-bb-False_0_1_model_4_ptm_seed_0_unrelaxed_PSZ_0_2
-1129.764,169.228,867.62,-70.544,65.127,54.671,516.786,1261.116,4.267,30.383,-447.822,-52.03,3.521,-113.6,-46.677,-24.985,-29.917,0.0,43.576,36.052,134.631,247.381,-80.892,29.344,-76.019,7.673,-626.081,0.781,-35.761,0.0,0.164,0.0,1.0,0.0,319.068,8.181,0.761,24.713,0.384,1.625,0.178,1.637,-3.069,zn_hydrolase_PSZ_H_H_H_1_63_0_1-atomized-bb-False_0_1_model_4_ptm_seed_0_unrelaxed_PSZ_0_3
-1142.206,172.664,869.535,-69.393,58.546,54.108,515.703,1271.759,4.967,35.36,-453.633,-56.054,3.148,-111.933,-48.76,-24.019,-23.672,0.0,35.799,38.575,130.357,248.116,-74.217,31.029,-74.249,26.156,-636.069,4.051,-43.948,0.002,1.264,1.0,1.0,0.0,312.545,8.014,0.782,32.891,0.872,2.908,3.144,1.747,-3.118,zn_hydrolase_PSZ_H_H_H_1_63_0_1-atomized-bb-False_0_1_model_4_ptm_seed_0_unrelaxed_PSZ_0_4
-1144.817,170.771,882.432,-67.916,54.624,51.906,521.073,1284.684,4.531,32.541,-459.885,-52.749,3.101,-111.137,-49.285,-23.529,-26.946,0.0,35.474,34.965,134.168,243.087,-71.743,32.145,-68.396,27.176,-628.806,4.851,-44.343,0.002,1.13,1.0,1.0,0.0,305.595,7.836,0.78,29.241,1.018,2.988,3.084,1.646,-3.082,zn_hydrolase_PSZ_H_H_H_1_63_0_1-atomized-bb-False_0_1_model_4_ptm_seed_0_unrelaxed_PSZ_0_5
-1122.766,170.809,863.118,-68.48,66.943,52.24,511.838,1255.082,4.611,33.138,-451.185,-51.023,3.001,-113.245,-46.42,-23.423,-31.063,0.0,46.668,37.859,143.456,234.788,-75.311,27.495,-72.738,22.602,-615.425,6.159,-34.587,0.0,0.206,0.0,1.0,0.0,320.392,8.215,0.751,23.053,0.527,1.677,0.559,1.393,-3.017,zn_hydrolase_PSZ_H_H_H_1_63_0_1-atomized-bb-False_0_1_model_4_ptm_seed_0_unrelaxed_PSZ_0_6
-1115.935,167.427,860.795,-67.112,58.739,51.975,514.079,1255.466,4.837,34.745,-451.502,-53.971,3.05,-113.652,-46.078,-24.683,-28.152,0.0,43.85,34.553,131.674,233.283,-76.387,29.442,-71.001,20.643,-628.209,5.436,-34.122,0.001,0.334,0.0,1.0,0.0,320.753,8.224,0.73,21.176,0.683,1.677,0.3,1.527,-3.079,zn_hydrolase_PSZ_H_H_H_1_63_0_1-atomized-bb-False_0_1_model_4_ptm_seed_0_unrelaxed_PSZ_0_7
-1134.58,171.662,858.933,-68.835,64.355,52.172,516.875,1261.762,4.639,33.682,-447.322,-51.038,3.49,-113.723,-46.283,-25.163,-30.91,0.0,47.855,32.872,135.611,236.561,-80.522,31.7,-73.395,5.999,-643.745,2.243,-36.232,0.0,0.092,0.0,1.0,0.0,326.136,8.362,0.771,28.855,0.336,1.674,0.411,1.571,-3.156,zn_hydrolase_PSZ_H_H_H_1_63_0_1-atomized-bb-False_0_1_model_4_ptm_seed_0_unrelaxed_PSZ_0_8
-1136.065,171.57,859.17,-68.884,60.949,51.82,517.234,1259.021,4.589,32.662,-450.369,-50.55,3.474,-113.599,-46.819,-25.342,-29.668,0.0,47.551,33.711,135.274,233.36,-79.787,31.635,-78.697,8.307,-653.609,2.149,-36.202,0.0,0.089,0.0,1.0,0.0,318.722,8.172,0.772,28.453,0.39,1.676,0.322,1.599,-3.204,zn_hydrolase_PSZ_H_H_H_1_63_0_1-atomized-bb-False_0_1_model_4_ptm_seed_0_unrelaxed_PSZ_0_9
-1137.243,170.035,865.505,-70.285,65.175,54.25,516.159,1262.71,4.281,30.834,-460.399,-52.39,3.125,-113.703,-42.982,-24.113,-30.136,0.0,41.706,39.261,135.794,240.078,-81.524,29.556,-74.704,12.157,-646.002,2.475,-43.423,0.001,0.733,1.0,1.0,0.0,308.648,7.914,0.776,34.048,0.551,2.778,3.011,1.754,-3.167,zn_hydrolase_PSZ_H_H_H_1_63_0_1-atomized-bb-False_0_1_model_4_ptm_seed_0_unrelaxed_PSZ_1_0
-1132.77,172.037,862.844,-69.85,63.481,53.842,514.29,1259.613,4.61,32.337,-460.308,-51.576,3.102,-112.917,-42.799,-24.118,-29.989,0.0,41.806,39.225,132.985,238.303,-81.03,29.411,-70.691,12.17,-642.473,2.13,-44.527,0.002,1.128,1.0,1.0,0.0,301.239,7.724,0.788,35.57,0.585,2.768,3.084,1.616,-3.149,zn_hydrolase_PSZ_H_H_H_1_63_0_1-atomized-bb-False_0_1_model_4_ptm_seed_0_unrelaxed_PSZ_1_1
-1131.803,173.104,839.008,-70.227,68.446,54.248,506.175,1248.68,4.651,33.57,-435.72,-54.075,3.123,-112.735,-43.062,-23.851,-26.457,0.0,40.844,40.082,135.265,237.909,-80.853,27.04,-61.204,13.157,-630.623,1.173,-35.87,0.001,0.562,0.0,1.0,0.0,307.826,7.893,0.803,23.816,0.612,1.802,0.841,1.281,-3.091,zn_hydrolase_PSZ_H_H_H_1_63_0_1-atomized-bb-False_0_1_model_4_ptm_seed_0_unrelaxed_PSZ_1_2
-1130.088,171.634,854.061,-70.824,68.056,54.357,509.295,1252.891,4.514,31.758,-444.766,-50.696,3.119,-112.952,-44.135,-24.222,-29.759,0.0,43.147,40.677,142.631,239.982,-78.596,26.983,-72.242,13.288,-625.009,1.087,-34.998,0.001,0.602,0.0,1.0,0.0,313.158,8.03,0.793,22.468,0.59,1.803,0.757,1.726,-3.064,zn_hydrolase_PSZ_H_H_H_1_63_0_1-atomized-bb-False_0_1_model_4_ptm_seed_0_unrelaxed_PSZ_1_3
-1134.845,167.139,857.985,-67.507,59.368,52.054,510.278,1263.888,4.958,36.252,-438.772,-54.353,3.251,-112.942,-47.809,-23.225,-24.822,0.0,40.493,38.037,132.923,237.56,-77.839,27.152,-64.235,15.492,-634.832,0.767,-34.614,0.0,0.129,0.0,1.0,0.0,318.921,8.177,0.75,23.453,0.525,1.713,0.088,1.687,-3.112,zn_hydrolase_PSZ_H_H_H_1_63_0_1-atomized-bb-False_0_1_model_4_ptm_seed_0_unrelaxed_PSZ_1_4
-1126.165,163.742,852.425,-65.923,54.678,50.419,507.667,1258.644,4.86,35.656,-433.111,-54.963,3.098,-113.101,-47.64,-22.95,-24.246,0.0,39.23,36.395,127.589,233.415,-79.567,27.768,-62.601,12.547,-639.973,1.36,-33.729,0.0,0.114,0.0,1.0,0.0,327.54,8.398,0.764,24.725,0.418,2.75,1.629,1.672,-3.137,zn_hydrolase_PSZ_H_H_H_1_63_0_1-atomized-bb-False_0_1_model_4_ptm_seed_0_unrelaxed_PSZ_1_5
-1124.984,169.171,860.46,-69.825,60.892,55.282,512.574,1258.05,4.679,34.656,-446.495,-57.709,3.414,-114.306,-47.411,-23.85,-25.322,0.0,35.323,33.065,131.072,247.583,-76.614,29.13,-77.033,22.28,-633.826,7.576,-33.384,0.004,2.172,0.0,1.0,0.0,310.528,7.962,0.799,29.42,0.825,1.74,0.604,1.523,-3.107,zn_hydrolase_PSZ_H_H_H_1_63_0_1-atomized-bb-False_0_1_model_4_ptm_seed_0_unrelaxed_PSZ_1_6
-1125.715,166.689,859.215,-69.679,59.214,53.648,512.585,1256.541,5.269,36.264,-443.9,-55.598,3.405,-114.794,-48.188,-23.744,-25.437,0.0,38.555,35.063,136.116,238.6,-76.018,33.841,-82.016,22.961,-636.112,5.492,-32.134,0.002,1.05,0.0,1.0,0.0,306.127,7.849,0.748,19.346,0.625,1.69,0.98,1.556,-3.118,zn_hydrolase_PSZ_H_H_H_1_63_0_1-atomized-bb-False_0_1_model_4_ptm_seed_0_unrelaxed_PSZ_1_7
-1122.095,164.0,849.345,-68.642,56.51,51.462,507.624,1250.647,4.616,32.903,-433.261,-52.229,3.278,-112.334,-47.125,-23.26,-25.389,0.0,38.096,36.567,127.281,236.225,-77.468,30.022,-67.978,16.464,-631.235,1.461,-33.695,0.0,0.153,0.0,1.0,0.0,321.992,8.256,0.751,23.336,0.641,1.714,1.607,1.644,-3.094,zn_hydrolase_PSZ_H_H_H_1_63_0_1-atomized-bb-False_0_1_model_4_ptm_seed_0_unrelaxed_PSZ_1_8
-1118.182,161.904,852.134,-66.857,53.396,50.391,509.237,1255.642,4.851,34.37,-435.023,-53.207,3.108,-113.082,-47.487,-22.993,-26.195,0.0,37.417,35.659,127.974,232.724,-78.974,27.108,-61.742,16.377,-633.058,1.424,-34.435,0.001,0.078,0.0,1.0,0.0,320.38,8.215,0.742,25.028,0.716,1.722,0.116,1.644,-3.103,zn_hydrolase_PSZ_H_H_H_1_63_0_1-atomized-bb-False_0_1_model_4_ptm_seed_0_unrelaxed_PSZ_1_9
-1148.258,173.51,863.028,-67.343,58.671,48.272,507.924,1268.169,5.558,36.674,-413.318,-55.447,4.558,-113.556,-50.974,-22.675,-15.703,0.0,25.276,34.809,140.371,236.238,-83.641,27.307,-75.161,31.169,-627.319,4.866,-31.259,0.009,2.905,0.0,1.0,0.0,335.572,8.604,0.778,20.109,0.342,1.776,0.692,1.735,-3.075,zn_hydrolase_PSZ_H_H_H_1_63_0_1-atomized-bb-False_0_9_model_4_ptm_seed_0_unrelaxed_PSZ_0_0
-1155.978,175.804,864.721,-67.199,59.693,49.643,509.952,1272.024,5.576,36.125,-415.894,-56.921,4.582,-112.864,-50.653,-23.329,-17.864,0.0,26.756,38.088,144.954,233.882,-82.298,27.166,-76.554,34.081,-629.894,4.674,-31.925,0.008,2.35,0.0,1.0,0.0,326.459,8.371,0.765,21.307,0.512,1.616,3.246,1.757,-3.088,zn_hydrolase_PSZ_H_H_H_1_63_0_1-atomized-bb-False_0_9_model_4_ptm_seed_0_unrelaxed_PSZ_0_1
-1149.291,174.003,876.13,-68.879,60.693,52.947,507.955,1270.465,5.855,37.501,-419.995,-58.734,3.129,-112.059,-50.559,-22.245,-20.295,0.0,23.641,34.345,143.277,249.283,-79.393,22.7,-84.007,34.19,-624.016,4.023,-28.52,0.007,1.914,1.0,1.0,0.0,329.11,8.439,0.738,17.62,0.497,1.597,3.614,1.743,-3.059,zn_hydrolase_PSZ_H_H_H_1_63_0_1-atomized-bb-False_0_9_model_4_ptm_seed_0_unrelaxed_PSZ_0_2
-1159.911,176.549,887.568,-69.65,61.393,50.31,513.873,1283.447,5.547,36.255,-430.652,-52.209,3.194,-112.084,-50.061,-22.281,-21.959,0.0,28.859,37.603,143.654,244.108,-78.946,22.203,-77.316,38.597,-619.402,3.645,-29.392,0.011,3.058,1.0,1.0,0.0,327.141,8.388,0.756,16.093,0.543,1.701,3.606,1.746,-3.036,zn_hydrolase_PSZ_H_H_H_1_63_0_1-atomized-bb-False_0_9_model_4_ptm_seed_0_unrelaxed_PSZ_0_3
-1147.377,177.08,845.803,-68.517,60.111,49.524,500.483,1252.697,4.763,29.602,-405.289,-54.509,3.209,-112.124,-51.317,-21.775,-14.36,0.0,27.79,36.267,146.151,238.563,-80.413,26.966,-79.865,38.863,-619.4,4.911,-28.784,0.006,0.782,1.0,1.0,0.0,323.807,8.303,0.653,15.447,0.649,1.7,0.306,1.681,-3.036,zn_hydrolase_PSZ_H_H_H_1_63_0_1-atomized-bb-False_0_9_model_4_ptm_seed_0_unrelaxed_PSZ_0_4
-1148.332,178.254,853.78,-67.406,61.34,48.291,504.326,1256.639,4.761,30.554,-412.266,-54.045,3.206,-111.755,-50.99,-20.467,-15.117,0.0,28.971,34.926,145.719,237.111,-79.77,24.883,-81.365,37.01,-620.66,4.363,-28.437,0.007,0.757,0.0,1.0,0.0,311.793,7.995,0.671,15.684,0.738,1.801,0.652,1.654,-3.042,zn_hydrolase_PSZ_H_H_H_1_63_0_1-atomized-bb-False_0_9_model_4_ptm_seed_0_unrelaxed_PSZ_0_5
-1153.264,173.064,862.831,-68.05,58.192,50.134,510.824,1268.607,5.128,31.742,-409.745,-56.328,3.075,-111.849,-50.808,-21.636,-18.8,0.0,27.337,35.97,134.96,244.428,-83.968,22.603,-74.095,33.36,-625.63,3.85,-29.166,0.007,1.923,0.0,1.0,0.0,313.661,8.043,0.713,14.577,0.534,0.747,0.391,1.77,-3.067,zn_hydrolase_PSZ_H_H_H_1_63_0_1-atomized-bb-False_0_9_model_4_ptm_seed_0_unrelaxed_PSZ_0_6
-1151.944,173.107,865.305,-68.8,62.246,50.478,510.246,1269.566,4.726,29.637,-410.1,-55.762,3.072,-112.777,-50.076,-23.513,-19.865,0.0,27.832,38.594,147.66,238.11,-83.575,23.737,-75.801,34.461,-615.995,3.704,-31.232,0.006,2.805,0.0,1.0,0.0,315.583,8.092,0.731,21.98,0.566,0.662,0.377,1.778,-3.02,zn_hydrolase_PSZ_H_H_H_1_63_0_1-atomized-bb-False_0_9_model_4_ptm_seed_0_unrelaxed_PSZ_0_7
-1147.365,173.686,858.791,-66.221,58.744,49.16,507.171,1263.009,5.24,34.799,-412.747,-58.235,3.165,-112.626,-50.59,-23.242,-14.16,0.0,27.977,35.281,136.75,231.093,-80.942,27.876,-76.816,38.239,-629.242,4.038,-28.268,0.007,0.446,0.0,1.0,0.0,325.434,8.344,0.72,15.532,0.519,1.806,0.68,1.66,-3.085,zn_hydrolase_PSZ_H_H_H_1_63_0_1-atomized-bb-False_0_9_model_4_ptm_seed_0_unrelaxed_PSZ_0_8
-1142.73,178.12,841.126,-67.747,59.134,48.787,498.5,1247.018,4.816,31.474,-399.152,-55.514,3.153,-113.039,-50.481,-24.625,-11.643,0.0,28.551,38.214,139.564,247.105,-80.689,24.233,-76.83,37.611,-611.938,5.432,-27.943,0.012,1.883,1.0,1.0,0.0,319.782,8.2,0.616,15.965,0.778,1.714,0.292,1.667,-3.0,zn_hydrolase_PSZ_H_H_H_1_63_0_1-atomized-bb-False_0_9_model_4_ptm_seed_0_unrelaxed_PSZ_0_9
-1144.55,176.983,858.54,-67.761,66.274,47.7,512.783,1261.941,4.968,30.66,-422.672,-49.779,2.779,-112.717,-49.992,-23.519,-14.672,0.0,29.691,36.561,154.718,231.899,-85.453,24.651,-79.77,32.957,-614.511,6.011,-26.045,0.009,1.273,1.0,1.0,0.0,332.932,8.537,0.713,17.515,0.211,0.473,0.472,1.689,-3.012,zn_hydrolase_PSZ_H_H_H_1_63_0_1-atomized-bb-False_0_9_model_4_ptm_seed_0_unrelaxed_PSZ_1_0
-1151.404,173.945,854.92,-67.287,63.73,47.799,507.616,1261.551,4.797,30.737,-405.534,-56.521,2.625,-112.182,-50.573,-25.005,-14.99,0.0,27.399,34.354,150.142,238.561,-87.358,27.336,-73.757,27.538,-619.782,5.536,-28.656,0.008,1.915,0.0,1.0,0.0,320.67,8.222,0.697,16.721,0.541,1.695,0.876,1.676,-3.038,zn_hydrolase_PSZ_H_H_H_1_63_0_1-atomized-bb-False_0_9_model_4_ptm_seed_0_unrelaxed_PSZ_1_1
-1152.726,178.949,859.636,-69.015,63.497,51.714,503.244,1263.377,5.754,36.91,-411.807,-62.474,3.581,-112.453,-52.112,-21.049,-17.877,0.0,29.344,37.87,140.379,245.673,-82.204,22.738,-70.398,31.905,-624.845,5.875,-27.796,0.0,0.23,0.0,1.0,0.0,344.321,8.829,0.707,15.33,0.477,1.829,0.755,1.616,-3.063,zn_hydrolase_PSZ_H_H_H_1_63_0_1-atomized-bb-False_0_9_model_4_ptm_seed_0_unrelaxed_PSZ_1_2
-1154.167,178.563,849.446,-67.833,62.186,50.069,504.403,1258.613,5.635,34.395,-408.593,-60.883,3.776,-111.655,-53.098,-22.084,-17.908,0.0,27.552,38.07,137.372,248.858,-82.342,23.086,-66.868,34.09,-625.967,5.688,-31.919,0.002,0.895,0.0,1.0,0.0,338.208,8.672,0.71,19.355,0.532,1.775,3.328,1.617,-3.068,zn_hydrolase_PSZ_H_H_H_1_63_0_1-atomized-bb-False_0_9_model_4_ptm_seed_0_unrelaxed_PSZ_1_3
-1150.569,174.009,862.123,-66.328,59.774,47.982,509.916,1270.039,5.121,32.024,-416.603,-55.416,2.664,-111.696,-49.969,-24.125,-19.609,0.0,30.996,32.98,140.55,240.222,-85.432,27.305,-74.774,34.029,-628.792,4.411,-29.044,0.004,1.403,0.0,1.0,0.0,337.325,8.649,0.742,20.312,0.427,0.581,0.511,1.688,-3.082,zn_hydrolase_PSZ_H_H_H_1_63_0_1-atomized-bb-False_0_9_model_4_ptm_seed_0_unrelaxed_PSZ_1_4
-1157.698,175.539,867.867,-67.707,62.067,48.251,512.306,1276.302,5.127,30.974,-419.028,-51.94,2.74,-111.029,-49.565,-24.02,-18.108,0.0,31.5,35.125,152.581,242.212,-81.605,22.757,-77.796,35.989,-617.036,5.658,-28.134,0.003,1.117,0.0,1.0,0.0,330.845,8.483,0.734,18.197,0.482,0.364,3.347,1.668,-3.025,zn_hydrolase_PSZ_H_H_H_1_63_0_1-atomized-bb-False_0_9_model_4_ptm_seed_0_unrelaxed_PSZ_1_5
-1152.669,176.648,883.725,-68.299,61.682,51.871,513.11,1279.808,5.367,34.274,-426.01,-58.357,3.635,-110.917,-51.656,-21.195,-21.809,0.0,28.262,36.023,143.948,250.532,-83.932,20.566,-78.286,32.967,-616.236,5.246,-27.378,0.004,1.789,1.0,1.0,0.0,338.003,8.667,0.667,10.304,0.631,1.731,3.372,1.655,-3.021,zn_hydrolase_PSZ_H_H_H_1_63_0_1-atomized-bb-False_0_9_model_4_ptm_seed_0_unrelaxed_PSZ_1_6
-1146.67,176.105,875.063,-69.03,59.681,53.033,509.656,1270.788,5.511,33.925,-423.965,-58.298,3.565,-110.703,-51.784,-21.66,-19.038,0.0,27.092,35.113,139.856,244.735,-85.015,22.831,-76.979,33.543,-620.764,5.267,-27.547,0.004,2.277,1.0,1.0,0.0,337.615,8.657,0.718,13.035,0.534,1.733,3.369,1.747,-3.043,zn_hydrolase_PSZ_H_H_H_1_63_0_1-atomized-bb-False_0_9_model_4_ptm_seed_0_unrelaxed_PSZ_1_7
-1155.814,180.696,847.602,-69.222,67.461,50.996,501.052,1255.271,5.381,33.516,-399.099,-59.114,3.636,-111.535,-52.137,-21.14,-13.806,0.0,29.097,38.795,143.3,244.286,-81.361,25.253,-70.036,34.783,-607.945,4.466,-31.655,0.004,2.349,0.0,1.0,0.0,341.764,8.763,0.705,14.291,0.7,1.64,3.36,1.778,-2.98,zn_hydrolase_PSZ_H_H_H_1_63_0_1-atomized-bb-False_0_9_model_4_ptm_seed_0_unrelaxed_PSZ_1_8
-1146.462,177.079,862.151,-67.451,63.286,49.587,500.37,1259.06,5.171,31.663,-407.823,-58.759,3.643,-112.24,-52.1,-21.776,-13.564,0.0,29.367,36.063,146.415,237.197,-80.056,25.379,-77.289,36.555,-609.139,5.709,-27.598,0.0,0.08,0.0,1.0,0.0,341.234,8.75,0.761,11.246,0.685,1.753,0.658,1.666,-2.986,zn_hydrolase_PSZ_H_H_H_1_63_0_1-atomized-bb-False_0_9_model_4_ptm_seed_0_unrelaxed_PSZ_1_9
-1161.905,185.648,892.45,-63.345,47.998,49.931,526.592,1296.388,3.576,26.545,-440.28,-54.638,3.304,-116.664,-46.341,-22.682,-27.432,0.0,36.581,34.309,133.293,236.737,-86.695,25.548,-88.47,64.943,-632.518,6.374,-24.332,0.001,0.076,0.0,2.0,1.0,318.577,8.169,0.77,14.069,0.719,1.614,3.984,1.805,-3.101,zn_hydrolase_PSZ_H_H_H_1_63_0_1-atomized-bb-False_0_3_model_4_ptm_seed_0_unrelaxed_PSZ_0_0
-1157.276,181.954,903.309,-63.122,49.137,50.145,534.411,1303.354,3.662,26.567,-447.605,-56.443,3.361,-116.464,-47.628,-23.046,-26.369,0.0,37.873,34.639,125.264,240.931,-85.532,30.58,-90.625,63.605,-622.002,8.632,-27.519,0.0,0.022,0.0,2.0,1.0,321.393,8.241,0.794,9.302,0.8,1.668,0.484,1.862,-3.049,zn_hydrolase_PSZ_H_H_H_1_63_0_1-atomized-bb-False_0_3_model_4_ptm_seed_0_unrelaxed_PSZ_0_1
-1149.389,179.864,885.609,-62.697,46.219,48.977,519.639,1288.447,3.529,26.11,-438.667,-52.162,3.268,-117.981,-47.661,-20.225,-25.205,0.0,36.73,37.65,129.658,224.593,-85.874,27.344,-81.595,66.625,-628.281,6.294,-25.463,0.0,0.049,0.0,1.0,0.0,323.333,8.291,0.687,13.12,0.845,1.027,1.481,1.95,-3.08,zn_hydrolase_PSZ_H_H_H_1_63_0_1-atomized-bb-False_0_3_model_4_ptm_seed_0_unrelaxed_PSZ_0_2
-1153.306,180.576,897.52,-63.488,46.839,49.376,526.126,1298.787,3.654,27.366,-444.779,-52.566,3.214,-117.129,-47.556,-20.774,-29.692,0.0,38.7,40.523,132.0,232.127,-84.233,29.506,-88.911,65.754,-623.033,7.07,-26.795,0.001,0.226,0.0,1.0,0.0,315.434,8.088,0.695,15.769,0.596,0.669,0.998,0.913,-3.054,zn_hydrolase_PSZ_H_H_H_1_63_0_1-atomized-bb-False_0_3_model_4_ptm_seed_0_unrelaxed_PSZ_0_3
-1151.797,183.795,886.578,-61.246,44.458,47.854,523.076,1292.106,3.704,26.729,-431.136,-53.412,3.808,-116.552,-46.251,-20.402,-29.115,0.0,36.572,34.124,131.098,221.622,-87.322,31.978,-90.749,54.789,-636.036,7.254,-29.284,-0.0,-0.0,0.0,1.0,0.0,303.187,7.774,0.745,20.139,0.228,1.647,0.581,0.914,-3.118,zn_hydrolase_PSZ_H_H_H_1_63_0_1-atomized-bb-False_0_3_model_4_ptm_seed_0_unrelaxed_PSZ_0_4
-1160.092,184.607,882.202,-62.271,48.082,48.847,521.639,1294.744,4.111,27.343,-424.066,-54.498,3.911,-116.412,-45.98,-21.839,-23.902,0.0,37.387,33.125,128.663,223.907,-89.076,30.569,-85.019,59.39,-633.477,7.625,-25.827,-0.0,-0.0,0.0,1.0,0.0,320.211,8.211,0.756,12.786,0.477,1.665,0.585,0.893,-3.105,zn_hydrolase_PSZ_H_H_H_1_63_0_1-atomized-bb-False_0_3_model_4_ptm_seed_0_unrelaxed_PSZ_0_5
-1160.884,181.883,885.185,-62.741,48.997,50.251,523.922,1297.85,3.317,23.09,-429.922,-54.908,3.542,-115.163,-48.088,-21.39,-25.32,0.0,36.137,34.64,120.181,231.321,-90.166,28.089,-80.068,59.06,-635.894,9.98,-26.316,-0.0,-0.0,0.0,1.0,0.0,321.529,8.244,0.773,16.551,0.66,1.638,0.888,0.829,-3.117,zn_hydrolase_PSZ_H_H_H_1_63_0_1-atomized-bb-False_0_3_model_4_ptm_seed_0_unrelaxed_PSZ_0_6
-1158.845,181.66,890.554,-63.647,44.387,49.61,526.696,1301.281,3.293,24.165,-431.462,-51.047,3.568,-116.53,-46.875,-20.688,-28.219,0.0,36.764,35.987,124.339,224.394,-87.773,28.726,-79.625,57.774,-630.904,9.514,-23.841,0.0,0.006,0.0,1.0,0.0,323.733,8.301,0.736,13.479,0.376,1.664,0.581,0.845,-3.093,zn_hydrolase_PSZ_H_H_H_1_63_0_1-atomized-bb-False_0_3_model_4_ptm_seed_0_unrelaxed_PSZ_0_7
-1162.377,181.331,888.082,-64.407,46.352,49.637,521.587,1293.379,3.724,25.435,-430.572,-50.365,3.348,-117.449,-47.431,-20.301,-25.861,0.0,36.166,36.169,128.372,231.142,-88.666,32.963,-83.983,63.141,-626.243,11.488,-31.523,0.0,-0.0,0.0,1.0,0.0,328.38,8.42,0.731,19.133,0.413,0.673,0.685,0.684,-3.07,zn_hydrolase_PSZ_H_H_H_1_63_0_1-atomized-bb-False_0_3_model_4_ptm_seed_0_unrelaxed_PSZ_0_8
-1163.576,187.172,875.878,-62.876,46.804,48.981,518.474,1287.433,3.418,25.06,-431.645,-51.459,3.403,-116.962,-46.616,-22.185,-24.982,0.0,37.171,40.577,119.974,248.941,-91.062,32.23,-90.612,58.558,-637.585,11.944,-32.272,0.0,-0.0,0.0,1.0,0.0,319.781,8.2,0.779,22.012,0.675,1.649,0.627,1.035,-3.125,zn_hydrolase_PSZ_H_H_H_1_63_0_1-atomized-bb-False_0_3_model_4_ptm_seed_0_unrelaxed_PSZ_0_9
-1158.043,181.684,891.633,-63.624,47.548,50.082,527.026,1296.042,3.607,25.737,-431.168,-57.956,4.204,-118.314,-47.301,-21.194,-30.592,0.0,31.991,32.902,127.381,237.365,-89.73,28.322,-85.097,62.37,-632.775,9.096,-28.453,0.0,0.009,0.0,1.0,0.0,321.023,8.231,0.725,18.376,0.689,1.674,0.865,0.877,-3.102,zn_hydrolase_PSZ_H_H_H_1_63_0_1-atomized-bb-False_0_3_model_4_ptm_seed_0_unrelaxed_PSZ_1_0
-1149.866,182.586,884.755,-64.238,48.304,49.255,522.174,1286.273,3.478,24.86,-425.869,-53.39,3.776,-117.147,-47.552,-23.71,-26.921,0.0,32.006,32.036,130.54,230.941,-88.596,25.759,-87.7,64.066,-627.849,7.825,-24.414,0.0,0.042,0.0,1.0,0.0,324.025,8.308,0.709,15.635,0.64,1.658,3.992,0.914,-3.078,zn_hydrolase_PSZ_H_H_H_1_63_0_1-atomized-bb-False_0_3_model_4_ptm_seed_0_unrelaxed_PSZ_1_1
-1156.503,184.884,902.604,-62.974,49.123,50.005,532.214,1309.054,3.635,27.421,-441.816,-57.079,3.584,-114.023,-49.506,-19.547,-32.344,0.0,35.195,39.945,124.343,236.033,-88.312,32.852,-92.134,62.302,-624.989,10.941,-27.206,-0.0,-0.0,0.0,1.0,0.0,334.512,8.577,0.709,16.87,0.629,1.649,1.55,0.771,-3.064,zn_hydrolase_PSZ_H_H_H_1_63_0_1-atomized-bb-False_0_3_model_4_ptm_seed_0_unrelaxed_PSZ_1_2
-1156.64,184.264,880.508,-64.642,50.427,49.63,524.234,1290.467,3.818,27.68,-435.981,-55.96,3.482,-114.186,-47.105,-19.543,-25.682,0.0,35.772,38.327,133.684,229.371,-88.072,33.198,-76.991,65.285,-615.393,10.449,-31.213,0.0,-0.0,0.0,1.0,0.0,334.54,8.578,0.705,21.856,0.679,1.648,1.602,0.868,-3.017,zn_hydrolase_PSZ_H_H_H_1_63_0_1-atomized-bb-False_0_3_model_4_ptm_seed_0_unrelaxed_PSZ_1_3
-1167.26,186.654,881.441,-66.138,51.528,52.804,519.403,1288.806,3.798,26.672,-423.353,-57.871,3.39,-113.426,-48.129,-21.459,-23.465,0.0,34.701,34.182,127.642,238.823,-86.085,32.478,-82.52,63.429,-620.874,8.946,-26.319,0.0,0.0,0.0,1.0,0.0,335.122,8.593,0.698,11.579,0.547,1.643,1.496,0.819,-3.044,zn_hydrolase_PSZ_H_H_H_1_63_0_1-atomized-bb-False_0_3_model_4_ptm_seed_0_unrelaxed_PSZ_1_4
-1157.569,187.685,865.087,-64.516,47.119,50.726,515.202,1275.953,3.482,25.332,-418.167,-59.262,3.37,-113.819,-48.349,-21.807,-20.623,0.0,33.8,33.496,127.144,236.356,-86.17,31.4,-80.414,62.046,-625.562,8.198,-31.601,0.0,0.026,0.0,1.0,0.0,338.644,8.683,0.726,17.723,0.578,1.738,1.33,0.763,-3.066,zn_hydrolase_PSZ_H_H_H_1_63_0_1-atomized-bb-False_0_3_model_4_ptm_seed_0_unrelaxed_PSZ_1_5
-1167.759,182.809,913.966,-63.801,46.121,52.533,533.709,1310.068,3.773,27.063,-453.891,-60.201,3.028,-113.802,-48.633,-22.59,-35.618,0.0,38.258,41.0,132.752,248.308,-84.23,37.925,-102.166,66.236,-628.366,9.654,-35.892,0.001,0.495,1.0,1.0,0.0,320.547,8.219,0.761,19.771,0.704,1.629,0.811,0.774,-3.08,zn_hydrolase_PSZ_H_H_H_1_63_0_1-atomized-bb-False_0_3_model_4_ptm_seed_0_unrelaxed_PSZ_1_6
-1160.905,185.04,909.715,-64.104,43.849,53.244,528.602,1304.563,3.743,26.573,-446.567,-57.291,2.572,-114.853,-48.492,-21.408,-29.441,0.0,36.35,36.469,127.535,246.006,-87.008,35.167,-96.248,64.487,-620.91,8.213,-30.071,0.0,-0.0,0.0,1.0,0.0,323.025,8.283,0.664,13.232,0.55,1.712,1.33,0.441,-3.044,zn_hydrolase_PSZ_H_H_H_1_63_0_1-atomized-bb-False_0_3_model_4_ptm_seed_0_unrelaxed_PSZ_1_7
-1172.779,186.856,885.074,-65.514,48.696,50.932,521.431,1296.053,3.424,25.933,-432.563,-55.666,2.463,-116.624,-49.005,-20.968,-26.213,0.0,33.453,34.913,132.684,236.522,-86.302,33.161,-75.304,54.072,-635.439,12.77,-31.846,0.0,0.0,0.0,1.0,0.0,307.496,7.885,0.751,16.316,0.661,1.616,1.456,0.767,-3.115,zn_hydrolase_PSZ_H_H_H_1_63_0_1-atomized-bb-False_0_3_model_4_ptm_seed_0_unrelaxed_PSZ_1_8
-1175.06,186.709,884.466,-64.821,46.4,50.132,522.009,1294.917,3.484,26.738,-431.105,-54.822,2.67,-115.935,-49.617,-21.19,-25.408,0.0,33.665,36.731,134.856,234.311,-84.984,33.161,-79.84,53.442,-638.648,11.696,-30.792,0.001,0.171,0.0,1.0,0.0,308.33,7.906,0.713,16.04,0.486,1.617,1.457,0.754,-3.131,zn_hydrolase_PSZ_H_H_H_1_63_0_1-atomized-bb-False_0_3_model_4_ptm_seed_0_unrelaxed_PSZ_1_9
-1133.131,165.193,879.352,-66.129,51.543,48.875,518.368,1274.033,4.677,33.084,-454.918,-46.098,1.329,-117.503,-48.475,-25.109,-23.816,0.0,37.696,32.859,141.529,235.749,-77.143,24.002,-68.961,41.494,-624.836,14.358,-32.498,0.016,2.223,0.0,1.0,0.0,291.496,7.474,0.752,23.68,0.335,1.701,1.333,0.645,-3.063,zn_hydrolase_PSZ_H_H_H_1_63_0_1-atomized-bb-False_0_7_model_4_ptm_seed_0_unrelaxed_PSZ_0_0
-1129.966,163.148,881.893,-66.926,52.098,49.265,518.326,1269.927,4.917,32.647,-454.533,-43.311,1.583,-116.643,-48.497,-24.269,-26.257,0.0,36.089,32.36,144.641,225.199,-78.729,25.195,-74.255,43.168,-627.254,15.244,-32.521,0.002,0.01,0.0,1.0,0.0,294.139,7.542,0.735,22.524,0.719,1.681,3.405,0.57,-3.075,zn_hydrolase_PSZ_H_H_H_1_63_0_1-atomized-bb-False_0_7_model_4_ptm_seed_0_unrelaxed_PSZ_0_1
-1124.67,163.721,864.592,-65.183,55.782,47.596,514.246,1259.6,4.47,30.266,-448.508,-42.435,1.326,-116.905,-49.593,-24.441,-24.862,0.0,37.884,31.201,136.398,224.385,-78.212,25.694,-67.357,39.674,-630.169,13.304,-31.231,0.021,2.638,0.0,1.0,0.0,287.841,7.381,0.678,25.317,0.261,1.769,1.09,0.613,-3.089,zn_hydrolase_PSZ_H_H_H_1_63_0_1-atomized-bb-False_0_7_model_4_ptm_seed_0_unrelaxed_PSZ_0_2
-1122.672,162.652,868.454,-66.116,57.77,48.08,513.388,1261.35,4.358,30.438,-450.739,-43.454,1.402,-116.179,-48.938,-24.33,-25.161,0.0,36.122,32.413,139.373,223.281,-77.999,25.742,-64.011,40.768,-622.227,14.408,-31.642,0.02,2.61,0.0,1.0,0.0,286.472,7.345,0.723,23.126,0.635,1.795,1.239,1.779,-3.05,zn_hydrolase_PSZ_H_H_H_1_63_0_1-atomized-bb-False_0_7_model_4_ptm_seed_0_unrelaxed_PSZ_0_3
-1124.587,166.912,876.961,-67.652,56.066,50.54,520.389,1270.185,4.508,33.365,-449.619,-42.007,1.458,-116.021,-48.715,-24.341,-26.016,0.0,28.047,26.239,139.15,238.62,-72.332,26.621,-70.048,46.299,-604.361,14.31,-29.145,0.022,4.242,0.0,1.0,0.0,285.866,7.33,0.721,21.939,0.683,1.631,3.437,0.24,-2.963,zn_hydrolase_PSZ_H_H_H_1_63_0_1-atomized-bb-False_0_7_model_4_ptm_seed_0_unrelaxed_PSZ_0_4
-1128.864,166.527,888.897,-68.633,54.069,51.97,524.147,1278.8,4.441,33.13,-454.809,-40.678,1.413,-116.275,-49.384,-25.036,-28.254,0.0,28.324,28.302,140.598,237.474,-73.071,27.159,-81.844,41.668,-617.314,13.868,-29.489,0.016,2.192,0.0,1.0,0.0,292.475,7.499,0.736,22.308,0.578,0.144,3.376,1.552,-3.026,zn_hydrolase_PSZ_H_H_H_1_63_0_1-atomized-bb-False_0_7_model_4_ptm_seed_0_unrelaxed_PSZ_0_5
-1132.731,166.54,879.23,-65.517,50.969,48.131,520.506,1277.339,4.194,29.464,-451.422,-42.715,2.21,-116.295,-50.751,-25.934,-27.809,0.0,33.884,31.839,132.835,233.937,-76.442,28.389,-66.474,41.698,-623.259,13.97,-29.401,0.032,5.425,0.0,1.0,0.0,276.406,7.087,0.718,21.401,0.262,0.806,1.2,1.623,-3.055,zn_hydrolase_PSZ_H_H_H_1_63_0_1-atomized-bb-False_0_7_model_4_ptm_seed_0_unrelaxed_PSZ_0_6
-1131.404,166.022,877.065,-66.452,51.307,49.532,517.435,1273.971,3.88,28.287,-450.963,-42.851,2.203,-115.905,-48.218,-26.591,-28.145,0.0,38.239,29.156,141.454,228.645,-77.551,26.052,-66.966,40.445,-624.008,15.071,-30.097,0.033,5.246,0.0,1.0,0.0,279.356,7.163,0.72,24.856,0.496,1.608,3.2,0.154,-3.059,zn_hydrolase_PSZ_H_H_H_1_63_0_1-atomized-bb-False_0_7_model_4_ptm_seed_0_unrelaxed_PSZ_0_7
-1133.935,169.396,859.839,-65.53,54.054,47.801,515.257,1259.98,4.256,30.418,-437.309,-41.479,2.331,-115.331,-51.071,-25.465,-26.204,0.0,33.27,31.88,143.272,222.008,-77.507,26.759,-72.163,41.323,-631.074,15.016,-30.466,0.018,3.919,0.0,1.0,0.0,286.2,7.338,0.686,22.964,0.601,1.586,3.193,0.549,-3.093,zn_hydrolase_PSZ_H_H_H_1_63_0_1-atomized-bb-False_0_7_model_4_ptm_seed_0_unrelaxed_PSZ_0_8
-1132.981,169.011,860.723,-65.275,54.457,47.931,518.004,1262.759,4.182,30.218,-440.37,-41.772,2.183,-115.536,-51.074,-25.452,-27.89,0.0,34.107,33.93,136.841,225.694,-78.495,26.811,-66.61,39.497,-628.805,15.087,-30.058,0.03,5.103,0.0,1.0,0.0,278.636,7.145,0.693,24.207,0.42,0.203,3.197,1.589,-3.082,zn_hydrolase_PSZ_H_H_H_1_63_0_1-atomized-bb-False_0_7_model_4_ptm_seed_0_unrelaxed_PSZ_0_9
-1131.627,162.855,879.486,-65.831,53.697,48.761,520.135,1276.856,4.017,28.386,-452.5,-44.415,1.479,-115.784,-51.143,-28.716,-24.116,0.0,35.616,31.66,139.395,228.565,-76.91,22.121,-70.352,41.672,-633.453,9.739,-28.573,0.019,3.212,0.0,1.0,0.0,290.412,7.446,0.689,20.666,0.594,1.581,3.44,1.671,-3.105,zn_hydrolase_PSZ_H_H_H_1_63_0_1-atomized-bb-False_0_7_model_4_ptm_seed_0_unrelaxed_PSZ_1_0
-1127.814,160.838,885.557,-66.403,52.759,49.425,520.34,1278.779,4.212,29.53,-454.593,-45.493,1.519,-115.906,-50.342,-28.838,-25.622,0.0,36.906,31.024,142.457,229.529,-77.92,22.006,-76.195,40.129,-634.244,7.993,-28.6,0.019,3.315,0.0,1.0,0.0,294.592,7.554,0.691,20.438,0.486,1.681,3.445,1.661,-3.109,zn_hydrolase_PSZ_H_H_H_1_63_0_1-atomized-bb-False_0_7_model_4_ptm_seed_0_unrelaxed_PSZ_1_1
-1128.165,162.726,878.351,-65.566,50.662,48.136,524.015,1272.586,4.1,28.676,-453.138,-44.4,1.496,-115.258,-50.956,-26.058,-27.381,0.0,28.56,27.104,134.955,231.331,-75.726,24.395,-67.697,45.248,-628.963,15.04,-28.577,0.008,2.169,0.0,1.0,0.0,296.485,7.602,0.707,20.799,0.498,0.099,3.289,1.422,-3.083,zn_hydrolase_PSZ_H_H_H_1_63_0_1-atomized-bb-False_0_7_model_4_ptm_seed_0_unrelaxed_PSZ_1_2
-1103.825,157.184,858.086,-64.359,46.891,47.102,515.333,1253.502,4.003,28.618,-441.352,-47.178,1.397,-116.322,-48.804,-24.483,-22.82,0.0,30.17,27.958,124.343,237.641,-74.979,24.519,-61.439,47.079,-608.442,10.045,-28.516,0.023,2.693,0.0,1.0,0.0,283.715,7.275,0.663,19.258,0.297,1.005,1.562,1.604,-2.983,zn_hydrolase_PSZ_H_H_H_1_63_0_1-atomized-bb-False_0_7_model_4_ptm_seed_0_unrelaxed_PSZ_1_3
-1120.964,163.432,867.902,-64.437,51.385,47.851,517.138,1267.531,4.101,28.987,-448.348,-44.505,1.365,-115.807,-50.478,-25.456,-20.68,0.0,33.904,30.004,133.742,219.719,-75.943,24.641,-62.653,43.376,-624.528,8.743,-29.779,0.016,2.928,0.0,1.0,0.0,290.404,7.446,0.715,20.818,0.559,1.643,3.499,1.692,-3.061,zn_hydrolase_PSZ_H_H_H_1_63_0_1-atomized-bb-False_0_7_model_4_ptm_seed_0_unrelaxed_PSZ_1_4
-1125.753,164.127,877.79,-64.939,51.208,48.735,520.799,1275.426,4.157,28.595,-454.593,-44.983,1.376,-115.519,-50.659,-27.376,-24.526,0.0,32.767,30.879,135.25,224.804,-76.32,22.307,-65.174,43.406,-630.551,9.598,-29.734,0.014,2.701,0.0,1.0,0.0,297.8,7.636,0.717,21.152,0.488,1.638,3.521,1.674,-3.091,zn_hydrolase_PSZ_H_H_H_1_63_0_1-atomized-bb-False_0_7_model_4_ptm_seed_0_unrelaxed_PSZ_1_5
-1127.987,162.951,856.286,-65.295,52.995,49.108,517.499,1262.626,3.992,28.352,-440.806,-41.914,1.37,-117.437,-50.332,-25.463,-23.743,0.0,35.016,29.836,130.933,227.193,-75.371,25.169,-56.393,40.784,-624.168,12.651,-30.134,0.02,3.934,0.0,1.0,0.0,290.992,7.461,0.709,20.715,0.605,1.585,3.211,0.837,-3.06,zn_hydrolase_PSZ_H_H_H_1_63_0_1-atomized-bb-False_0_7_model_4_ptm_seed_0_unrelaxed_PSZ_1_6
-1130.328,164.623,859.834,-65.696,57.25,49.817,518.724,1264.012,4.335,30.87,-443.488,-41.858,1.374,-116.88,-50.312,-25.235,-23.995,0.0,35.07,30.261,132.21,229.115,-77.084,27.676,-60.046,40.01,-621.593,12.812,-30.567,0.02,3.906,0.0,1.0,0.0,291.668,7.479,0.72,22.137,0.516,1.582,3.203,0.723,-3.047,zn_hydrolase_PSZ_H_H_H_1_63_0_1-atomized-bb-False_0_7_model_4_ptm_seed_0_unrelaxed_PSZ_1_7
-1118.104,163.85,867.249,-63.19,48.883,46.394,526.793,1267.54,4.883,35.567,-444.671,-46.698,1.384,-115.744,-48.715,-27.435,-26.455,0.0,28.696,31.277,133.749,223.299,-75.259,27.723,-59.433,35.041,-617.921,6.429,-29.607,0.027,5.668,0.0,1.0,0.0,290.456,7.448,0.749,19.739,0.355,1.278,1.561,1.553,-3.029,zn_hydrolase_PSZ_H_H_H_1_63_0_1-atomized-bb-False_0_7_model_4_ptm_seed_0_unrelaxed_PSZ_1_8
-1119.398,162.486,872.765,-65.118,49.534,49.627,524.36,1268.277,4.164,30.283,-450.952,-45.849,1.359,-114.786,-50.937,-28.032,-26.488,0.0,29.873,26.446,140.697,225.573,-72.182,28.492,-66.373,36.63,-619.89,14.991,-31.784,0.023,4.056,0.0,1.0,0.0,284.396,7.292,0.729,25.263,0.532,1.614,3.193,1.614,-3.039,zn_hydrolase_PSZ_H_H_H_1_63_0_1-atomized-bb-False_0_7_model_4_ptm_seed_0_unrelaxed_PSZ_1_9
-1154.844,173.332,868.872,-64.992,52.369,48.046,523.31,1276.414,4.103,26.821,-432.822,-55.026,2.375,-113.157,-47.974,-33.805,-23.095,0.0,36.482,33.567,122.942,251.634,-79.101,29.361,-73.853,39.134,-638.285,5.368,-35.897,0.002,1.028,1.0,1.0,0.0,317.375,8.138,0.783,23.516,0.398,1.598,1.546,1.562,-3.129,zn_hydrolase_PSZ_H_H_H_1_63_0_1-atomized-bb-False_0_10_model_4_ptm_seed_0_unrelaxed_PSZ_0_0
-1147.502,170.965,871.314,-63.689,47.479,46.037,518.411,1272.992,4.63,30.468,-432.082,-53.456,2.368,-113.369,-46.939,-33.418,-20.242,0.0,36.193,35.289,120.962,250.178,-78.412,25.041,-78.932,42.312,-640.398,5.349,-35.868,0.004,2.075,1.0,1.0,0.0,305.465,7.832,0.755,25.368,0.366,1.601,1.56,1.573,-3.139,zn_hydrolase_PSZ_H_H_H_1_63_0_1-atomized-bb-False_0_10_model_4_ptm_seed_0_unrelaxed_PSZ_0_1
-1158.704,172.489,879.54,-65.833,51.5,49.02,517.067,1282.789,4.685,30.815,-429.863,-52.623,2.398,-112.748,-47.425,-31.254,-20.769,0.0,36.421,33.312,125.609,252.661,-78.294,25.395,-82.82,41.093,-639.572,4.734,-35.171,0.006,3.038,1.0,1.0,0.0,322.36,8.266,0.755,24.872,0.495,1.59,1.555,1.573,-3.135,zn_hydrolase_PSZ_H_H_H_1_63_0_1-atomized-bb-False_0_10_model_4_ptm_seed_0_unrelaxed_PSZ_0_2
-1157.579,175.23,873.803,-64.898,49.187,48.205,519.066,1278.741,4.626,29.844,-431.814,-53.081,2.351,-112.914,-47.211,-31.386,-19.957,0.0,38.79,34.066,128.476,249.402,-78.86,25.386,-83.056,41.964,-640.712,4.866,-35.026,0.006,3.148,1.0,1.0,0.0,314.99,8.077,0.784,24.072,0.44,3.227,0.784,1.579,-3.141,zn_hydrolase_PSZ_H_H_H_1_63_0_1-atomized-bb-False_0_10_model_4_ptm_seed_0_unrelaxed_PSZ_0_3
-1144.062,172.08,849.932,-64.646,49.94,46.617,517.003,1266.33,4.382,28.114,-431.678,-52.375,3.036,-114.204,-48.385,-32.592,-18.152,0.0,42.72,34.759,134.076,233.216,-76.445,27.98,-64.399,38.922,-635.222,7.874,-36.236,0.0,0.06,0.0,1.0,0.0,309.772,7.943,0.788,25.613,0.589,1.626,0.0,1.456,-3.114,zn_hydrolase_PSZ_H_H_H_1_63_0_1-atomized-bb-False_0_10_model_4_ptm_seed_0_unrelaxed_PSZ_0_4
-1142.093,172.242,839.108,-63.982,48.729,46.076,512.098,1260.024,4.326,28.501,-424.077,-54.579,2.981,-114.039,-47.845,-32.681,-16.916,0.0,42.131,35.304,125.523,235.238,-76.097,24.276,-55.125,39.478,-638.343,7.694,-36.168,-0.0,-0.0,0.0,1.0,0.0,312.027,8.001,0.784,29.551,0.506,1.223,1.592,1.457,-3.129,zn_hydrolase_PSZ_H_H_H_1_63_0_1-atomized-bb-False_0_10_model_4_ptm_seed_0_unrelaxed_PSZ_0_5
-1150.78,175.605,851.367,-64.617,49.239,46.57,515.324,1264.876,4.342,29.053,-427.588,-50.914,2.726,-114.403,-48.983,-32.444,-17.115,0.0,45.176,32.897,129.409,237.354,-72.619,25.198,-74.217,51.318,-639.199,8.911,-37.169,0.0,0.0,0.0,1.0,0.0,321.719,8.249,0.791,30.122,0.182,0.225,0.352,1.43,-3.133,zn_hydrolase_PSZ_H_H_H_1_63_0_1-atomized-bb-False_0_10_model_4_ptm_seed_0_unrelaxed_PSZ_0_6
-1154.512,176.778,850.567,-63.985,49.253,46.286,518.437,1268.752,4.89,33.475,-427.339,-52.054,2.642,-113.927,-48.223,-33.847,-18.382,0.0,41.048,34.949,125.59,238.228,-73.099,27.287,-67.855,52.839,-639.275,8.121,-36.959,-0.0,-0.0,0.0,1.0,0.0,318.454,8.165,0.79,31.212,0.422,1.19,1.599,1.423,-3.134,zn_hydrolase_PSZ_H_H_H_1_63_0_1-atomized-bb-False_0_10_model_4_ptm_seed_0_unrelaxed_PSZ_0_7
-1150.484,172.217,859.125,-64.531,123.874,48.85,517.901,1270.251,3.613,24.101,-428.864,-56.666,2.4,-112.007,-46.832,-35.206,-13.226,0.0,41.912,37.992,127.465,237.009,-76.096,28.493,-70.24,36.971,-590.97,6.496,-34.716,0.007,4.136,0.0,1.0,0.0,319.907,8.203,0.755,-20.257,0.632,1.235,1.6,1.665,-2.897,zn_hydrolase_PSZ_H_H_H_1_63_0_1-atomized-bb-False_0_10_model_4_ptm_seed_0_unrelaxed_PSZ_0_8
-1142.853,170.38,864.514,-64.581,125.145,49.105,518.766,1271.923,3.639,24.227,-429.966,-55.216,2.387,-112.361,-46.289,-33.912,-15.383,0.0,42.357,36.631,128.325,246.557,-76.411,26.388,-72.858,38.319,-575.154,6.005,-33.951,0.004,2.083,0.0,1.0,0.0,313.783,8.046,0.716,-28.617,0.756,1.229,1.581,1.593,-2.819,zn_hydrolase_PSZ_H_H_H_1_63_0_1-atomized-bb-False_0_10_model_4_ptm_seed_0_unrelaxed_PSZ_0_9
-1153.894,173.642,853.109,-65.909,57.436,47.18,516.207,1264.835,4.392,29.548,-427.131,-50.903,2.591,-112.457,-48.274,-32.558,-16.935,0.0,34.162,40.353,137.777,237.586,-78.127,25.461,-79.348,48.456,-637.417,5.208,-35.293,0.005,3.065,0.0,1.0,0.0,329.833,8.457,0.758,24.198,0.512,1.607,1.531,1.616,-3.125,zn_hydrolase_PSZ_H_H_H_1_63_0_1-atomized-bb-False_0_10_model_4_ptm_seed_0_unrelaxed_PSZ_1_0
-1154.114,174.204,845.554,-65.492,58.024,46.734,515.32,1261.844,4.377,29.726,-426.785,-52.138,2.436,-111.759,-48.279,-32.566,-16.268,0.0,35.843,39.221,134.413,234.779,-79.02,25.511,-74.599,48.415,-644.536,4.679,-34.139,0.002,1.415,0.0,1.0,0.0,327.841,8.406,0.779,26.543,0.382,1.605,0.458,1.623,-3.159,zn_hydrolase_PSZ_H_H_H_1_63_0_1-atomized-bb-False_0_10_model_4_ptm_seed_0_unrelaxed_PSZ_1_1
-1148.516,170.188,859.879,-66.575,134.429,48.341,514.205,1263.362,4.26,28.006,-431.551,-49.296,2.496,-114.791,-47.348,-32.584,-17.388,0.0,37.374,34.716,133.206,238.389,-77.123,25.894,-81.07,46.992,-596.48,3.378,-33.514,0.001,0.815,0.0,1.0,0.0,315.511,8.09,0.82,27.165,0.615,1.199,1.545,1.638,-2.924,zn_hydrolase_PSZ_H_H_H_1_63_0_1-atomized-bb-False_0_10_model_4_ptm_seed_0_unrelaxed_PSZ_1_2
-1142.152,168.31,852.963,-65.06,127.063,47.42,512.156,1259.418,4.834,33.993,-425.987,-51.642,2.511,-114.697,-48.096,-32.492,-17.666,0.0,38.866,31.589,129.06,239.867,-77.554,26.983,-76.848,48.413,-599.354,4.507,-34.695,0.003,1.136,0.0,1.0,0.0,318.611,8.17,0.773,26.995,0.344,1.025,1.549,1.593,-2.938,zn_hydrolase_PSZ_H_H_H_1_63_0_1-atomized-bb-False_0_10_model_4_ptm_seed_0_unrelaxed_PSZ_1_3
-1145.959,171.414,853.588,-64.39,48.537,48.448,518.749,1268.861,4.951,32.777,-424.448,-55.154,2.265,-114.192,-46.914,-33.213,-18.879,0.0,35.916,32.157,120.909,251.456,-77.029,24.626,-65.042,45.375,-631.941,5.695,-36.893,-0.0,-0.0,0.0,1.0,0.0,328.333,8.419,0.804,26.245,0.563,0.73,1.621,1.522,-3.098,zn_hydrolase_PSZ_H_H_H_1_63_0_1-atomized-bb-False_0_10_model_4_ptm_seed_0_unrelaxed_PSZ_1_4
-1148.57,173.454,851.558,-64.816,48.285,48.015,519.117,1268.803,4.569,29.913,-429.189,-53.867,2.26,-114.225,-46.853,-33.218,-20.227,0.0,40.011,33.639,124.485,242.839,-77.17,24.698,-63.585,45.746,-639.196,5.449,-37.292,-0.0,-0.0,0.0,1.0,0.0,325.385,8.343,0.812,30.778,0.521,1.161,1.61,1.479,-3.133,zn_hydrolase_PSZ_H_H_H_1_63_0_1-atomized-bb-False_0_10_model_4_ptm_seed_0_unrelaxed_PSZ_1_5
-1144.981,171.353,853.969,-65.529,55.545,47.762,515.901,1263.74,4.516,30.221,-426.344,-52.452,3.265,-112.007,-48.815,-33.429,-16.234,0.0,34.62,36.971,132.583,238.304,-76.642,24.637,-76.62,49.568,-631.422,4.967,-34.506,0.004,2.279,0.0,1.0,0.0,331.959,8.512,0.738,27.476,0.548,1.165,1.576,1.608,-3.095,zn_hydrolase_PSZ_H_H_H_1_63_0_1-atomized-bb-False_0_10_model_4_ptm_seed_0_unrelaxed_PSZ_1_6
-1140.497,169.627,859.659,-64.35,51.343,47.219,514.607,1262.136,4.716,32.838,-434.701,-51.385,3.382,-113.327,-49.39,-33.742,-16.701,0.0,36.183,33.415,128.688,236.698,-77.88,27.186,-80.425,52.135,-641.846,4.15,-33.681,0.005,2.741,0.0,1.0,0.0,331.386,8.497,0.753,25.4,0.477,1.583,1.558,1.587,-3.146,zn_hydrolase_PSZ_H_H_H_1_63_0_1-atomized-bb-False_0_10_model_4_ptm_seed_0_unrelaxed_PSZ_1_7
-1143.953,170.195,843.855,-65.614,50.542,46.696,512.933,1255.177,4.304,28.442,-429.227,-50.735,2.456,-113.851,-47.661,-32.784,-18.853,0.0,35.982,34.915,128.408,234.556,-79.652,25.458,-74.052,47.958,-654.823,2.911,-33.201,0.002,1.258,0.0,1.0,0.0,332.384,8.523,0.721,24.217,0.426,1.604,1.56,1.63,-3.21,zn_hydrolase_PSZ_H_H_H_1_63_0_1-atomized-bb-False_0_10_model_4_ptm_seed_0_unrelaxed_PSZ_1_8
-1139.717,167.755,851.613,-65.281,49.314,46.921,508.045,1257.372,4.498,30.675,-425.86,-50.621,2.434,-113.29,-47.318,-32.684,-17.005,0.0,36.617,32.766,128.027,238.281,-78.191,26.347,-75.094,48.105,-641.864,3.002,-32.782,0.003,1.544,0.0,1.0,0.0,322.465,8.268,0.713,23.967,0.302,1.211,1.569,1.622,-3.146,zn_hydrolase_PSZ_H_H_H_1_63_0_1-atomized-bb-False_0_10_model_4_ptm_seed_0_unrelaxed_PSZ_1_9
-1162.413,167.577,882.764,-66.06,53.081,51.639,516.204,1290.634,4.586,31.849,-434.189,-60.457,1.296,-113.777,-49.731,-25.763,-22.133,0.0,38.24,34.917,126.869,254.069,-85.574,32.153,-75.984,29.462,-648.954,1.925,-30.294,0.009,4.867,0.0,1.0,0.0,310.339,7.957,0.715,16.5,0.394,1.671,0.256,1.728,-3.181,zn_hydrolase_PSZ_H_H_H_1_63_0_1-atomized-bb-False_0_2_model_4_ptm_seed_0_unrelaxed_PSZ_0_0
-1154.269,174.58,871.104,-66.344,58.106,50.812,512.856,1277.711,4.109,28.947,-429.557,-58.977,2.168,-114.096,-48.573,-22.218,-16.854,0.0,35.506,31.323,134.683,248.754,-87.434,28.49,-76.212,26.841,-635.488,2.436,-29.827,0.009,4.911,0.0,1.0,0.0,312.172,8.004,0.694,16.616,0.414,1.734,0.457,1.715,-3.115,zn_hydrolase_PSZ_H_H_H_1_63_0_1-atomized-bb-False_0_2_model_4_ptm_seed_0_unrelaxed_PSZ_0_1
-1151.911,167.462,884.344,-68.779,59.339,54.459,513.157,1286.336,3.667,24.562,-441.054,-59.802,1.256,-113.211,-51.053,-24.545,-18.741,0.0,35.229,36.624,144.119,239.876,-84.966,24.733,-74.554,23.028,-641.325,1.683,-30.652,0.006,3.129,0.0,1.0,0.0,321.334,8.239,0.696,16.794,0.409,1.721,0.277,1.719,-3.144,zn_hydrolase_PSZ_H_H_H_1_63_0_1-atomized-bb-False_0_2_model_4_ptm_seed_0_unrelaxed_PSZ_0_2
-1158.452,170.472,888.75,-70.92,61.262,55.127,513.293,1292.235,3.446,23.647,-439.815,-57.882,1.123,-113.234,-50.19,-26.138,-18.463,0.0,33.824,36.466,145.537,243.243,-86.343,24.704,-74.78,26.477,-637.891,1.68,-30.695,0.008,4.342,0.0,1.0,0.0,312.125,8.003,0.695,18.064,0.456,1.713,0.225,1.702,-3.127,zn_hydrolase_PSZ_H_H_H_1_63_0_1-atomized-bb-False_0_2_model_4_ptm_seed_0_unrelaxed_PSZ_0_3
-1151.081,169.869,878.155,-69.032,58.326,54.335,514.296,1278.554,4.023,27.202,-441.144,-60.114,1.307,-113.908,-50.351,-26.049,-19.509,0.0,35.401,37.049,151.056,231.477,-84.023,28.245,-80.06,26.739,-646.349,2.038,-29.968,0.007,3.712,0.0,1.0,0.0,328.414,8.421,0.713,18.382,0.386,1.723,0.271,1.719,-3.168,zn_hydrolase_PSZ_H_H_H_1_63_0_1-atomized-bb-False_0_2_model_4_ptm_seed_0_unrelaxed_PSZ_0_4
-1151.284,167.963,887.148,-70.119,61.104,54.92,517.061,1286.384,3.67,24.465,-446.898,-57.164,1.319,-114.724,-50.785,-26.88,-19.379,0.0,36.038,36.201,150.082,231.598,-83.914,23.632,-77.417,23.847,-646.008,1.161,-27.666,0.008,4.667,0.0,1.0,0.0,322.579,8.271,0.698,18.685,0.33,0.978,0.265,1.7,-3.167,zn_hydrolase_PSZ_H_H_H_1_63_0_1-atomized-bb-False_0_2_model_4_ptm_seed_0_unrelaxed_PSZ_0_5
-1153.712,168.178,883.696,-69.601,58.942,55.487,515.046,1286.69,4.514,29.426,-446.316,-61.857,1.157,-114.726,-51.261,-23.916,-24.203,0.0,34.44,34.858,146.26,244.955,-83.729,25.281,-75.729,29.471,-650.328,5.785,-35.822,0.001,0.344,0.0,1.0,0.0,322.755,8.276,0.742,27.974,0.271,1.718,0.458,1.568,-3.188,zn_hydrolase_PSZ_H_H_H_1_63_0_1-atomized-bb-False_0_2_model_4_ptm_seed_0_unrelaxed_PSZ_0_6
-1151.48,168.202,878.09,-69.51,59.875,54.986,512.481,1283.88,4.667,31.5,-440.777,-62.135,1.17,-114.558,-51.567,-23.843,-19.954,0.0,32.745,34.559,142.382,245.246,-85.57,25.232,-72.035,23.23,-650.492,4.848,-35.157,0.0,0.229,0.0,1.0,0.0,327.746,8.404,0.714,28.195,0.407,0.991,0.432,1.63,-3.189,zn_hydrolase_PSZ_H_H_H_1_63_0_1-atomized-bb-False_0_2_model_4_ptm_seed_0_unrelaxed_PSZ_0_7
-1160.204,168.954,865.716,-69.107,60.098,51.441,509.449,1275.28,3.846,26.362,-427.937,-55.138,1.192,-113.328,-50.648,-26.85,-16.966,0.0,32.881,33.548,140.043,242.38,-85.173,25.512,-70.959,24.08,-652.378,1.74,-34.55,0.007,4.108,0.0,1.0,0.0,323.992,8.307,0.732,26.765,0.379,1.691,0.182,1.673,-3.198,zn_hydrolase_PSZ_H_H_H_1_63_0_1-atomized-bb-False_0_2_model_4_ptm_seed_0_unrelaxed_PSZ_0_8
-1153.657,169.148,856.811,-67.931,57.464,51.456,505.444,1264.579,3.588,25.574,-422.331,-61.308,1.141,-114.03,-50.825,-24.08,-17.464,0.0,32.078,32.48,134.634,239.833,-85.223,31.124,-73.793,23.483,-658.164,1.565,-37.364,0.002,0.912,0.0,1.0,0.0,334.241,8.57,0.728,29.393,0.384,1.693,0.262,1.686,-3.226,zn_hydrolase_PSZ_H_H_H_1_63_0_1-atomized-bb-False_0_2_model_4_ptm_seed_0_unrelaxed_PSZ_0_9
-1162.001,164.123,885.192,-70.302,58.643,53.963,514.416,1286.034,4.009,29.121,-437.1,-59.778,1.184,-114.481,-49.939,-23.626,-23.052,0.0,31.34,41.192,143.65,254.466,-84.318,27.259,-78.661,24.735,-642.832,1.845,-29.16,0.0,0.0,0.0,1.0,0.0,312.056,8.001,0.706,19.904,0.274,1.765,0.262,1.684,-3.151,zn_hydrolase_PSZ_H_H_H_1_63_0_1-atomized-bb-False_0_2_model_4_ptm_seed_0_unrelaxed_PSZ_1_0
-1159.198,166.163,889.25,-69.773,57.556,54.709,515.106,1287.703,4.012,28.722,-438.911,-59.551,1.25,-113.094,-50.832,-24.671,-20.8,0.0,30.853,38.292,145.418,245.19,-83.727,27.219,-81.822,26.623,-643.863,1.507,-32.004,0.007,3.683,0.0,1.0,0.0,319.72,8.198,0.751,18.371,0.67,1.737,0.205,1.696,-3.156,zn_hydrolase_PSZ_H_H_H_1_63_0_1-atomized-bb-False_0_2_model_4_ptm_seed_0_unrelaxed_PSZ_1_1
-1138.521,162.389,866.879,-65.246,51.212,49.742,506.674,1266.161,4.174,28.014,-426.942,-59.65,1.269,-114.831,-50.5,-23.365,-19.938,0.0,34.236,32.991,142.05,233.91,-83.763,30.084,-83.312,22.744,-652.275,0.952,-32.358,0.008,4.005,0.0,1.0,0.0,329.261,8.443,0.737,24.091,0.29,1.666,0.165,1.697,-3.197,zn_hydrolase_PSZ_H_H_H_1_63_0_1-atomized-bb-False_0_2_model_4_ptm_seed_0_unrelaxed_PSZ_1_2
-1138.23,162.839,866.601,-65.602,53.268,49.202,506.077,1266.08,4.532,30.765,-422.462,-60.722,1.256,-113.689,-49.24,-23.599,-17.128,0.0,33.433,32.719,136.218,230.057,-85.683,30.063,-75.23,22.184,-646.353,0.88,-29.42,0.006,2.676,0.0,1.0,0.0,321.298,8.238,0.736,21.642,0.274,1.666,0.0,1.7,-3.168,zn_hydrolase_PSZ_H_H_H_1_63_0_1-atomized-bb-False_0_2_model_4_ptm_seed_0_unrelaxed_PSZ_1_3
-1150.586,163.005,875.726,-68.308,55.188,51.774,508.616,1276.908,3.463,25.612,-433.764,-58.315,1.196,-114.143,-50.576,-24.314,-17.904,0.0,32.443,37.652,133.645,250.85,-83.976,29.409,-78.702,27.226,-643.922,2.154,-31.27,0.007,3.855,0.0,1.0,0.0,309.618,7.939,0.738,19.363,0.391,1.73,0.193,1.674,-3.156,zn_hydrolase_PSZ_H_H_H_1_63_0_1-atomized-bb-False_0_2_model_4_ptm_seed_0_unrelaxed_PSZ_1_4
-1148.907,164.049,875.737,-69.363,56.468,54.127,505.581,1273.107,3.877,28.686,-431.548,-58.743,1.17,-113.29,-50.54,-22.859,-16.903,0.0,31.996,38.701,139.545,246.918,-84.934,29.866,-83.708,27.501,-640.123,2.019,-31.215,0.007,3.895,0.0,1.0,0.0,310.655,7.966,0.736,19.712,0.371,1.73,0.194,1.678,-3.138,zn_hydrolase_PSZ_H_H_H_1_63_0_1-atomized-bb-False_0_2_model_4_ptm_seed_0_unrelaxed_PSZ_1_5
-1165.851,171.761,869.834,-66.809,57.452,49.131,512.968,1284.818,4.298,30.497,-425.957,-55.962,1.069,-115.251,-49.286,-25.868,-17.558,0.0,35.27,31.512,130.697,246.378,-88.529,24.879,-71.932,27.011,-661.327,1.474,-32.719,0.01,5.904,0.0,1.0,0.0,324.103,8.31,0.724,25.436,0.352,0.937,0.247,1.678,-3.242,zn_hydrolase_PSZ_H_H_H_1_63_0_1-atomized-bb-False_0_2_model_4_ptm_seed_0_unrelaxed_PSZ_1_6
-1161.78,171.279,852.811,-67.007,57.827,48.223,506.592,1271.038,4.118,28.968,-415.687,-57.41,1.15,-114.237,-48.352,-25.806,-17.907,0.0,35.174,32.068,130.753,241.793,-90.429,24.892,-66.161,25.927,-664.041,1.593,-34.573,0.013,7.039,0.0,1.0,0.0,317.012,8.129,0.748,26.901,0.26,0.952,0.255,1.682,-3.255,zn_hydrolase_PSZ_H_H_H_1_63_0_1-atomized-bb-False_0_2_model_4_ptm_seed_0_unrelaxed_PSZ_1_7
-1142.026,166.144,860.063,-67.447,57.334,49.316,500.722,1266.369,4.04,27.731,-419.522,-57.776,1.274,-114.154,-51.073,-26.455,-13.648,0.0,35.36,31.273,138.889,238.888,-88.655,22.683,-73.43,24.297,-651.496,2.336,-32.846,0.014,7.642,0.0,1.0,0.0,321.497,8.244,0.725,23.907,0.47,0.865,0.118,1.704,-3.194,zn_hydrolase_PSZ_H_H_H_1_63_0_1-atomized-bb-False_0_2_model_4_ptm_seed_0_unrelaxed_PSZ_1_8
-1149.52,171.009,868.718,-67.451,58.892,49.715,508.661,1273.659,4.152,26.545,-431.355,-55.694,1.254,-113.236,-50.624,-24.108,-15.554,0.0,35.548,31.666,141.584,238.068,-88.731,22.713,-72.421,23.618,-647.066,2.424,-32.82,0.013,7.412,0.0,1.0,0.0,314.911,8.075,0.718,25.238,0.357,0.961,0.149,1.699,-3.172,zn_hydrolase_PSZ_H_H_H_1_63_0_1-atomized-bb-False_0_2_model_4_ptm_seed_0_unrelaxed_PSZ_1_9
-1155.517,172.472,888.586,-64.38,50.169,48.933,517.024,1286.445,3.897,30.09,-424.597,-52.312,2.276,-114.245,-47.931,-30.914,-31.214,0.0,34.49,34.418,122.685,238.483,-86.42,30.809,-75.259,50.359,-635.121,1.808,-32.052,0.009,4.903,0.0,1.0,0.0,303.633,7.785,0.723,23.481,0.284,1.208,1.536,1.433,-3.113,zn_hydrolase_PSZ_H_H_H_1_63_0_1-atomized-bb-False_0_6_model_4_ptm_seed_0_unrelaxed_PSZ_0_0
-1162.36,173.182,892.497,-64.761,50.902,49.403,520.138,1295.888,4.246,33.599,-425.543,-53.747,2.37,-113.727,-47.678,-31.012,-29.325,0.0,35.607,35.665,119.924,239.087,-87.405,33.862,-70.857,50.849,-631.999,1.701,-31.264,0.012,5.77,0.0,1.0,0.0,313.848,8.047,0.752,21.298,0.475,1.207,1.534,1.423,-3.098,zn_hydrolase_PSZ_H_H_H_1_63_0_1-atomized-bb-False_0_6_model_4_ptm_seed_0_unrelaxed_PSZ_0_1
-1153.205,170.552,891.72,-63.932,48.964,48.185,522.92,1296.572,3.825,29.962,-441.303,-51.56,2.288,-113.626,-47.707,-32.867,-26.353,0.0,33.008,35.912,126.335,234.05,-91.916,32.905,-77.345,50.223,-646.016,1.481,-29.303,0.009,3.509,0.0,1.0,0.0,323.664,8.299,0.741,18.467,0.455,0.838,1.552,1.648,-3.167,zn_hydrolase_PSZ_H_H_H_1_63_0_1-atomized-bb-False_0_6_model_4_ptm_seed_0_unrelaxed_PSZ_0_2
-1168.433,175.029,890.922,-65.886,53.677,49.756,520.416,1299.415,4.222,31.42,-434.21,-52.916,2.293,-112.16,-48.8,-32.887,-26.254,0.0,34.419,38.228,132.458,232.892,-89.245,30.145,-71.081,48.196,-645.026,1.392,-30.366,0.0,0.243,0.0,1.0,0.0,323.323,8.29,0.713,17.756,0.56,2.976,1.43,1.673,-3.162,zn_hydrolase_PSZ_H_H_H_1_63_0_1-atomized-bb-False_0_6_model_4_ptm_seed_0_unrelaxed_PSZ_0_3
-1167.602,173.218,905.9,-67.612,51.588,52.611,520.961,1305.758,4.681,34.26,-437.847,-52.524,2.373,-112.953,-47.632,-29.266,-33.666,0.0,33.141,37.226,132.012,240.004,-83.03,29.202,-76.697,57.982,-633.765,1.327,-31.885,0.011,6.064,0.0,1.0,0.0,309.548,7.937,0.736,20.057,0.459,1.119,1.513,1.476,-3.107,zn_hydrolase_PSZ_H_H_H_1_63_0_1-atomized-bb-False_0_6_model_4_ptm_seed_0_unrelaxed_PSZ_0_4
-1176.778,174.262,908.771,-65.872,50.568,50.195,525.319,1312.173,4.744,34.109,-436.887,-51.431,2.322,-112.787,-47.679,-33.696,-31.343,0.0,32.343,37.166,126.189,243.921,-84.055,29.299,-76.974,55.259,-643.089,2.004,-31.982,0.01,5.493,0.0,1.0,0.0,298.97,7.666,0.737,20.629,0.391,1.216,1.519,1.385,-3.152,zn_hydrolase_PSZ_H_H_H_1_63_0_1-atomized-bb-False_0_6_model_4_ptm_seed_0_unrelaxed_PSZ_0_5
-1179.357,177.683,890.482,-67.932,55.405,52.705,525.364,1302.537,4.096,31.19,-435.86,-51.82,2.338,-111.433,-47.553,-31.668,-28.909,0.0,40.325,38.815,123.097,239.426,-89.14,27.446,-63.062,44.549,-644.772,0.856,-30.398,-0.0,-0.0,0.0,1.0,0.0,326.742,8.378,0.745,21.435,0.482,1.015,3.54,1.621,-3.161,zn_hydrolase_PSZ_H_H_H_1_63_0_1-atomized-bb-False_0_6_model_4_ptm_seed_0_unrelaxed_PSZ_0_6
-1174.218,178.142,879.043,-65.812,53.154,50.591,520.126,1297.786,4.193,30.895,-428.964,-52.901,2.325,-111.698,-47.606,-30.931,-23.211,0.0,38.384,37.16,115.581,236.71,-88.703,27.487,-53.046,46.483,-641.697,0.827,-30.196,-0.0,-0.0,0.0,1.0,0.0,310.162,7.953,0.716,21.093,0.547,1.005,3.504,1.621,-3.146,zn_hydrolase_PSZ_H_H_H_1_63_0_1-atomized-bb-False_0_6_model_4_ptm_seed_0_unrelaxed_PSZ_0_7
-1163.504,171.694,896.582,-67.279,51.17,51.593,521.442,1301.175,4.692,33.424,-431.971,-53.91,2.298,-112.951,-48.775,-34.832,-27.058,0.0,32.394,34.762,125.936,236.698,-83.416,30.12,-71.057,55.087,-638.36,0.512,-30.06,0.015,8.08,0.0,1.0,0.0,309.405,7.933,0.74,19.048,0.726,1.221,1.548,1.663,-3.129,zn_hydrolase_PSZ_H_H_H_1_63_0_1-atomized-bb-False_0_6_model_4_ptm_seed_0_unrelaxed_PSZ_0_8
-1165.995,172.68,897.538,-66.508,50.45,52.099,523.645,1306.366,4.56,32.983,-437.621,-54.24,2.382,-113.099,-49.253,-31.634,-33.411,0.0,33.43,35.75,118.994,242.567,-82.849,29.9,-69.216,59.926,-643.019,0.429,-30.319,0.015,7.312,0.0,1.0,0.0,306.065,7.848,0.726,19.291,0.724,1.233,1.542,1.658,-3.152,zn_hydrolase_PSZ_H_H_H_1_63_0_1-atomized-bb-False_0_6_model_4_ptm_seed_0_unrelaxed_PSZ_0_9
-1175.363,178.094,897.647,-65.366,56.65,48.182,529.403,1311.598,4.195,30.154,-441.903,-51.273,2.35,-112.57,-46.778,-30.22,-33.751,0.0,38.357,42.185,117.054,228.957,-93.674,26.416,-57.096,53.049,-648.272,0.59,-29.949,0.006,1.117,0.0,1.0,0.0,284.17,7.286,0.709,20.851,0.39,1.202,1.553,1.654,-3.178,zn_hydrolase_PSZ_H_H_H_1_63_0_1-atomized-bb-False_0_6_model_4_ptm_seed_0_unrelaxed_PSZ_1_0
-1170.614,174.848,910.055,-65.473,55.278,49.656,528.141,1312.414,4.455,33.05,-437.293,-51.505,2.401,-111.233,-47.257,-29.698,-29.262,0.0,37.536,38.693,127.824,229.61,-90.836,30.401,-74.046,49.446,-631.632,0.518,-30.055,0.006,1.366,0.0,1.0,0.0,299.215,7.672,0.708,22.027,0.988,3.275,3.5,1.636,-3.096,zn_hydrolase_PSZ_H_H_H_1_63_0_1-atomized-bb-False_0_6_model_4_ptm_seed_0_unrelaxed_PSZ_1_1
-1174.597,179.087,884.543,-65.651,57.411,48.903,522.756,1299.186,4.201,29.985,-425.113,-49.988,3.164,-109.515,-48.582,-29.56,-22.552,0.0,40.61,37.892,120.523,232.26,-89.482,30.54,-66.326,52.214,-627.986,1.532,-28.04,0.0,0.245,0.0,2.0,1.0,334.871,8.586,0.69,17.234,0.624,2.966,3.526,1.586,-3.078,zn_hydrolase_PSZ_H_H_H_1_63_0_1-atomized-bb-False_0_6_model_4_ptm_seed_0_unrelaxed_PSZ_1_2
-1177.287,181.242,885.725,-66.415,58.507,49.267,520.744,1298.548,4.296,30.06,-424.898,-49.797,3.164,-110.522,-48.834,-29.748,-22.617,0.0,40.848,39.306,123.36,233.13,-87.488,30.254,-69.714,52.798,-629.114,1.019,-29.762,0.0,0.138,0.0,2.0,1.0,327.516,8.398,0.693,15.748,0.635,2.963,3.512,1.653,-3.084,zn_hydrolase_PSZ_H_H_H_1_63_0_1-atomized-bb-False_0_6_model_4_ptm_seed_0_unrelaxed_PSZ_1_3
-1169.618,175.896,899.921,-66.007,55.551,51.308,523.469,1306.279,4.782,35.01,-430.644,-57.178,2.267,-110.508,-47.848,-31.86,-23.807,0.0,35.315,36.879,132.543,239.103,-88.289,33.287,-74.859,49.684,-624.992,1.255,-31.673,0.0,0.003,0.0,2.0,1.0,324.073,8.31,0.757,16.507,0.409,0.967,1.542,1.65,-3.064,zn_hydrolase_PSZ_H_H_H_1_63_0_1-atomized-bb-False_0_6_model_4_ptm_seed_0_unrelaxed_PSZ_1_4
-1177.942,178.504,909.848,-66.636,55.478,51.518,526.834,1314.558,4.947,36.801,-438.275,-52.324,2.276,-112.199,-47.534,-31.008,-26.908,0.0,35.485,37.718,129.598,239.868,-88.987,33.455,-80.633,46.689,-638.01,1.377,-31.837,0.0,0.003,0.0,2.0,1.0,324.932,8.332,0.752,21.418,0.383,1.003,1.53,1.647,-3.128,zn_hydrolase_PSZ_H_H_H_1_63_0_1-atomized-bb-False_0_6_model_4_ptm_seed_0_unrelaxed_PSZ_1_5
-1177.067,174.905,921.159,-66.758,53.511,53.277,533.506,1321.217,4.743,35.328,-446.671,-53.697,2.274,-112.449,-47.115,-32.67,-32.782,0.0,37.429,38.316,130.727,239.882,-86.893,33.805,-85.406,46.065,-641.471,1.448,-33.022,-0.0,-0.0,0.0,2.0,1.0,309.493,7.936,0.773,22.519,0.483,0.809,1.543,1.655,-3.144,zn_hydrolase_PSZ_H_H_H_1_63_0_1-atomized-bb-False_0_6_model_4_ptm_seed_0_unrelaxed_PSZ_1_6
-1168.936,175.673,912.805,-65.261,54.844,50.985,528.762,1313.689,4.956,36.394,-442.272,-53.979,2.268,-112.011,-46.89,-31.624,-30.4,0.0,35.28,37.414,131.195,236.215,-86.366,33.444,-81.957,47.376,-635.152,1.574,-31.602,-0.0,-0.0,0.0,2.0,1.0,323.841,8.304,0.755,21.386,0.406,0.886,1.543,1.642,-3.113,zn_hydrolase_PSZ_H_H_H_1_63_0_1-atomized-bb-False_0_6_model_4_ptm_seed_0_unrelaxed_PSZ_1_7
-1162.072,174.063,877.229,-67.984,57.88,52.272,517.926,1283.3,4.417,32.158,-426.606,-52.547,2.294,-110.897,-49.198,-31.48,-23.636,0.0,38.016,41.283,138.965,230.021,-91.308,28.819,-70.756,52.099,-627.538,1.064,-27.075,0.006,1.638,0.0,1.0,0.0,312.126,8.003,0.682,16.068,0.571,2.973,3.215,1.651,-3.076,zn_hydrolase_PSZ_H_H_H_1_63_0_1-atomized-bb-False_0_6_model_4_ptm_seed_0_unrelaxed_PSZ_1_8
-1159.617,174.864,886.1,-66.527,54.023,50.586,516.629,1286.93,4.557,34.406,-429.016,-50.046,2.382,-110.706,-49.103,-30.832,-26.634,0.0,37.333,43.532,130.972,235.589,-92.594,28.716,-79.646,52.653,-633.351,0.954,-28.718,0.005,1.541,0.0,1.0,0.0,315.223,8.083,0.688,16.772,0.597,3.009,3.507,1.665,-3.105,zn_hydrolase_PSZ_H_H_H_1_63_0_1-atomized-bb-False_0_6_model_4_ptm_seed_0_unrelaxed_PSZ_1_9
