reader_well,plate_number,well_position,design_id,design_index,scaffold,parent,source_well,ori_family,rate_abs_per_min,fit_intercept_abs,fit_r2,fit_residual_sd,fit_n_points,fit_first_min,fit_last_min,fit_segmented,initial_abs,final_abs,max_abs,max_abs_in_window,n_drop_artifacts,first_drop_min,largest_drop_abs,flag_optical_artifact,flag_above_linear_range,flag_saturated_in_window,qc_pass,rate_corrected_abs_per_min,robust_z,fold_over_background,is_hit,activity_rank
C12,1,F6,ZAPP_i3_AR_pte_0066,66,1,ZAPP_p1D1_rotP_1_ORI_05_C9_i_14_model_2__eV2_T0_10__8_1_FS232_chisel_050_af3i2_idx_3_model_aligned_chiseli2_450,P1F6,ORI_05_C9_i_14_model_2,0.06172681580961061,0.42844213589270946,0.9992881312094004,0.006677893712822723,19,2.09999952,14.69999952,False,0.392,3.262,3.262,1.324,0,,0.017999999999999794,False,True,False,True,0.06135338223388484,279.8565064723364,165.29530235636665,True,1
F7,2,C4,ZAPP_i3_AR_pte_0124,124,3,ZAPP_p1D1_rotP_1_ORI_11_C9_i_12_model_3__eV2_T0_10__4_1_FS111_chisel_208_af3i2_idx_4_model_aligned_chiseli2_327,P2C4,ORI_11_C9_i_12_model_3,0.045551377501105675,0.2411052860560067,0.9997511138191847,0.002913177682934612,19,2.09999952,14.69999952,False,0.248,3.241,3.241,0.916,0,,0.02999999999999997,False,True,False,True,0.0451779439253799,206.07407605276475,121.97986593084491,True,2
D8,1,H4,ZAPP_i3_AR_pte_0088,88,1,ZAPP_p1D1_rotP_1_ORI_05_C9_i_14_model_2__eV2_T0_30__9_1_FS232_chisel_177,P1H4,ORI_05_C9_i_14_model_2,0.034874412144879664,0.28836814201622835,0.9995022279115445,0.0022159893221101365,13,2.09999952,10.49999904,True,0.289,2.138,2.138,0.723,1,11.200000320000001,-0.052000000000000046,True,True,False,False,0.03450097856915389,157.37230745378238,93.38852854112245,False,3
E24,2,B12,ZAPP_i3_AR_pte_0120,120,3,ZAPP_p1D1_rotP_1_ORI_11_C9_i_12_model_3__eV2_T0_10__4_1_FS111_chisel_208_af3i2_idx_4_model_aligned_chiseli2_346,P2B12,ORI_11_C9_i_12_model_3,0.02109273139473021,0.19976843163261582,0.9992003465954136,0.0024186244870702932,19,2.09999952,14.69999952,False,0.208,1.645,1.645,0.514,0,,0.012999999999999984,False,False,False,True,0.02071929781900444,94.50873110926992,56.48322155750531,True,4
B18,1,D9,ZAPP_i3_AR_pte_0045,45,1,ZAPP_p1D1_rotP_1_ORI_05_C9_i_14_model_2__eV2_T0_10__8_1_FS232_chisel_108_af3i2_idx_1_model_aligned_chiseli2_317,P1D9,ORI_05_C9_i_14_model_2,0.01661403474775342,0.21423158725948058,0.9999344885327601,0.0005450784593627474,19,2.09999952,14.69999952,False,0.214,1.242,1.242,0.459,0,,0.009999999999999953,False,False,False,True,0.01624060117202765,74.07966344362369,44.48993295652079,True,5
G5,2,E3,ZAPP_i3_AR_pte_0147,147,6,ZAPP_p1D1_rotP_0_ORI_02_C6_i_9_model_1__eV2_T0_10__3_1_FS125_chisel_164_chiseli2_243,P2E3,ORI_02_C6_i_9_model_1,0.014984962102621808,0.2744421127330381,0.9994336113593655,0.0014459289624759021,19,2.09999952,14.69999952,False,0.275,1.236,1.236,0.496,0,,-0.0010000000000000009,False,False,False,True,0.014611528526896036,66.64883302064516,40.12751685088408,True,6
H1,2,G1,ZAPP_i3_AR_pte_0169,169,7,ZAPP_p1D1_rotP_1_ORI_10_C3_i_38_model_2__eV2_T0_10__15_1_FS108_chisel_120_chiseli2_418,P2G1,ORI_10_C3_i_38_model_2,0.014090225272872254,0.18264211233539962,0.999687633618855,0.0010095525633650806,19,2.09999952,14.69999952,False,0.186,1.086,1.086,0.391,0,,0.008999999999999952,False,False,False,True,0.013716791697146482,62.56759227614466,37.73154367677775,True,7
C17,1,E9,ZAPP_i3_AR_pte_0057,57,1,ZAPP_p1D1_rotP_1_ORI_05_C9_i_14_model_2__eV2_T0_30__10_1_FS232_chisel_261_af3i2_idx_0_model_aligned_chiseli2_487,P1E9,ORI_05_C9_i_14_model_2,0.01387218016918975,0.19378948060840637,0.9998076180039204,0.0007799732874755886,19,2.09999952,14.69999952,False,0.196,1.053,1.053,0.399,0,,0.00799999999999998,False,False,False,True,0.013498746593463978,61.57300422332363,37.147651070820366,True,8
A22,1,B11,ZAPP_i3_AR_pte_0023,23,1,ZAPP_p1D1_rotP_1_ORI_05_C9_i_14_model_2__eV2_T0_10__6_1_FS232_chisel_202_af3i2_idx_2_model_aligned_chiseli2_149,P1B11,ORI_05_C9_i_14_model_2,0.012313282958126004,0.21751579561673548,0.9988127665411695,0.0017207227357757674,19,2.09999952,14.69999952,False,0.22,0.982,0.982,0.4,0,,0.0050000000000000044,False,False,False,True,0.011939849382400232,54.462271097402784,32.9731544202875,True,9
B13,1,C7,ZAPP_i3_AR_pte_0031,31,1,ZAPP_p1D1_rotP_1_ORI_05_C9_i_14_model_2__eV2_T0_10__8_1_FS232_chisel_108_af3i2_idx_1_model_aligned_chiseli2_414,P1C7,ORI_05_C9_i_14_model_2,0.010636591261112062,0.1912842158473076,0.9995813326660411,0.0008823460719645706,19,2.09999952,14.69999952,False,0.192,0.862,0.862,0.348,0,,0.0050000000000000044,False,False,False,True,0.01026315768538629,46.81423176081439,28.483221521899146,True,10
A9,1,A5,ZAPP_i3_AR_pte_0005,5,1,ZAPP_p1D1_rotP_1_ORI_05_C9_i_14_model_2__eV2_T0_10__8_1_FS232_chisel_108_af3i2_idx_3_model_aligned_chiseli2_103,P1A5,ORI_05_C9_i_14_model_2,0.008533834411532498,0.18426316216687053,0.9995797014280571,0.0007092926683546707,19,2.09999952,14.69999952,False,0.187,0.729,0.729,0.311,0,,0.0050000000000000044,False,False,False,True,0.008160400835806726,37.22274447098888,22.852349028731293,True,11
F11,2,C6,ZAPP_i3_AR_pte_0126,126,3,ZAPP_p1D1_rotP_1_ORI_11_C9_i_12_model_3__eV2_T0_10__4_1_FS111_chisel_208_chiseli2_326,P2C6,ORI_11_C9_i_12_model_3,0.00681704246248697,0.17305263502765397,0.999656798999458,0.0005119833359798415,19,2.09999952,14.69999952,False,0.173,0.598,0.598,0.274,0,,-0.009000000000000008,False,False,False,True,0.006443608886761198,29.39179237501194,18.255033573877174,True,12
G1,2,E1,ZAPP_i3_AR_pte_0145,145,6,ZAPP_p1D1_rotP_0_ORI_02_C6_i_9_model_1__FS125_chisel_035_af3i2_idx_4_model_aligned_chiseli2_027,P2E1,ORI_02_C6_i_9_model_1,0.0061904760614317055,0.16573684522231955,0.9990338631011694,0.0007803048287541275,19,2.09999952,14.69999952,False,0.168,0.594,0.594,0.258,0,,0.003999999999999976,False,False,False,True,0.0058170424857059335,26.53378067805568,16.57718122801479,True,13
G11,2,E6,ZAPP_i3_AR_pte_0150,150,6,ZAPP_p1D1_rotP_0_ORI_02_C6_i_9_model_1__eV2_T0_10__3_1_FS125_chisel_445_af3i2_idx_3_model_aligned_chiseli2_071,P2E6,ORI_02_C6_i_9_model_1,0.005902255517168799,0.16900000296262818,0.9995106993128429,0.0005293259821142267,19,2.09999952,14.69999952,False,0.17,0.556,0.556,0.257,0,,0.003999999999999948,False,False,False,True,0.005528821941443027,25.219095298470776,15.805369149513956,True,14
C24,1,F12,ZAPP_i3_AR_pte_0072,72,1,ZAPP_p1D1_rotP_1_ORI_05_C9_i_14_model_2__eV2_T0_30__7_1_FS232_chisel_498_af3i2_idx_1_model_aligned_chiseli2_253,P1F12,ORI_05_C9_i_14_model_2,0.005340852020746547,0.1791894763587247,0.9997492458446309,0.00034284679021643114,19,2.09999952,14.69999952,False,0.179,0.508,0.508,0.258,0,,0.002999999999999975,False,False,False,True,0.004967418445020775,22.658316813086568,14.302013444737923,True,15
F9,2,C5,ZAPP_i3_AR_pte_0125,125,3,ZAPP_p1D1_rotP_1_ORI_11_C9_i_12_model_3__eV2_T0_10__4_1_FS111_chisel_208_af3i2_idx_4_model_aligned_chiseli2_325,P2C5,ORI_11_C9_i_12_model_3,0.005142857040230594,0.16985263413003293,0.9984122929237866,0.0008312768737229548,19,2.09999952,14.69999952,False,0.17,0.497,0.497,0.245,0,,0.0010000000000000009,False,False,False,True,0.004769423464504822,21.755185126963312,13.771812109383575,True,16
E6,2,B3,ZAPP_i3_AR_pte_0111,111,3,ZAPP_p1D1_rotP_1_ORI_11_C9_i_12_model_3__eV2_T0_10__4_1_FS111_chisel_208_af3i2_idx_4_model_aligned_chiseli2_017,P2B3,ORI_11_C9_i_12_model_3,0.004669172833883155,0.1593052655183099,0.9990699469207607,0.0005774400283173348,19,2.09999952,14.69999952,False,0.16,0.508,0.508,0.229,0,,0.001999999999999974,False,False,False,True,0.004295739258157383,19.594528251452022,12.503355716765883,True,17
F21,2,C11,ZAPP_i3_AR_pte_0131,131,3,ZAPP_p1D1_rotP_1_ORI_11_C9_i_12_model_3__eV2_T0_10__4_1_FS111_chisel_208_af3i2_idx_4_model_aligned_chiseli2_145,P2C11,ORI_11_C9_i_12_model_3,0.004503759307990227,0.16474737066043257,0.9990560791198115,0.0005611242680455807,19,2.09999952,14.69999952,False,0.166,0.487,0.487,0.232,0,,0.0020000000000000018,False,False,False,True,0.004130325732264455,18.840013181635715,12.060402708131226,True,18
C2,1,F1,ZAPP_i3_AR_pte_0061,61,1,ZAPP_p1D1_rotP_1_ORI_05_C9_i_14_model_2__eV2_T0_10__8_1_FS232_chisel_050_af3i2_idx_3_model_aligned_chiseli2_412,P1F1,ORI_05_C9_i_14_model_2,0.0042857141937248655,0.16042105481180885,0.99909797046386,0.0005219640139391978,19,2.09999952,14.69999952,False,0.161,0.441,0.441,0.224,0,,0.0020000000000000018,False,False,False,True,0.0039122806179990935,17.845425080542178,11.476510073834515,True,19
B19,1,C10,ZAPP_i3_AR_pte_0034,34,1,ZAPP_p1D1_rotP_1_ORI_05_C9_i_14_model_2__eV2_T0_10__7_1_FS232_chisel_040_af3i2_idx_1_model_aligned_chiseli2_431,P1C10,ORI_05_C9_i_14_model_2,0.0040225563055909935,0.23336842309097,0.9927108125826263,0.001397144515206455,19,2.09999952,14.69999952,False,0.234,0.464,0.464,0.292,0,,-0.0020000000000000018,False,False,False,True,0.0036491227298652215,16.645060169231567,10.771812089400678,True,20
F3,2,C2,ZAPP_i3_AR_pte_0122,122,3,ZAPP_p1D1_rotP_1_ORI_11_C9_i_12_model_3__eV2_T0_10__4_1_FS111_chisel_208_af3i2_idx_4_model_aligned_chiseli2_012,P2C2,ORI_11_C9_i_12_model_3,0.003887217963905208,0.16613684406405113,0.9993357418926903,0.0004062212429661455,19,2.09999952,14.69999952,False,0.167,0.425,0.425,0.224,0,,0.001999999999999974,False,False,False,True,0.003513784388179436,16.027729646986533,10.409395985217346,True,21
F19,2,C10,ZAPP_i3_AR_pte_0130,130,3,ZAPP_p1D1_rotP_1_ORI_11_C9_i_12_model_3__eV2_T0_10__4_1_FS111_chisel_058_af3i2_idx_1_model_aligned_chiseli2_179,P2C10,ORI_11_C9_i_12_model_3,0.0038265299925029903,0.46196428975860077,0.8712375468057634,0.002724448369198081,8,2.09999952,6.999999839999999,True,0.471,0.492,0.515,0.509,13,2.09999952,-0.02400000000000002,True,False,False,False,0.0034530964167772183,15.750908336683322,10.246882554858896,False,22
A23,1,A12,ZAPP_i3_AR_pte_0012,12,1,ZAPP_p1D1_rotP_1_ORI_05_C9_i_14_model_2__eV2_T0_10__8_1_FS232_chisel_108_af3i2_idx_4_model_aligned_chiseli2_494,P1A12,ORI_05_C9_i_14_model_2,0.003538847047700414,0.18058947543523263,0.994227356515834,0.0010929928535361425,19,2.09999952,14.69999952,False,0.182,0.426,0.426,0.233,0,,-0.0010000000000000009,False,False,False,True,0.003165413471974642,14.438675156168324,9.476510088367467,True,23
C16,1,F8,ZAPP_i3_AR_pte_0068,68,1,ZAPP_p1D1_rotP_1_ORI_05_C9_i_14_model_2__eV2_T0_10__3_1_FS232_chisel_325_af3i2_idx_3_model_aligned_chiseli2_007,P1F8,ORI_05_C9_i_14_model_2,0.003333333265162867,0.16700000166736875,0.9991414466623633,0.0003960590171931285,19,2.09999952,14.69999952,False,0.167,0.373,0.373,0.216,0,,0.0010000000000000009,False,False,False,True,0.002959899689437095,13.501247305921646,8.926174510914024,True,24
G21,2,E11,ZAPP_i3_AR_pte_0155,155,6,ZAPP_p1D1_rotP_0_ORI_02_C6_i_9_model_1__eV2_T0_10__7_1_FS125_chisel_257,P2E11,ORI_02_C6_i_9_model_1,0.003205513714915828,0.1605473700579916,0.999011271071491,0.0004087540623854996,19,2.09999952,14.69999952,False,0.161,0.371,0.371,0.208,0,,0.0010000000000000009,False,False,False,True,0.002832080139190056,12.918212899527576,8.583892620490484,True,25
A14,1,B7,ZAPP_i3_AR_pte_0019,19,1,ZAPP_p1D1_rotP_1_ORI_05_C9_i_14_model_2__eV2_T0_10__8_1_FS232_chisel_108_af3i2_idx_3_model_aligned_chiseli2_284,P1B7,ORI_05_C9_i_14_model_2,0.00318295733191622,0.16205263314146454,0.999467085300838,0.00029791092803777464,19,2.09999952,14.69999952,False,0.163,0.365,0.365,0.209,0,,0.001999999999999974,False,False,False,True,0.002809523756190448,12.815324512366486,8.523489955958325,True,26
E20,2,B10,ZAPP_i3_AR_pte_0118,118,3,ZAPP_p1D1_rotP_1_ORI_11_C9_i_12_model_3__eV2_T0_10__4_1_FS111_chisel_208_af3i2_idx_4_model_aligned_chiseli2_039,P2B10,ORI_11_C9_i_12_model_3,0.0029448620925848186,0.15689473833681072,0.9974172789935287,0.0006074020891899219,19,2.09999952,14.69999952,False,0.158,0.398,0.398,0.201,0,,0.0010000000000000009,False,False,False,True,0.0025714285168590466,11.72928003591087,7.88590604597203,True,27
B4,1,D2,ZAPP_i3_AR_pte_0038,38,1,ZAPP_p1D1_rotP_1_ORI_05_C9_i_14_model_2__eV2_T0_10__8_1_FS232_chisel_108_af3i2_idx_4_model_aligned_chiseli2_064,P1D2,ORI_05_C9_i_14_model_2,0.0029096637353187354,0.7858014725055962,0.8463920970534383,0.004275995872028853,16,2.09999952,12.600000000000001,True,0.782,0.179,0.821,0.821,2,13.299999840000002,-0.6549999999999999,True,False,False,False,0.0025362301595929634,11.568726714490051,7.79165004020802,False,28
G7,2,E4,ZAPP_i3_AR_pte_0148,148,6,ZAPP_p1D1_rotP_0_ORI_02_C6_i_9_model_1__eV2_T0_10__3_1_FS125_chisel_272,P2E4,ORI_02_C6_i_9_model_1,0.002746867111254797,0.16813684348337826,0.9991648779531154,0.00032188820293930413,19,2.09999952,14.69999952,False,0.169,0.341,0.341,0.208,0,,0.0010000000000000009,False,False,False,True,0.002373433535529025,10.826148346074334,7.355704708437727,True,29
F12,2,D6,ZAPP_i3_AR_pte_0138,138,5,ZAPP_p1D1_rotP_1_ORI_02_C2_i_24_model_0__FS209_chisel_355,P2D6,ORI_02_C2_i_24_model_0,0.002538847068341507,0.1676210538807949,0.998529699902822,0.0003948844723829865,19,2.09999952,14.69999952,False,0.167,0.327,0.327,0.205,0,,0.0010000000000000009,False,False,False,True,0.002165413492615735,9.87728847288894,6.798657735601926,True,30
G15,2,E8,ZAPP_i3_AR_pte_0152,152,6,ZAPP_p1D1_rotP_0_ORI_02_C6_i_9_model_1__eV2_T0_10__3_1_FS125_chisel_272_chiseli2_217,P2E8,ORI_02_C6_i_9_model_1,0.002215538802295937,0.15833684320939642,0.9985637255546426,0.0003405816149992828,19,2.09999952,14.69999952,False,0.159,0.307,0.307,0.191,0,,0.0009999999999999731,False,False,False,True,0.001842105226570165,8.40255442311441,5.932885916832773,True,31
A1,1,A1,ZAPP_i3_AR_pte_0001,1,1,ZAPP_p1D1_rotP_1_ORI_05_C9_i_14_model_2__eV2_T0_10__8_1_FS232_chisel_108_af3i2_idx_3_model_aligned_chiseli2_078,P1A1,ORI_05_C9_i_14_model_2,0.002125313237463558,0.15904210634540905,0.9982564252006288,0.0003600254466518249,19,2.09999952,14.69999952,False,0.159,0.297,0.297,0.191,0,,0.0009999999999999731,False,False,False,True,0.0017518796617377861,7.991000724701717,5.691275170779678,True,32
D11,1,G6,ZAPP_i3_AR_pte_0078,78,1,ZAPP_p1D1_rotP_1_ORI_05_C9_i_14_model_2__eV2_T0_20__8_1_FS232_chisel_009_c02_r1_af3i2_idx_4_model_aligned_chiseli2_087,P1G6,ORI_05_C9_i_14_model_2,0.002047619004630348,0.16095789577042843,0.998726694907748,0.00029634873422393565,19,2.09999952,14.69999952,False,0.161,0.296,0.296,0.191,0,,0.0009999999999999454,False,False,False,True,0.0016741854289045758,7.636607278373636,5.483221482296496,True,33
E10,2,B5,ZAPP_i3_AR_pte_0113,113,3,ZAPP_p1D1_rotP_1_ORI_11_C9_i_12_model_3__eV2_T0_10__4_1_FS111_chisel_208_af3i2_idx_3_model_aligned_chiseli2_390,P2B5,ORI_11_C9_i_12_model_3,0.0018596490816273532,0.16027368516718343,0.9980494491628225,0.00033323040678523555,19,2.09999952,14.69999952,False,0.161,0.284,0.284,0.188,0,,0.0009999999999999454,False,False,False,True,0.0014862155059015814,6.77920375703298,4.979865771343957,True,34
A15,1,A8,ZAPP_i3_AR_pte_0008,8,1,ZAPP_p1D1_rotP_1_ORI_05_C9_i_14_model_2__eV2_T0_10__6_1_FS232_chisel_103_af3i2_idx_2_model_aligned_chiseli2_184,P1A8,ORI_05_C9_i_14_model_2,0.001839598961445699,0.16296842195959815,0.9984728880274548,0.00029160936983653734,19,2.09999952,14.69999952,False,0.163,0.276,0.276,0.19,0,,0.0,False,False,False,True,0.001466165385719927,6.687747403950471,4.926174508734036,True,35
C14,1,F7,ZAPP_i3_AR_pte_0067,67,1,ZAPP_p1D1_rotP_1_ORI_05_C9_i_14_model_2__eV2_T0_20__8_1_FS232_chisel_009_c00_r2_af3i2_idx_4_model_aligned_chiseli2_226,P1F7,ORI_05_C9_i_14_model_2,0.001774436057626753,0.15588421138290798,0.9980169674770597,0.00032060281117889594,19,2.09999952,14.69999952,False,0.156,0.281,0.281,0.182,0,,0.0009999999999999731,False,False,False,True,0.001401002481900981,6.390514196091698,4.7516778698276365,True,36
G17,2,E9,ZAPP_i3_AR_pte_0153,153,6,ZAPP_p1D1_rotP_0_ORI_02_C6_i_9_model_1__eV2_T0_10__3_1_FS125_chisel_164,P2E9,ORI_02_C6_i_9_model_1,0.0017443608660930288,0.16076842192928242,0.9944081777901872,0.0005302023944498087,19,2.09999952,14.69999952,False,0.161,0.272,0.272,0.186,0,,0.0,False,False,False,True,0.0013709272903672568,6.253329615101051,4.671140945756808,True,37
A6,1,B3,ZAPP_i3_AR_pte_0015,15,1,ZAPP_p1D1_rotP_1_ORI_05_C9_i_14_model_2__eV2_T0_10__6_1_FS232_chisel_202_af3i2_idx_1_model_aligned_chiseli2_437,P1B3,ORI_05_C9_i_14_model_2,0.0016992480835411618,0.16388421139316528,0.9974482465685106,0.0003483709821748746,19,2.09999952,14.69999952,False,0.165,0.288,0.288,0.189,0,,0.0,False,False,False,True,0.0013258145078153898,6.047552765275827,4.550335572366936,True,38
E4,2,B2,ZAPP_i3_AR_pte_0110,110,3,ZAPP_p1D1_rotP_1_ORI_11_C9_i_12_model_3__eV2_T0_10__4_1_FS111_chisel_058,P2B2,ORI_11_C9_i_12_model_3,0.0016365914430828726,0.15793684294191082,0.9973079775538488,0.00034464817571454315,19,2.09999952,14.69999952,False,0.157,0.267,0.267,0.182,0,,0.0,False,False,False,True,0.0012631578673571006,5.761751593971114,4.382550336836051,True,39
B5,1,C3,ZAPP_i3_AR_pte_0027,27,1,ZAPP_p1D1_rotP_1_ORI_05_C9_i_14_model_2__eV2_T0_10__8_1_FS232_chisel_108_af3i2_idx_2_model_aligned_chiseli2_025,P1C3,ORI_05_C9_i_14_model_2,0.0016140350554702317,0.16038947448518584,0.9981612524439542,0.0002807919673907954,19,2.09999952,14.69999952,False,0.16,0.267,0.267,0.184,0,,0.0,False,False,False,True,0.00124060147974446,5.6588631857681975,4.322147659950872,True,40
B9,1,C5,ZAPP_i3_AR_pte_0029,29,1,ZAPP_p1D1_rotP_1_ORI_05_C9_i_14_model_2__eV2_T0_10__6_1_FS232_chisel_202_af3i2_idx_0_model_aligned_chiseli2_360,P1C5,ORI_05_C9_i_14_model_2,0.0015413533499010462,0.15952631657757044,0.9982185246798602,0.0002639309489239469,19,2.09999952,14.69999952,False,0.16,0.259,0.259,0.182,0,,0.0009999999999999731,False,False,False,True,0.0011679197741752741,5.327333815023753,4.127516779672022,True,41
E18,2,B9,ZAPP_i3_AR_pte_0117,117,3,ZAPP_p1D1_rotP_1_ORI_11_C9_i_12_model_3__eV2_T0_10__4_1_FS111_chisel_208_af3i2_idx_4_model_aligned_chiseli2_076,P2B9,ORI_11_C9_i_12_model_3,0.0015012531013970818,0.17470526391499186,0.98957747159188,0.0006244915661756991,19,2.09999952,14.69999952,False,0.176,0.268,0.268,0.197,0,,-0.0010000000000000009,False,False,False,True,0.0011278195256713098,5.144421071726057,4.020134232652705,True,42
H4,2,H2,ZAPP_i3_AR_pte_0182,182,9,ZAPP_p1D1_rotP_0_ORI_04_C2_i_19_model_7__eV2_T0_10__12_1_FS138_chisel_226_af3i2_idx_3_model_aligned_chiseli2_388,P2H2,ORI_04_C2_i_19_model_7,0.0014965986516728214,0.4298095241943643,0.5359912981580242,0.002578912831614968,8,7.6999996799999995,12.600000000000001,True,0.441,0.52,0.52,0.457,7,2.09999952,-0.02899999999999997,True,False,False,False,0.0011231650759470496,5.123190326297597,4.007670303250496,False,43
E14,2,B7,ZAPP_i3_AR_pte_0115,115,3,ZAPP_p1D1_rotP_1_ORI_11_C9_i_12_model_3__eV2_T0_10__4_1_FS111_chisel_476_af3i2_idx_0_model_aligned_chiseli2_381,P2B7,ORI_11_C9_i_12_model_3,0.0014812029771451003,0.16729473758370259,0.995272696077972,0.00041377220097904793,19,2.09999952,14.69999952,False,0.167,0.275,0.275,0.189,0,,0.0,False,False,False,True,0.0011077694014193285,5.052964700077212,3.9664429591430483,True,44
C7,1,E4,ZAPP_i3_AR_pte_0052,52,1,ZAPP_p1D1_rotP_1_ORI_05_C9_i_14_model_2__eV2_T0_10__8_1_FS232_chisel_050_af3i2_idx_2_model_aligned_chiseli2_471,P1E4,ORI_05_C9_i_14_model_2,0.0013784460868260654,0.15915789542863498,0.9944115709431262,0.0004188539229640254,19,2.09999952,14.69999952,False,0.159,0.25,0.25,0.18,0,,0.0,False,False,False,True,0.0010050125111002936,4.584250779285999,3.6912751729595863,False,45
C13,1,E7,ZAPP_i3_AR_pte_0055,55,1,ZAPP_p1D1_rotP_1_ORI_05_C9_i_14_model_2__eV2_T0_10__8_1_FS232_chisel_199_af3i2_idx_3_model_aligned_chiseli2_466,P1E7,ORI_05_C9_i_14_model_2,0.0013784460862833626,0.15921052701214106,0.9953932202787218,0.00038010377667414147,19,2.09999952,14.69999952,False,0.159,0.255,0.255,0.18,0,,0.0,False,False,False,True,0.0010050125105575906,4.584250776810521,3.691275171506308,False,46
F15,2,C8,ZAPP_i3_AR_pte_0128,128,3,ZAPP_p1D1_rotP_1_ORI_11_C9_i_12_model_3__eV2_T0_10__4_1_FS111_chisel_208_af3i2_idx_3_model_aligned_chiseli2_391,P2C8,ORI_11_C9_i_12_model_3,0.0013684210233432996,0.16508421122175565,0.989366784257551,0.0005750219242479487,19,2.09999952,14.69999952,False,0.165,0.254,0.254,0.185,0,,0.0,False,False,False,True,0.0009949874476175278,4.538522587272801,3.6644295325715146,False,47
F23,2,C12,ZAPP_i3_AR_pte_0132,132,3,ZAPP_p1D1_rotP_1_ORI_11_C9_i_12_model_3__eV2_T0_10__4_1_FS111_chisel_208_af3i2_idx_3_model_aligned_chiseli2_328,P2C12,ORI_11_C9_i_12_model_3,0.0013634084949938573,0.1699684217214027,0.9934071859121454,0.0004502034073904775,19,2.09999952,14.69999952,False,0.17,0.267,0.268,0.19,0,,-0.0010000000000000009,False,False,False,True,0.0009899749192680855,4.515658506738155,3.651006721460595,False,48
G3,2,E2,ZAPP_i3_AR_pte_0146,146,6,ZAPP_p1D1_rotP_0_ORI_02_C6_i_9_model_1__eV2_T0_10__3_1_FS125_chisel_445,P2E2,ORI_02_C6_i_9_model_1,0.0012706766724992764,0.17248421110516515,0.8973921335486672,0.001741587394554457,19,2.09999952,14.69999952,False,0.172,0.222,0.222,0.192,0,,-0.0050000000000000044,False,False,False,True,0.0008972430967735045,4.092672797764258,3.402684587291605,False,49
F13,2,C7,ZAPP_i3_AR_pte_0127,127,3,ZAPP_p1D1_rotP_1_ORI_11_C9_i_12_model_3__eV2_T0_10__4_1_FS111_chisel_208_af3i2_idx_2_model_aligned_chiseli2_234,P2C7,ORI_11_C9_i_12_model_3,0.001127819528520531,0.16252631633082726,0.9923551944253353,0.0004012363536788865,19,2.09999952,14.69999952,False,0.163,0.236,0.236,0.179,0,,0.0,False,False,False,True,0.000754385952794759,3.4410461101579957,3.020134240282498,False,50
F22,2,D11,ZAPP_i3_AR_pte_0143,143,5,ZAPP_p1D1_rotP_1_ORI_02_C2_i_24_model_0__eV2_T0_10__11_1_FS209_chisel_314,P2D11,ORI_02_C2_i_24_model_0,0.001100250606045929,0.15849473737582292,0.9953568882034295,0.0003045915070658967,19,2.09999952,14.69999952,False,0.158,0.226,0.226,0.175,0,,0.0,False,False,False,True,0.0007268170303201571,3.315293591714316,2.9463087348468355,False,51
E22,2,B11,ZAPP_i3_AR_pte_0119,119,3,ZAPP_p1D1_rotP_1_ORI_11_C9_i_12_model_3__eV2_T0_10__4_1_FS111_chisel_208_af3i2_idx_3_model_aligned_chiseli2_326,P2B11,ORI_11_C9_i_12_model_3,0.001062656612761968,0.16460000059127206,0.9833497297586892,0.0005604806286938149,19,2.09999952,14.69999952,True,0.646,0.264,0.65,0.181,1,2.09999952,-0.482,True,False,False,False,0.0006892230370361961,3.1438128478380114,2.845637569403566,False,52
G18,2,F9,ZAPP_i3_AR_pte_0165,165,7,ZAPP_p1D1_rotP_1_ORI_10_C3_i_38_model_2__eV2_T0_10__15_1_FS108_chisel_120_af3i2_idx_1_model_aligned_chiseli2_144,P2F9,ORI_10_C3_i_38_model_2,0.0010325814290975395,0.1612210531768075,0.993352053346727,0.000342395061490756,19,2.09999952,14.69999952,False,0.161,0.23,0.23,0.176,0,,0.0,False,False,False,True,0.0006591478533717676,3.0066283027422664,2.7651006664055506,False,53
B20,1,D10,ZAPP_i3_AR_pte_0046,46,1,ZAPP_p1D1_rotP_1_ORI_05_C9_i_14_model_2__eV2_T0_10__6_1_FS232_chisel_202_af3i2_idx_0_model_aligned_chiseli2_309,P1D10,ORI_05_C9_i_14_model_2,0.0010250626352166002,0.1601789478850433,0.9942998089006004,0.0003145918368202038,19,2.09999952,14.69999952,False,0.16,0.223,0.223,0.175,0,,0.0,False,False,False,True,0.0006516290594908283,2.972332175751518,2.7449664461059258,False,54
F6,2,D3,ZAPP_i3_AR_pte_0135,135,3,ZAPP_p1D1_rotP_1_ORI_11_C9_i_12_model_3__eV2_T0_10__4_1_FS111_chisel_208_af3i2_idx_4_model_aligned_chiseli2_353,P2D3,ORI_11_C9_i_12_model_3,0.001017543835908555,0.16166315842834048,0.9932272779616037,0.00034058181105255813,19,2.09999952,14.69999952,False,0.161,0.228,0.228,0.177,0,,0.0,False,False,False,True,0.000644110260182783,2.93803602400564,2.7248322112733123,False,55
D23,1,G12,ZAPP_i3_AR_pte_0084,84,1,ZAPP_p1D1_rotP_1_ORI_05_C9_i_14_model_2__eV2_T0_30__7_1_FS232_chisel_373_af3i2_idx_1_model_aligned_chiseli2_492,P1G12,ORI_05_C9_i_14_model_2,0.000984962368531841,0.2226210532699203,0.7702423427192324,0.002180479242111134,19,2.09999952,14.69999952,False,0.224,0.25,0.251,0.237,0,,-0.007000000000000006,False,False,False,True,0.000611528792806069,2.7894193495241844,2.6375838504011235,False,56
B15,1,C8,ZAPP_i3_AR_pte_0032,32,1,ZAPP_p1D1_rotP_1_ORI_05_C9_i_14_model_2__eV2_T0_10__13_1_FS232_chisel_221_af3i2_idx_0_model_aligned_chiseli2_216,P1C8,ORI_05_C9_i_14_model_2,0.0009548871997919461,0.153294737309037,0.9943896450730171,0.00029072338024761064,19,2.09999952,14.69999952,False,0.154,0.215,0.215,0.167,0,,0.0,False,False,False,True,0.0005814536240661742,2.65223487250501,2.5570469873688064,False,57
C18,1,F9,ZAPP_i3_AR_pte_0069,69,1,ZAPP_p1D1_rotP_1_ORI_05_C9_i_14_model_2__eV2_T0_30__7_1_FS232_chisel_083_af3i2_idx_4_model_aligned_chiseli2_241,P1F9,ORI_05_C9_i_14_model_2,0.0008771929637024748,0.1615263162350932,0.9867891072388456,0.00041139600082061714,19,2.09999952,14.69999952,False,0.161,0.218,0.218,0.175,0,,0.0,False,False,False,True,0.0005037593879767028,2.2978414113238625,2.3489932901658386,False,58
H17,2,G9,ZAPP_i3_AR_pte_0177,177,8,ZAPP_p1D1_rotP_0_ORI_01_C11_i_38_model_5__eV2_T0_10__2_1_FS021_chisel_257_af3i2_idx_3_model_aligned_chiseli2_211,P2G9,ORI_01_C11_i_38_model_5,0.0008646616330600824,0.1616842109873211,0.9898952018144057,0.0003541003999928742,19,2.09999952,14.69999952,False,0.162,0.219,0.219,0.175,0,,0.0,False,False,False,True,0.0004912280573343105,2.2406811654280334,2.315436236229171,False,59
A7,1,A4,ZAPP_i3_AR_pte_0004,4,1,ZAPP_p1D1_rotP_1_ORI_05_C9_i_14_model_2__eV2_T0_10__8_1_FS232_chisel_108_af3i2_idx_1_model_aligned_chiseli2_044,P1A4,ORI_05_C9_i_14_model_2,0.0008245613869983134,0.1521263161989649,0.9841880350301287,0.0004236311541133899,19,2.09999952,14.69999952,False,0.153,0.182,0.182,0.165,0,,-0.0010000000000000009,False,False,False,True,0.0004511278112725415,2.057768433270135,2.2080536957496926,False,60
A21,1,A11,ZAPP_i3_AR_pte_0011,11,1,ZAPP_p1D1_rotP_1_ORI_05_C9_i_14_model_2__eV2_T0_10__8_1_FS232_chisel_108_af3i2_idx_2_model_aligned_chiseli2_175,P1A11,ORI_05_C9_i_14_model_2,0.0007869673985987358,0.16775789516285897,0.7194687611973477,0.00199183060537986,19,2.09999952,14.69999952,False,0.171,0.217,0.217,0.179,0,,-0.0050000000000000044,False,False,False,True,0.0004135338228729639,1.8862877116733927,2.107382543386081,False,61
A5,1,A3,ZAPP_i3_AR_pte_0003,3,1,ZAPP_p1D1_rotP_1_ORI_05_C9_i_14_model_2__eV2_T0_10__6_1_FS232_chisel_103_af3i2_idx_2_model_aligned_chiseli2_043,P1A3,ORI_05_C9_i_14_model_2,0.0007744360728407367,0.16644210566353163,0.9914953231423124,0.0002907235167623885,19,2.09999952,14.69999952,False,0.166,0.215,0.215,0.178,0,,0.0,False,False,False,True,0.0004010024971149648,1.8291274880571702,2.0738255025290973,False,62
F2,2,D1,ZAPP_i3_AR_pte_0133,133,3,ZAPP_p1D1_rotP_1_ORI_11_C9_i_12_model_3__eV2_T0_10__4_1_FS111_chisel_208_af3i2_idx_3_model_aligned_chiseli2_253,P2D1,ORI_11_C9_i_12_model_3,0.0007694235409636738,0.16216842145596846,0.9702388250105581,0.0005462132081702204,19,2.09999952,14.69999952,False,0.161,0.208,0.208,0.173,0,,-0.0010000000000000009,False,False,False,True,0.0003959899652379019,1.8062633914316821,2.0604026819717305,False,63
D2,1,H1,ZAPP_i3_AR_pte_0085,85,1,ZAPP_p1D1_rotP_1_ORI_05_C9_i_14_model_2__eV2_T0_10__7_1_FS232_chisel_212,P1H1,ORI_05_C9_i_14_model_2,0.0007694235306521919,0.207168421542585,0.859308870672449,0.0012619297827285152,19,2.09999952,14.69999952,False,0.207,0.221,0.226,0.219,0,,-0.006000000000000005,False,False,False,True,0.00039598995492641997,1.8062633443970249,2.060402654359104,False,64
A17,1,A9,ZAPP_i3_AR_pte_0009,9,1,ZAPP_p1D1_rotP_1_ORI_05_C9_i_14_model_2__eV2_T0_10__6_1_FS232_chisel_103_chiseli2_105,P1A9,ORI_05_C9_i_14_model_2,0.000751879684956741,0.16742105299855975,0.9887936745753534,0.0003244428009350323,19,2.09999952,14.69999952,False,0.167,0.212,0.212,0.178,0,,0.0,False,False,False,True,0.00037844610923096905,1.7262390786164983,2.01342282491727,False,65
H9,2,G5,ZAPP_i3_AR_pte_0173,173,8,ZAPP_p1D1_rotP_0_ORI_01_C11_i_38_model_5__eV2_T0_10__2_1_FS021_chisel_257_af3i2_idx_2_model_aligned_chiseli2_006,P2G5,ORI_01_C11_i_38_model_5,0.0007293232954446146,0.15955789508410623,0.9897265133847979,0.00030118436916749965,19,2.09999952,14.69999952,False,0.159,0.203,0.203,0.17,0,,0.0,False,False,False,True,0.00035588971971884265,1.6233506617492928,1.953020142945549,False,66
C15,1,E8,ZAPP_i3_AR_pte_0056,56,1,ZAPP_p1D1_rotP_1_ORI_05_C9_i_14_model_2__eV2_T0_10__7_1_FS232_chisel_040_af3i2_idx_1_model_aligned_chiseli2_482,P1E8,ORI_05_C9_i_14_model_2,0.0007142856995420722,0.15626315825317,0.991758241381465,0.00026393075968704385,19,2.09999952,14.69999952,False,0.156,0.199,0.199,0.167,0,,0.0,False,False,False,True,0.0003408521238163003,1.5547583706350798,1.9127516805468034,False,67
G22,2,F11,ZAPP_i3_AR_pte_0167,167,7,ZAPP_p1D1_rotP_1_ORI_10_C3_i_38_model_2__eV2_T0_10__2_1_FS108_chisel_096_af3i2_idx_3_model_aligned_chiseli2_259,P2F11,ORI_10_C3_i_38_model_2,0.000704260637958798,0.15650526350401914,0.9850424172191755,0.0003517609886826839,19,2.09999952,14.69999952,False,0.156,0.201,0.201,0.167,0,,0.0,False,False,False,True,0.00033082706223302614,1.5090301872861975,1.88590604524529,False,68
H23,2,G12,ZAPP_i3_AR_pte_0180,180,9,ZAPP_p1D1_rotP_0_ORI_04_C2_i_19_model_7__eV2_T0_10__12_1_FS138_chisel_316_af3i2_idx_3_model_aligned_chiseli2_389,P2G12,ORI_04_C2_i_19_model_7,0.0007017543699850982,0.16831578983838563,0.9221359637286488,0.000826546170588539,19,2.09999952,14.69999952,False,0.168,0.212,0.213,0.18,0,,-0.0030000000000000027,False,False,False,True,0.0003283207942593263,1.4975981296902632,1.8791946295167261,False,69
B16,1,D8,ZAPP_i3_AR_pte_0044,44,1,ZAPP_p1D1_rotP_1_ORI_05_C9_i_14_model_2__eV2_T0_10__8_1_FS232_chisel_108_af3i2_idx_3_model_aligned_chiseli2_183_c00_r2,P1D8,ORI_05_C9_i_14_model_2,0.0006972787835623428,0.5813333350965993,0.09190310001550495,0.004059331841280698,8,9.7999992,14.69999952,True,0.62,0.628,0.65,0.62,14,1.39999968,-0.029000000000000026,True,False,False,False,0.0003238452078365709,1.4771832489602554,1.8672096696371623,False,70
G19,2,E10,ZAPP_i3_AR_pte_0154,154,6,ZAPP_p1D1_rotP_0_ORI_02_C6_i_9_model_1__eV2_T0_10__3_1_FS125_chisel_272_chiseli2_165,P2E10,ORI_02_C6_i_9_model_1,0.0006716791893055807,0.17814736871463724,0.8680686618251697,0.0010613774429616494,19,2.09999952,14.69999952,False,0.18,0.221,0.221,0.189,0,,-0.0040000000000000036,False,False,False,True,0.00029824561357980875,1.360413598209852,1.7986577345118617,False,71
G10,2,F5,ZAPP_i3_AR_pte_0161,161,6,ZAPP_p1D1_rotP_0_ORI_02_C6_i_9_model_1__FS125_chisel_035,P2F5,ORI_02_C6_i_9_model_1,0.0006691729178042766,0.1588000003417936,0.987655857866001,0.00030323338024182666,19,2.09999952,14.69999952,False,0.158,0.199,0.199,0.169,0,,0.0,False,False,False,True,0.0002957393420785047,1.3489815245231505,1.7919463093368941,False,72
H20,2,H10,ZAPP_i3_AR_pte_0190,190,10,ZAPP_p1D1_rotP_0_ORI_01_C9_i_11_model_7__eV2_T0_10__8_1_FS118_chisel_184_af3i2_idx_2_model_aligned_chiseli2_147,P2H10,ORI_01_C9_i_11_model_7,0.000654135324886642,0.16371578980157359,0.986403127469506,0.00031129411577740794,19,2.09999952,14.69999952,False,0.163,0.205,0.205,0.173,0,,0.0,False,False,False,True,0.0002807017491608701,1.2803892470242562,1.7516778549312912,False,73
C6,1,F3,ZAPP_i3_AR_pte_0063,63,1,ZAPP_p1D1_rotP_1_ORI_05_C9_i_14_model_2__eV2_T0_30__7_1_FS232_chisel_373_af3i2_idx_2_model_aligned_chiseli2_324,P1F3,ORI_05_C9_i_14_model_2,0.00064912279463771,0.1592842108434921,0.983304019130419,0.0003428466720697618,19,2.09999952,14.69999952,False,0.159,0.2,0.2,0.169,0,,0.0,False,False,False,True,0.00027568921891193813,1.257525157825303,1.7382550387338187,False,74
H24,2,H12,ZAPP_i3_AR_pte_0192,192,11,ZAPP_p1D1_rotP_0_ORI_05_C5_i_31_model_2__eV2_T0_10__13_1_FS143_chisel_117,P2H12,ORI_05_C5_i_31_model_2,0.0006466165266640154,0.1640947371778585,0.9835106338403349,0.0003393675143138047,19,2.09999952,14.69999952,False,0.163,0.202,0.202,0.173,0,,0.0,False,False,False,True,0.0002731829509382435,1.2460931002293925,1.7315436230052685,False,75
F8,2,D4,ZAPP_i3_AR_pte_0136,136,4,ZAPP_p1D1_rotP_1_ORI_03_C12_i_9_model_6__eV2_T0_30__6_1_FS123,P2D4,ORI_03_C12_i_9_model_6,0.0006390977314262972,0.1566842108448597,0.9432114886511217,0.0006356294242345155,19,2.09999952,14.69999952,False,0.158,0.18,0.181,0.167,0,,-0.0010000000000000009,False,False,False,True,0.00026566415570052526,1.2117969670498505,1.71140939907239,False,76
F14,2,D7,ZAPP_i3_AR_pte_0139,139,5,ZAPP_p1D1_rotP_1_ORI_02_C2_i_24_model_0__FS209_chisel_498,P2D7,ORI_02_C2_i_24_model_0,0.0006390977308835906,0.15873684242836578,0.9852272714723064,0.00031720530196419826,19,2.09999952,14.69999952,False,0.158,0.196,0.196,0.168,0,,0.0,False,False,False,True,0.00026566415515781865,1.2117969645743556,1.7114093976191018,False,77
A18,1,B9,ZAPP_i3_AR_pte_0021,21,1,ZAPP_p1D1_rotP_1_ORI_05_C9_i_14_model_2__eV2_T0_10__8_1_FS232_chisel_108_af3i2_idx_3_model_aligned_chiseli2_237,P1B9,ORI_05_C9_i_14_model_2,0.0006290726665867613,0.16224210559674562,0.980407711622763,0.0003604550001501661,19,2.09999952,14.69999952,False,0.162,0.205,0.205,0.172,0,,0.0,False,False,False,True,0.0002556390908609894,1.1660687688478992,1.6845637550510884,False,78
C5,1,E3,ZAPP_i3_AR_pte_0051,51,1,ZAPP_p1D1_rotP_1_ORI_05_C9_i_14_model_2__eV2_T0_30__10_1_FS232_chisel_107,P1E3,ORI_05_C9_i_14_model_2,0.0006265664040401623,0.1585263160960508,0.9864267702399834,0.00029791151912872144,19,2.09999952,14.69999952,False,0.158,0.199,0.199,0.168,0,,-0.0010000000000000009,False,False,False,True,0.0002531328283143904,1.1546367360070708,1.6778523538554995,False,79
D7,1,G4,ZAPP_i3_AR_pte_0076,76,1,ZAPP_p1D1_rotP_1_ORI_05_C9_i_14_model_2__eV2_T0_30__7_1_FS232_chisel_373_af3i2_idx_0_model_aligned_chiseli2_045,P1G4,ORI_05_C9_i_14_model_2,0.0006240601360664717,0.1603368424304173,0.9832064651548083,0.0003305872916698416,19,2.09999952,14.69999952,False,0.16,0.199,0.199,0.169,0,,0.0,False,False,False,True,0.00025062656034069983,1.1432046784111791,1.6711409381269604,False,80
B24,1,D12,ZAPP_i3_AR_pte_0048,48,1,ZAPP_p1D1_rotP_1_ORI_05_C9_i_14_model_2__eV2_T0_10__6_1_FS232_chisel_202_af3i2_idx_4_model_aligned_chiseli2_242,P1D12,ORI_05_C9_i_14_model_2,0.0005914786841570014,0.15729473714207218,0.9802182313976178,0.0003405816811369098,19,2.09999952,14.69999952,False,0.157,0.2,0.2,0.166,0,,0.0,False,False,False,True,0.00021804510843122953,0.9945880744818044,1.5838926186737672,False,81
E5,2,A3,ZAPP_i3_AR_pte_0099,99,2,ZAPP_p1D1_rotP_0_ORI_06_C1_i_5_model_5__eV2_T0_10__5_1_FS150_chisel_369_af3i2_idx_4_model_aligned_chiseli2_026,P2A3,ORI_06_C1_i_5_model_5,0.0005839598883765664,0.16293684239257955,0.36005438457323935,0.0031555968574476395,19,2.09999952,14.69999952,False,0.163,0.18,0.18,0.172,0,,-0.008000000000000007,False,False,False,True,0.00021052631265079452,0.9602919388267213,1.5637583932875734,False,82
A4,1,B2,ZAPP_i3_AR_pte_0014,14,1,ZAPP_p1D1_rotP_1_ORI_05_C9_i_14_model_2__eV2_T0_10__8_1_FS232_chisel_108_af3i2_idx_4_model_aligned_chiseli2_225,P1B2,ORI_05_C9_i_14_model_2,0.0005814536217596548,0.16011578976818058,0.9836257295252061,0.0003040829961762782,19,2.09999952,14.69999952,False,0.16,0.194,0.194,0.169,0,,0.0,False,False,False,True,0.00020802004603388293,0.948859887419623,1.557046981192288,False,83
D19,1,G10,ZAPP_i3_AR_pte_0082,82,1,ZAPP_p1D1_rotP_1_ORI_05_C9_i_14_model_2__eV2_T0_10__13_1_FS232_chisel_221_af3i2_idx_4_model_aligned_chiseli2_202,P1G10,ORI_05_C9_i_14_model_2,0.0005814536217596541,0.15911578976818058,0.9836257295252061,0.0003040829961762778,19,2.09999952,14.69999952,False,0.159,0.196,0.196,0.168,0,,0.0,False,False,False,True,0.00020802004603388217,0.9488598874196196,1.557046981192286,False,84
A2,1,B1,ZAPP_i3_AR_pte_0013,13,1,ZAPP_p1D1_rotP_1_ORI_05_C9_i_14_model_2__eV2_T0_10__8_1_FS232_chisel_108_af3i2_idx_4_model_aligned_chiseli2_288,P1B1,ORI_05_C9_i_14_model_2,0.0005739348257078707,0.15828421081044095,0.9809390210337411,0.00032428375239552156,19,2.09999952,14.69999952,False,0.158,0.193,0.193,0.167,0,,0.0,False,False,False,True,0.00020050124998209878,0.9145637505268114,1.5369127550794612,False,85
H16,2,H8,ZAPP_i3_AR_pte_0188,188,10,ZAPP_p1D1_rotP_0_ORI_01_C9_i_11_model_7__eV2_T0_10__8_1_FS118_chisel_184_af3i2_idx_0_model_aligned_chiseli2_340,P2H8,ORI_01_C9_i_11_model_7,0.0005739348246224463,0.15638947397745329,0.9469302973295766,0.0005507289600140418,19,2.09999952,14.69999952,False,0.156,0.187,0.187,0.165,0,,-0.0020000000000000018,False,False,False,True,0.00020050124889667439,0.9145637455757709,1.5369127521728547,False,86
F10,2,D5,ZAPP_i3_AR_pte_0137,137,5,ZAPP_p1D1_rotP_1_ORI_02_C2_i_24_model_0__eV2_T0_10__14_1_FS209_chisel_137_af3i2_idx_1_model_aligned_chiseli2_396,P2D5,ORI_02_C2_i_24_model_0,0.000573934821637538,0.16917894768673702,0.9787420552565189,0.00034284680216981994,19,2.09999952,14.69999952,False,0.17,0.202,0.202,0.178,0,,0.0,False,False,False,True,0.00020050124591176606,0.9145637319604496,1.5369127441797108,False,87
G14,2,F7,ZAPP_i3_AR_pte_0163,163,6,ZAPP_p1D1_rotP_0_ORI_02_C6_i_9_model_1__eV2_T0_10__12_1_FS125_chisel_010,P2F7,ORI_02_C6_i_9_model_1,0.0005714285574628207,0.1526210529365605,0.9845454466908985,0.00029019057378662174,19,2.09999952,14.69999952,False,0.152,0.185,0.185,0.161,0,,-0.0010000000000000009,False,False,False,True,0.0001979949817370488,0.9031316916931443,1.5302013386242614,False,88
G12,2,F6,ZAPP_i3_AR_pte_0162,162,6,ZAPP_p1D1_rotP_0_ORI_02_C6_i_9_model_1__eV2_T0_30__10_1_FS125_chisel_173_chiseli2_090,P2F6,ORI_02_C6_i_9_model_1,0.0005714285555633328,0.156305263478832,0.9520878981626271,0.0005195855258878297,19,2.09999952,14.69999952,False,0.155,0.199,0.199,0.165,0,,-0.0010000000000000009,False,False,False,True,0.00019799497983756086,0.9031316830288451,1.5302013335377131,False,89
G8,2,F4,ZAPP_i3_AR_pte_0160,160,6,ZAPP_p1D1_rotP_0_ORI_02_C6_i_9_model_1__eV2_T0_20__15_1_FS125_chisel_193,P2F4,ORI_02_C6_i_9_model_1,0.0005538846984709803,0.15666315818843543,0.972540813433957,0.0003772422266382659,19,2.09999952,14.69999952,False,0.156,0.192,0.192,0.165,0,,-0.0010000000000000009,False,False,False,True,0.0001804511227452084,0.8231073652626426,1.4832214735766591,False,90
D15,1,G8,ZAPP_i3_AR_pte_0080,80,1,ZAPP_p1D1_rotP_1_ORI_05_C9_i_14_model_2__eV2_T0_10__8_1_FS232_chisel_308_af3i2_idx_0_model_aligned_chiseli2_474,P1G8,ORI_05_C9_i_14_model_2,0.000551378435110325,0.15352631606299974,0.9813463107793708,0.00030812860227154455,19,2.09999952,14.69999952,False,0.154,0.188,0.188,0.162,0,,0.0,False,False,False,True,0.00017794485938455308,0.8116753287085887,1.4765100702011473,False,91
D10,1,H5,ZAPP_i3_AR_pte_0089,89,1,ZAPP_p1D1_rotP_1_ORI_05_C9_i_14_model_2__eV2_T0_20__10_1_FS232_chisel_056,P1H5,ORI_05_C9_i_14_model_2,0.0005388471069101269,0.16294736868945003,0.9801738766598328,0.0003106303682319789,19,2.09999952,14.69999952,False,0.162,0.195,0.195,0.171,0,,0.0,False,False,False,True,0.00016541353118435496,0.7545150939525519,1.4429530228043157,False,92
F17,2,C9,ZAPP_i3_AR_pte_0129,129,3,ZAPP_p1D1_rotP_1_ORI_11_C9_i_12_model_3__eV2_T0_10__4_1_FS111_chisel_476,P2C9,ORI_11_C9_i_12_model_3,0.0005363408416499788,0.15849473710628587,0.9798031682372965,0.00031212179038295906,19,2.09999952,14.69999952,False,0.158,0.192,0.192,0.166,0,,0.0,False,False,False,True,0.00016290726592420692,0.743083048734177,1.4362416143422427,False,93
H15,2,G8,ZAPP_i3_AR_pte_0176,176,8,ZAPP_p1D1_rotP_0_ORI_01_C11_i_38_model_5__eV2_T0_10__2_1_FS021_chisel_257_af3i2_idx_2_model_aligned_chiseli2_138,P2G8,ORI_01_C11_i_38_model_5,0.0005338345736762842,0.1563052634406523,0.980739292731273,0.0003032334038979832,19,2.09999952,14.69999952,False,0.156,0.185,0.185,0.164,0,,0.0,False,False,False,True,0.00016040099795051226,0.7316509911382664,1.4295301986136928,False,94
H14,2,H7,ZAPP_i3_AR_pte_0187,187,10,ZAPP_p1D1_rotP_0_ORI_01_C9_i_11_model_7__eV2_T0_10__8_1_FS118_chisel_184_af3i2_idx_4_model_aligned_chiseli2_175,P2H7,ORI_01_C9_i_11_model_7,0.0005112781868777159,0.1531789476086681,0.8417475788912969,0.0008985712601445247,19,2.09999952,14.69999952,False,0.151,0.175,0.175,0.16,0,,-0.0010000000000000009,False,False,False,True,0.00013784461115194397,0.6287625866486489,1.3691275239084797,False,95
F1,2,C1,ZAPP_i3_AR_pte_0121,121,3,ZAPP_p1D1_rotP_1_ORI_11_C9_i_12_model_3__eV2_T0_10__4_1_FS111_chisel_476_af3i2_idx_1_model_aligned_chiseli2_456,P2C1,ORI_11_C9_i_12_model_3,0.0005087719183613095,0.16204210552654066,0.9755918520019831,0.00032618762469671886,19,2.09999952,14.69999952,False,0.162,0.192,0.192,0.17,0,,-0.0010000000000000009,False,False,False,True,0.0001353383426355376,0.6173305265772204,1.3624161067266278,False,96
C8,1,F4,ZAPP_i3_AR_pte_0064,64,1,ZAPP_p1D1_rotP_1_ORI_05_C9_i_14_model_2__eV2_T0_10__6_1_FS232_chisel_173_af3i2_idx_0_model_aligned_chiseli2_262,P1F4,ORI_05_C9_i_14_model_2,0.0005062656536438725,0.15153684235987033,0.9785131888190587,0.00030408298699007534,19,2.09999952,14.69999952,False,0.151,0.183,0.183,0.159,0,,0.0,False,False,False,True,0.00013283207791810062,0.6058984838343605,1.3557046997178552,False,97
D12,1,H6,ZAPP_i3_AR_pte_0090,90,2,ZAPP_p1D1_rotP_0_ORI_06_C1_i_5_model_5__eV2_T0_10__5_1_FS150_chisel_369_af3i2_idx_0_model_aligned_chiseli2_103,P1H6,ORI_06_C1_i_5_model_5,0.0005062656468600028,0.172694737153697,0.8843519479891832,0.0007420720384126607,19,2.09999952,14.69999952,False,0.172,0.182,0.182,0.18,1,20.299999680000003,-0.010999999999999982,True,False,False,False,0.00013283207113423093,0.605898452890507,1.3557046815516534,False,98
H2,2,H1,ZAPP_i3_AR_pte_0181,181,9,ZAPP_p1D1_rotP_0_ORI_04_C2_i_19_model_7__eV2_T0_10__12_1_FS138_chisel_316_chiseli2_429,P2H1,ORI_04_C2_i_19_model_7,0.0005012531081990522,0.40657894773996067,0.0612801386534626,0.007951997381965106,19,2.09999952,14.69999952,False,0.414,0.644,0.654,0.425,23,1.39999968,-0.052000000000000046,True,False,False,False,0.00012781953247328025,0.5830343253210829,1.3422818428280363,False,99
G6,2,F3,ZAPP_i3_AR_pte_0159,159,6,ZAPP_p1D1_rotP_0_ORI_02_C6_i_9_model_1__eV2_T0_20__15_1_FS125_chisel_227,P2F3,ORI_02_C6_i_9_model_1,0.0004937343213733485,0.1558526318626167,0.9726566243908621,0.000335544885455395,19,2.09999952,14.69999952,False,0.155,0.183,0.183,0.163,0,,0.0,False,False,False,True,0.00012030074564757661,0.548738230511993,1.3221476414212914,False,100
B2,1,D1,ZAPP_i3_AR_pte_0037,37,1,ZAPP_p1D1_rotP_1_ORI_05_C9_i_14_model_2__eV2_T0_10__6_1_FS232_chisel_202_af3i2_idx_3_model_aligned_chiseli2_181,P1D1,ORI_05_C9_i_14_model_2,0.0004837092619609069,0.1568842107794414,0.9761268290151058,0.0003066177897935989,19,2.09999952,14.69999952,False,0.156,0.191,0.191,0.164,0,,0.0,False,False,False,True,0.00011027568623513497,0.5030100570651176,1.295302011932947,False,101
H11,2,G6,ZAPP_i3_AR_pte_0174,174,8,ZAPP_p1D1_rotP_0_ORI_01_C11_i_38_model_5__eV2_T0_10__2_1_FS021_chisel_257_af3i2_idx_3_model_aligned_chiseli2_186,P2G6,ORI_01_C11_i_38_model_5,0.0004837092608754896,0.15998947394645366,0.9761268246343429,0.0003066178179260115,19,2.09999952,14.69999952,False,0.16,0.187,0.187,0.167,0,,0.0,False,False,False,True,0.00011027568514971768,0.5030100521141095,1.2953020090263596,False,102
E1,2,A1,ZAPP_i3_AR_pte_0097,97,2,ZAPP_p1D1_rotP_0_ORI_06_C1_i_5_model_5__eV2_T0_10__5_1_FS150_chisel_369_af3i2_idx_4_model_aligned_chiseli2_292,P2A1,ORI_06_C1_i_5_model_5,0.00048120299588670184,0.17401052657153632,0.9660377286582383,0.00036571321872333403,19,2.09999952,14.69999952,False,0.174,0.204,0.204,0.181,0,,0.0,False,False,False,True,0.00010776942016092994,0.4915780081335139,1.2885906012909498,False,103
D20,1,H10,ZAPP_i3_AR_pte_0094,94,2,ZAPP_p1D1_rotP_0_ORI_06_C1_i_5_model_5__eV2_T0_10__5_1_FS150_chisel_369_af3i2_idx_4_model_aligned_chiseli2_019,P1H10,ORI_06_C1_i_5_model_5,0.0004786967287270706,0.1672421055306436,0.9455935586127278,0.00046541929437770896,19,2.09999952,14.69999952,False,0.167,0.192,0.192,0.174,0,,0.0,False,False,False,True,0.00010526315300129867,0.48014595425086126,1.2818791877423412,False,104
H19,2,G10,ZAPP_i3_AR_pte_0178,178,8,ZAPP_p1D1_rotP_0_ORI_01_C11_i_38_model_5__eV2_T0_10__2_1_FS021_chisel_257_af3i2_idx_2_model_aligned_chiseli2_116,P2G10,ORI_01_C11_i_38_model_5,0.00047368420281982825,0.16338947390451297,0.9727941257832713,0.0003210855717721296,19,2.09999952,14.69999952,False,0.162,0.193,0.193,0.17,0,,0.0,False,False,False,True,0.00010025062709405634,0.4572818848560338,1.2684563831712727,False,105
C9,1,E5,ZAPP_i3_AR_pte_0053,53,1,ZAPP_p1D1_rotP_1_ORI_05_C9_i_14_model_2__eV2_T0_20__3_1_FS232_chisel_261_af3i2_idx_2_model_aligned_chiseli2_021,P1E5,ORI_05_C9_i_14_model_2,0.00045864660284695714,0.15798947394987278,0.9706956339109943,0.0003230084060018458,19,2.09999952,14.69999952,False,0.158,0.186,0.186,0.165,0,,0.0,False,False,False,True,8.521302712118523e-05,0.38868957517547686,1.2281879098727875,False,106
H21,2,G11,ZAPP_i3_AR_pte_0179,179,8,ZAPP_p1D1_rotP_0_ORI_01_C11_i_38_model_5__eV2_T0_10__2_1_FS021_chisel_257_af3i2_idx_2_model_aligned_chiseli2_201,P2G11,ORI_01_C11_i_38_model_5,0.0004360902171338068,0.16275789495087625,0.9722543374380356,0.00029860354935649154,19,2.09999952,14.69999952,False,0.162,0.189,0.189,0.169,0,,0.0,False,False,False,True,6.265664140803488e-05,0.2858011756368705,1.1677852380741638,False,107
B1,1,C1,ZAPP_i3_AR_pte_0025,25,1,ZAPP_p1D1_rotP_1_ORI_05_C9_i_14_model_2__eV2_T0_10__6_1_FS232_chisel_103_af3i2_idx_0_model_aligned_chiseli2_040,P1C1,ORI_05_C9_i_14_model_2,0.0004360902155056745,0.16291578970139467,0.9722543301782675,0.0002986035884219199,19,2.09999952,14.69999952,False,0.163,0.187,0.187,0.169,0,,0.0,False,False,False,True,6.265663977990258e-05,0.28580116821032936,1.1677852337142658,False,108
A12,1,B6,ZAPP_i3_AR_pte_0018,18,1,ZAPP_p1D1_rotP_1_ORI_05_C9_i_14_model_2__eV2_T0_10__8_1_FS232_chisel_108_af3i2_idx_1_model_aligned_chiseli2_020,P1B6,ORI_05_C9_i_14_model_2,0.0004185463575992558,0.1478526317862573,0.9703897018979075,0.00029634860225976196,19,2.09999952,14.69999952,False,0.148,0.174,0.174,0.154,0,,0.0,False,False,False,True,4.511278187348391e-05,0.20577684673085608,1.1208053715732624,False,109
B7,1,C4,ZAPP_i3_AR_pte_0028,28,1,ZAPP_p1D1_rotP_1_ORI_05_C9_i_14_model_2__eV2_T0_10__6_1_FS232_chisel_221,P1C4,ORI_05_C9_i_14_model_2,0.00041854635759925484,0.15485263178625733,0.9703897018979071,0.0002963486022597645,19,2.09999952,14.69999952,False,0.155,0.183,0.183,0.161,0,,-0.0010000000000000009,False,False,False,True,4.5112781873482934e-05,0.20577684673085161,1.1208053715732598,False,110
G20,2,F10,ZAPP_i3_AR_pte_0166,166,7,ZAPP_p1D1_rotP_1_ORI_10_C3_i_38_model_2__eV2_T0_10__2_1_FS108_chisel_096_af3i2_idx_0_model_aligned_chiseli2_202,P2F10,ORI_10_C3_i_38_model_2,0.0004160400896255623,0.15866315812062376,0.9568055458202075,0.00035830127252997206,19,2.09999952,14.69999952,False,0.159,0.183,0.183,0.165,0,,0.0,False,False,False,True,4.260651389979039e-05,0.19434478913495068,1.1140939558447154,False,111
G4,2,F2,ZAPP_i3_AR_pte_0158,158,6,ZAPP_p1D1_rotP_0_ORI_02_C6_i_9_model_1__FS125_chisel_167_chiseli2_222,P2F2,ORI_02_C6_i_9_model_1,0.00041353382246593065,0.1588947370797311,0.9472859957430027,0.00039540713069408106,19,2.09999952,14.69999952,False,0.159,0.181,0.181,0.165,0,,-0.0010000000000000009,False,False,False,True,4.010024674015874e-05,0.18291273525229634,1.1073825422961059,False,112
C19,1,E10,ZAPP_i3_AR_pte_0058,58,1,ZAPP_p1D1_rotP_1_ORI_05_C9_i_14_model_2__eV2_T0_10__8_1_FS232_chisel_199_af3i2_idx_1_model_aligned_chiseli2_228,P1E10,ORI_05_C9_i_14_model_2,0.00040852129411649024,0.15677894757937805,0.9482155566609786,0.0003869651310226637,19,2.09999952,14.69999952,False,0.156,0.182,0.182,0.163,0,,-0.0010000000000000009,False,False,False,True,3.508771839071833e-05,0.16004865471765886,1.0939597311851914,False,113
C23,1,E12,ZAPP_i3_AR_pte_0060,60,1,ZAPP_p1D1_rotP_1_ORI_05_C9_i_14_model_2__eV2_T0_20__4_1_FS232_chisel_432_af3i2_idx_4_model_aligned_chiseli2_065,P1E12,ORI_05_C9_i_14_model_2,0.00040601502885634767,0.16032631599621378,0.9655629118422447,0.00031079644952432056,19,2.09999952,14.69999952,False,0.16,0.184,0.184,0.166,0,,0.0,False,False,False,True,3.2581453130575764e-05,0.1486166094993089,1.0872483227231333,False,114
G24,2,F12,ZAPP_i3_AR_pte_0168,168,7,ZAPP_p1D1_rotP_1_ORI_10_C3_i_38_model_2__eV2_T0_10__2_1_FS108_chisel_096_af3i2_idx_0_model_aligned_chiseli2_432,P2F12,ORI_10_C3_i_38_model_2,0.00039849623388997854,0.18038947387146198,0.8261764765516054,0.0007408889186895943,19,2.09999952,14.69999952,False,0.181,0.209,0.212,0.187,0,,-0.0030000000000000027,False,False,False,True,2.5062658164206632e-05,0.11432047755749505,1.0671140995168875,False,115
E8,2,B4,ZAPP_i3_AR_pte_0112,112,3,ZAPP_p1D1_rotP_1_ORI_11_C9_i_12_model_3__eV2_T0_10__4_1_FS111_chisel_208_af3i2_idx_3_model_aligned_chiseli2_400,P2B4,ORI_11_C9_i_12_model_3,0.00039348370092749945,0.1542210528309111,0.966627449513845,0.00029634861443805565,19,2.09999952,14.69999952,False,0.154,0.178,0.178,0.16,0,,-0.0020000000000000018,False,False,False,True,2.005012520172754e-05,0.09145637598100391,1.0536912760529364,False,116
C11,1,E6,ZAPP_i3_AR_pte_0054,54,1,ZAPP_p1D1_rotP_1_ORI_05_C9_i_14_model_2__eV2_T0_20__4_1_FS232_chisel_432_af3i2_idx_1_model_aligned_chiseli2_051,P1E6,ORI_05_C9_i_14_model_2,0.0003909774370241347,0.15713684228898153,0.9566037804897054,0.00033753795403942423,19,2.09999952,14.69999952,False,0.157,0.181,0.181,0.163,0,,0.0,False,False,False,True,1.754386129836278e-05,0.08002433695144232,1.046979871224129,False,117
D21,1,G11,ZAPP_i3_AR_pte_0083,83,1,ZAPP_p1D1_rotP_1_ORI_05_C9_i_14_model_2__eV2_T0_10__8_1_FS232_chisel_308_af3i2_idx_2_model_aligned_chiseli2_153,P1G11,ORI_05_C9_i_14_model_2,0.0003909774364814199,0.15518947387248763,0.9543529454155756,0.00034658884554144073,19,2.09999952,14.69999952,False,0.155,0.178,0.178,0.161,0,,-0.0010000000000000009,False,False,False,True,1.7543860755647983e-05,0.08002433447591022,1.0469798697708188,False,118
A3,1,A2,ZAPP_i3_AR_pte_0002,2,1,ZAPP_p1D1_rotP_1_ORI_05_C9_i_14_model_2__eV2_T0_10__8_1_FS232_chisel_108_af3i2_idx_1_model_aligned_chiseli2_170,P1A2,ORI_05_C9_i_14_model_2,0.00039097743485328964,0.15334736862300608,0.9611374370226885,0.00031866596520062747,19,2.09999952,14.69999952,False,0.152,0.178,0.178,0.159,0,,0.0,False,False,False,True,1.7543859127517735e-05,0.08002432704937842,1.0469798654109264,False,119
H8,2,H4,ZAPP_i3_AR_pte_0184,184,10,ZAPP_p1D1_rotP_0_ORI_01_C9_i_11_model_7__eV2_T0_10__8_1_FS118_chisel_184_af3i2_idx_2_model_aligned_chiseli2_118,P2H4,ORI_01_C9_i_11_model_7,0.0003784461096379964,0.15997894754017267,0.940635323918003,0.0003853616301455055,19,2.09999952,14.69999952,False,0.159,0.18,0.181,0.165,0,,-0.0010000000000000009,False,False,False,True,5.012533912224476e-06,0.022864105908647167,1.013422826007229,False,120
D6,1,H3,ZAPP_i3_AR_pte_0087,87,1,ZAPP_p1D1_rotP_1_ORI_05_C9_i_14_model_2__eV2_T0_30__10_1_FS232_chisel_245,P1H3,ORI_05_C9_i_14_model_2,0.0003734335769468696,0.15528421070786874,0.9585924038950127,0.000314591799953017,19,2.09999952,14.69999952,False,0.155,0.174,0.174,0.161,0,,0.0,False,False,False,True,1.2210977129618883e-12,5.56989896185607e-09,1.0000000032699194,False,121
C1,1,E1,ZAPP_i3_AR_pte_0049,49,1,ZAPP_p1D1_rotP_1_ORI_05_C9_i_14_model_2__eV2_T0_20__8_1_FS232_chisel_009_c00_r2_af3i2_idx_3_model_aligned_chiseli2_273,P1E1,ORI_05_C9_i_14_model_2,0.00037343357450467414,0.15602105283364637,0.961082241724092,0.0003045916612457767,19,2.09999952,14.69999952,False,0.155,0.182,0.182,0.162,0,,0.0,False,False,False,True,-1.221097767171997e-12,-5.569899209129343e-09,0.9999999967300804,False,122
A11,1,A6,ZAPP_i3_AR_pte_0006,6,1,ZAPP_p1D1_rotP_1_ORI_05_C9_i_14_model_2__eV2_T0_10__6_1_FS232_chisel_202_af3i2_idx_4_model_aligned_chiseli2_334,P1A6,ORI_05_C9_i_14_model_2,0.00037092730924452973,0.15856842125048218,0.9581802199011342,0.0003140993928557821,19,2.09999952,14.69999952,False,0.158,0.181,0.181,0.164,0,,0.0,False,False,False,True,-2.506266481242176e-06,-0.011432050788257563,0.9932885882680174,False,123
F5,2,C3,ZAPP_i3_AR_pte_0123,123,3,ZAPP_p1D1_rotP_1_ORI_11_C9_i_12_model_3__eV2_T0_10__4_1_FS111_chisel_058_af3i2_idx_3_model_aligned_chiseli2_177,P2C3,ORI_11_C9_i_12_model_3,0.0003684210420849002,0.1608000002095894,0.9527777621988209,0.0003324550379418467,19,2.09999952,14.69999952,False,0.16,0.184,0.184,0.166,0,,-0.0010000000000000009,False,False,False,True,-5.012533640871711e-06,-0.022864104670902257,0.9865771747194135,False,124
H22,2,H11,ZAPP_i3_AR_pte_0191,191,10,ZAPP_p1D1_rotP_0_ORI_01_C9_i_11_model_7__eV2_T0_10__8_1_FS118_chisel_184_af3i2_idx_1_model_aligned_chiseli2_074,P2H11,ORI_01_C9_i_11_model_7,0.00036340851482087675,0.15557894754222412,0.9600456671184712,0.00030049836316485285,19,2.09999952,14.69999952,False,0.155,0.173,0.173,0.161,0,,-0.0009999999999999731,False,False,False,True,-1.0025060904895154e-05,-0.04572818025453314,0.9731543665150855,False,125
D1,1,G1,ZAPP_i3_AR_pte_0073,73,1,ZAPP_p1D1_rotP_1_ORI_05_C9_i_14_model_2__eV2_T0_10__7_1_FS232_chisel_040_af3i2_idx_1_model_aligned_chiseli2_433,P1G1,ORI_05_C9_i_14_model_2,0.0003634085145495292,0.16110526333397712,0.9574225900954468,0.0003106303590595291,19,2.09999952,14.69999952,False,0.161,0.182,0.182,0.166,0,,0.0,False,False,False,True,-1.0025061176242714e-05,-0.04572818149225431,0.9731543657884567,False,126
A19,1,A10,ZAPP_i3_AR_pte_0010,10,1,ZAPP_p1D1_rotP_1_ORI_05_C9_i_14_model_2__eV2_T0_10__8_1_FS232_chisel_176_af3i2_idx_0_model_aligned_chiseli2_297,P1A10,ORI_05_C9_i_14_model_2,0.00036090224657583643,0.1589157896683436,0.9340540453455708,0.0003886947533509985,19,2.09999952,14.69999952,False,0.159,0.181,0.181,0.164,0,,-0.0010000000000000009,False,False,False,True,-1.2531329149935476e-05,-0.05716023908815624,0.9664429500599117,False,127
D13,1,G7,ZAPP_i3_AR_pte_0079,79,1,ZAPP_p1D1_rotP_1_ORI_05_C9_i_14_model_2__eV2_T0_10__13_1_FS232_chisel_221_af3i2_idx_4_model_aligned_chiseli2_290,P1G7,ORI_05_C9_i_14_model_2,0.00035087718716339154,0.15794736858516828,0.9607843211558197,0.00028733138339291295,19,2.09999952,14.69999952,False,0.157,0.18,0.18,0.163,0,,0.0,False,False,False,True,-2.255638856238037e-05,-0.10288841253504649,0.9395973205715586,False,128
D9,1,G5,ZAPP_i3_AR_pte_0077,77,1,ZAPP_p1D1_rotP_1_ORI_05_C9_i_14_model_2__eV2_T0_20__3_1_FS232_chisel_223_chiseli2_204,P1G5,ORI_05_C9_i_14_model_2,0.00035087718716339056,0.15494736858516833,0.9607843211558196,0.0002873313833929131,19,2.09999952,14.69999952,False,0.155,0.174,0.174,0.16,0,,0.0,False,False,False,True,-2.2556388562381346e-05,-0.10288841253505095,0.9395973205715561,False,129
E19,2,A10,ZAPP_i3_AR_pte_0106,106,2,ZAPP_p1D1_rotP_0_ORI_06_C1_i_5_model_5__eV2_T0_20__14_1_FS150_chisel_345,P2A10,ORI_06_C1_i_5_model_5,0.00034837092624492914,0.16207368433395503,0.8920129580430762,0.0004913072355140095,19,2.09999952,14.69999952,False,0.162,0.181,0.181,0.167,0,,-0.0020000000000000018,False,False,False,True,-2.5062649480842763e-05,-0.11432043794931392,0.9328859237358793,False,130
F18,2,D9,ZAPP_i3_AR_pte_0141,141,5,ZAPP_p1D1_rotP_1_ORI_02_C2_i_24_model_0__FS209_chisel_498_af3i2_idx_1_model_aligned_chiseli2_217,P2D9,ORI_02_C2_i_24_model_0,0.0003433583862272139,0.1565894738789839,0.9479292777965413,0.00032618764497543685,19,2.09999952,14.69999952,False,0.156,0.175,0.175,0.162,0,,0.0,False,False,False,True,-3.0075189498558026e-05,-0.13718457170746604,0.9194630813790469,False,131
B17,1,C9,ZAPP_i3_AR_pte_0033,33,1,ZAPP_p1D1_rotP_1_ORI_05_C9_i_14_model_2__eV2_T0_30__10_1_FS232_chisel_293,P1C9,ORI_05_C9_i_14_model_2,0.0003358395937030481,0.1579157896284544,0.9352083420987358,0.00035830120791568147,19,2.09999952,14.69999952,False,0.158,0.178,0.179,0.163,0,,-0.001999999999999974,False,False,False,True,-3.759398202272382e-05,-0.17148069250944586,0.8993288647126613,False,132
G13,2,E7,ZAPP_i3_AR_pte_0151,151,6,ZAPP_p1D1_rotP_0_ORI_02_C6_i_9_model_1__eV2_T0_20__15_1_FS125_chisel_227_af3i2_idx_0_model_aligned_chiseli2_234,P2E7,ORI_02_C6_i_9_model_1,0.00033082705938379254,0.1563789475466689,0.9398058166090841,0.0003393674927812226,19,2.09999952,14.69999952,False,0.156,0.177,0.177,0.161,0,,-0.0010000000000000009,False,False,False,True,-4.2606516341979364e-05,-0.19434480027471918,0.885906037615463,False,133
G9,2,E5,ZAPP_i3_AR_pte_0149,149,6,ZAPP_p1D1_rotP_0_ORI_02_C6_i_9_model_1__eV2_T0_20__10_1_FS125_chisel_164,P2E5,ORI_02_C6_i_9_model_1,0.0003283207935809341,0.1679789475470108,0.8437069725313786,0.0005727741211695043,19,2.09999952,14.69999952,False,0.168,0.179,0.18,0.173,0,,-0.0020000000000000018,False,False,False,True,-4.511278214483781e-05,-0.20577684796860618,0.8791946277000918,False,134
G16,2,F8,ZAPP_i3_AR_pte_0164,164,6,ZAPP_p1D1_rotP_0_ORI_02_C6_i_9_model_1__eV2_T0_10__12_1_FS125_chisel_091,P2F8,ORI_02_C6_i_9_model_1,0.000328320793309584,0.15750526333876383,0.9502214724762631,0.0003045916597050673,19,2.09999952,14.69999952,False,0.157,0.177,0.177,0.162,0,,0.0,False,False,False,True,-4.511278241618792e-05,-0.20577684920633899,0.8791946269734563,False,135
H18,2,H9,ZAPP_i3_AR_pte_0189,189,10,ZAPP_p1D1_rotP_0_ORI_01_C9_i_11_model_7__eV2_T0_10__8_1_FS118_chisel_184_af3i2_idx_4_model_aligned_chiseli2_244,P2H9,ORI_01_C9_i_11_model_7,0.00032581452804943904,0.19005263175559967,0.8941798852432572,0.00045431086960780724,19,2.09999952,14.69999952,False,0.19,0.21,0.211,0.195,0,,-0.0010000000000000009,False,False,False,True,-4.761904767633287e-05,-0.2172088944246998,0.8724832185113918,False,136
H5,2,G3,ZAPP_i3_AR_pte_0171,171,8,ZAPP_p1D1_rotP_0_ORI_01_C11_i_38_model_5__eV2_T0_10__2_1_FS021_chisel_257_af3i2_idx_4_model_aligned_chiseli2_392,P2G3,ORI_01_C11_i_38_model_5,0.0003208020026849,0.16114736854596293,0.9416092202522747,0.00032380598600838587,19,2.09999952,14.69999952,False,0.16,0.179,0.18,0.166,0,,-0.0010000000000000009,False,False,False,True,-5.263157304087189e-05,-0.24007296134404757,0.8590604153936027,False,137
E16,2,B8,ZAPP_i3_AR_pte_0116,116,3,ZAPP_p1D1_rotP_1_ORI_11_C9_i_12_model_3__eV2_T0_10__4_1_FS111_chisel_476_af3i2_idx_0_model_aligned_chiseli2_385,P2B8,ORI_11_C9_i_12_model_3,0.00031829572982681353,0.1584315791318846,0.9498821963923134,0.00029634866107753526,19,2.09999952,14.69999952,False,0.158,0.179,0.179,0.163,0,,0.0,False,False,False,True,-5.513784589895838e-05,-0.2515050412195584,0.8523489865853722,False,138
G2,2,F1,ZAPP_i3_AR_pte_0157,157,6,ZAPP_p1D1_rotP_0_ORI_02_C6_i_9_model_1__eV2_T0_10__5_1_FS125_chisel_125_chiseli2_273,P2F1,ORI_02_C6_i_9_model_1,0.000315789470807838,0.16087368433839982,0.6837209457429543,0.0008705714787855042,19,2.09999952,14.69999952,False,0.16,0.176,0.177,0.166,0,,-0.0020000000000000018,False,False,False,True,-5.764410491793391e-05,-0.2629370579695316,0.8456375948362382,False,139
B14,1,D7,ZAPP_i3_AR_pte_0043,43,1,ZAPP_p1D1_rotP_1_ORI_05_C9_i_14_model_2__eV2_T0_20__8_1_FS232_chisel_009_c00_r2_af3i2_idx_4_model_aligned_chiseli2_144,P1D7,ORI_05_C9_i_14_model_2,0.00031328319876381875,0.1585789475490623,0.9401323535372631,0.00032044220674698926,19,2.09999952,14.69999952,False,0.158,0.179,0.179,0.163,0,,0.0,False,False,False,True,-6.015037696195316e-05,-0.27436913413176695,0.8389261682079596,False,140
H7,2,G4,ZAPP_i3_AR_pte_0172,172,8,ZAPP_p1D1_rotP_0_ORI_01_C11_i_38_model_5__eV2_T0_10__2_1_FS021_chisel_257_af3i2_idx_3_model_aligned_chiseli2_191,P2G4,ORI_01_C11_i_38_model_5,0.0003107769351318065,0.16296842121537963,0.942156857480161,0.0003121218183772124,19,2.09999952,14.69999952,False,0.162,0.182,0.182,0.168,0,,0.0,False,False,False,True,-6.265664059396542e-05,-0.28580117192358484,0.8322147641057942,False,141
D16,1,H8,ZAPP_i3_AR_pte_0092,92,2,ZAPP_p1D1_rotP_0_ORI_06_C1_i_5_model_5__eV2_T0_10__5_1_FS150_chisel_369_af3i2_idx_0_model_aligned_chiseli2_083,P1H8,ORI_06_C1_i_5_model_5,0.000308270667700827,0.1607263159662399,0.9443820060123241,0.0003032333946123156,19,2.09999952,14.69999952,False,0.161,0.177,0.177,0.165,0,,-0.0010000000000000009,False,False,False,True,-6.51629080249449e-05,-0.2972332270439616,0.8255033498305552,False,142
F16,2,D8,ZAPP_i3_AR_pte_0140,140,5,ZAPP_p1D1_rotP_1_ORI_02_C2_i_24_model_0__FS209_chisel_498_chiseli2_278,P2D8,ORI_02_C2_i_24_model_0,0.0003057644086818474,0.15916842117275515,0.9432192889999801,0.0003040829179834352,19,2.09999952,14.69999952,False,0.159,0.176,0.176,0.164,0,,0.0,False,False,False,True,-6.76691670439245e-05,-0.3086652437939533,0.8187919580814104,False,143
B11,1,C6,ZAPP_i3_AR_pte_0030,30,1,ZAPP_p1D1_rotP_1_ORI_05_C9_i_14_model_2__eV2_T0_10__8_1_FS232_chisel_108_af3i2_idx_1_model_aligned_chiseli2_222,P1C6,ORI_05_C9_i_14_model_2,0.00030075188006104924,0.15957894746415524,0.4696673393228612,0.0012953835383747833,19,2.09999952,14.69999952,False,0.159,0.182,0.182,0.165,0,,-0.0030000000000000027,False,False,False,True,-7.268169566472266e-05,-0.33152932556635845,0.8053691462438398,False,144
B3,1,C2,ZAPP_i3_AR_pte_0026,26,1,ZAPP_p1D1_rotP_1_ORI_05_C9_i_14_model_2__eV2_T0_10__8_1_FS232_chisel_108_af3i2_idx_2_model_aligned_chiseli2_047,P1C2,ORI_05_C9_i_14_model_2,0.0002932330731550606,0.15680000017653828,0.9350409609362661,0.00031327695272996315,19,2.09999952,14.69999952,False,0.156,0.174,0.174,0.161,0,,-0.0010000000000000009,False,False,False,True,-8.020050257071128e-05,-0.3658255119693948,0.7852348910650554,False,145
C3,1,E2,ZAPP_i3_AR_pte_0050,50,1,ZAPP_p1D1_rotP_1_ORI_05_C9_i_14_model_2__eV2_T0_20__8_1_FS232_chisel_009_c00_r2_chiseli2_391,P1E2,ORI_05_C9_i_14_model_2,0.00028822055240355774,0.15694736850709948,0.546939645781944,0.0010632717856183889,19,2.09999952,14.69999952,False,0.156,0.176,0.176,0.162,0,,-0.0030000000000000027,False,False,False,True,-8.521302332221417e-05,-0.3886895578469005,0.7718121003002962,False,146
A8,1,B4,ZAPP_i3_AR_pte_0016,16,1,ZAPP_p1D1_rotP_1_ORI_05_C9_i_14_model_2__eV2_T0_10__8_1_FS232_chisel_108_af3i2_idx_4_model_aligned_chiseli2_055,P1B4,ORI_05_C9_i_14_model_2,0.00028571428470121915,0.1632315790497128,0.9336207212216641,0.00030879765511643954,19,2.09999952,14.69999952,False,0.163,0.181,0.181,0.167,0,,-0.0010000000000000009,False,False,False,True,-8.771929102455276e-05,-0.4001216142050511,0.7651006852983976,False,147
A16,1,B8,ZAPP_i3_AR_pte_0020,20,1,ZAPP_p1D1_rotP_1_ORI_05_C9_i_14_model_2__eV2_T0_10__8_1_FS232_chisel_108_af3i2_idx_3_model_aligned_chiseli2_042,P1B8,ORI_05_C9_i_14_model_2,0.0002857142806308931,0.16012631592600884,0.9217021325616922,0.0003375379703259757,19,2.09999952,14.69999952,False,0.16,0.176,0.176,0.164,0,,-0.0010000000000000009,False,False,False,True,-8.771929509487881e-05,-0.4001216327713825,0.7651006743986652,False,148
H12,2,H6,ZAPP_i3_AR_pte_0186,186,10,ZAPP_p1D1_rotP_0_ORI_01_C9_i_11_model_7__eV2_T0_10__8_1_FS118_chisel_184_af3i2_idx_0_model_aligned_chiseli2_134,P2H6,ORI_01_C9_i_11_model_7,0.00027568922013303286,0.1582631580098458,0.9379845145887865,0.0002873313678381127,19,2.09999952,14.69999952,False,0.157,0.176,0.176,0.162,0,,-0.0010000000000000009,False,False,False,True,-9.774435559273904e-05,-0.44584981116927197,0.7382550420037302,False,149
E7,2,A4,ZAPP_i3_AR_pte_0100,100,2,ZAPP_p1D1_rotP_0_ORI_06_C1_i_5_model_5__eV2_T0_10__5_1_FS150_chisel_369_af3i2_idx_1_model_aligned_chiseli2_192,P2A4,ORI_06_C1_i_5_model_5,0.00027568921660541955,0.15810526330263563,0.9379844905845931,0.0002873314234464581,19,2.09999952,14.69999952,False,0.158,0.171,0.171,0.162,0,,0.0,False,False,False,True,-9.774435912035236e-05,-0.4458498272600807,0.7382550325573023,False,150
E9,2,A5,ZAPP_i3_AR_pte_0101,101,2,ZAPP_p1D1_rotP_0_ORI_06_C1_i_5_model_5__eV2_T0_20__6_1_FS150_chisel_069,P2A5,ORI_06_C1_i_5_model_5,0.00027568921633406207,0.1646315790943887,0.9250764453151116,0.00031801761075625804,19,2.09999952,14.69999952,False,0.165,0.177,0.177,0.169,0,,-0.0010000000000000009,False,False,False,True,-9.774435939170984e-05,-0.4458498284978471,0.738255031830647,False,151
E2,2,B1,ZAPP_i3_AR_pte_0109,109,2,ZAPP_p1D1_rotP_0_ORI_06_C1_i_5_model_5__eV2_T0_10__9_1_FS150_chisel_085_chiseli2_327,P2B1,ORI_06_C1_i_5_model_5,0.00026566415475078514,0.1568736843452379,0.9046698858000944,0.00034955375036244265,19,2.09999952,14.69999952,False,0.156,0.169,0.169,0.161,0,,-0.0010000000000000009,False,False,False,True,-0.00010776942097498677,-0.49157801184674194,0.7114093965291262,False,152
E3,2,A2,ZAPP_i3_AR_pte_0098,98,2,ZAPP_p1D1_rotP_0_ORI_06_C1_i_5_model_5__eV2_T0_10__5_1_FS150_chisel_369,P2A2,ORI_06_C1_i_5_model_5,0.00026315789301825193,0.1585789474692839,0.9141791299292913,0.0003268196962151043,19,2.09999952,14.69999952,False,0.158,0.173,0.173,0.162,0,,-0.0010000000000000009,False,False,False,True,-0.00011027568270751998,-0.5030100409743012,0.7046979975134853,False,153
C20,1,F10,ZAPP_i3_AR_pte_0070,70,1,ZAPP_p1D1_rotP_1_ORI_05_C9_i_14_model_2__eV2_T0_20__4_1_FS232_chisel_432_af3i2_idx_1_model_aligned_chiseli2_102,P1F10,ORI_05_C9_i_14_model_2,0.000260651624501847,0.1514421053871564,0.9292096274103704,0.00029160952179865785,19,2.09999952,14.69999952,False,0.151,0.167,0.167,0.155,0,,0.0,False,False,False,True,-0.00011278195122392488,-0.5144421010457231,0.6979865803316372,False,154
F4,2,D2,ZAPP_i3_AR_pte_0134,134,3,ZAPP_p1D1_rotP_1_ORI_11_C9_i_12_model_3__eV2_T0_10__4_1_FS111_chisel_208_af3i2_idx_2_model_aligned_chiseli2_042,P2D2,ORI_11_C9_i_12_model_3,0.00026065162043151913,0.16133684226345246,0.9150591984138933,0.00032188817849988777,19,2.09999952,14.69999952,True,0.179,0.179,0.179,0.165,1,2.09999952,-0.015999999999999986,True,False,False,False,-0.00011278195529425278,-0.514442119612063,0.6979865694318999,False,155
D17,1,G9,ZAPP_i3_AR_pte_0081,81,1,ZAPP_p1D1_rotP_1_ORI_05_C9_i_14_model_2__eV2_T0_30__7_1_FS232_chisel_083_af3i2_idx_3_model_aligned_chiseli2_444,P1G9,ORI_05_C9_i_14_model_2,0.00025062656291857313,0.1576842106380056,0.915750927648783,0.00030812858849180765,19,2.09999952,14.69999952,False,0.157,0.173,0.173,0.161,0,,0.0,False,False,False,True,-0.00012280701280719877,-0.560170284394604,0.6711409450301246,False,156
H10,2,H5,ZAPP_i3_AR_pte_0185,185,10,ZAPP_p1D1_rotP_0_ORI_01_C9_i_11_model_7__eV2_T0_10__8_1_FS118_chisel_184_af3i2_idx_1_model_aligned_chiseli2_052,P2H5,ORI_01_C9_i_11_model_7,0.0002456140323982822,0.1567789474716772,0.9094697142519845,0.0003140993344449591,19,2.09999952,14.69999952,False,0.156,0.171,0.171,0.16,0,,0.0,False,False,False,True,-0.0001278195433274897,-0.5830343748313304,0.6577181281059927,False,157
E23,2,A12,ZAPP_i3_AR_pte_0108,108,2,ZAPP_p1D1_rotP_0_ORI_06_C1_i_5_model_5__eV2_T0_10__5_1_FS150_chisel_369_af3i2_idx_0_model_aligned_chiseli2_257,P2A12,ORI_06_C1_i_5_model_5,0.00024561402914202496,0.16309473697271396,0.9094696901371512,0.0003140993762787639,19,2.09999952,14.69999952,False,0.163,0.177,0.177,0.167,0,,-0.0010000000000000009,False,False,False,True,-0.00012781954658374695,-0.5830343896843792,0.6577181193862165,False,158
F24,2,D12,ZAPP_i3_AR_pte_0144,144,5,ZAPP_p1D1_rotP_1_ORI_02_C2_i_24_model_0__eV2_T0_30__7_1_FS209_chisel_498,P2D12,ORI_02_C2_i_24_model_0,0.0002330827003991141,0.15856842118267048,0.9066037611303647,0.00030323336996120867,19,2.09999952,14.69999952,False,0.158,0.17,0.17,0.162,0,,-0.0010000000000000009,False,False,False,True,-0.0001403508753266578,-0.6401946269159386,0.62416107053608,False,159
A10,1,B5,ZAPP_i3_AR_pte_0017,17,1,ZAPP_p1D1_rotP_1_ORI_05_C9_i_14_model_2__eV2_T0_10__8_1_FS232_chisel_108_af3i2_idx_4_model_aligned_chiseli2_228,P1B5,ORI_05_C9_i_14_model_2,0.0002305764373098116,0.1539052632654817,0.8985138076150772,0.0003140993532986318,19,2.09999952,14.69999952,False,0.154,0.167,0.167,0.157,0,,0.0,False,False,False,True,-0.0001428571384159603,-0.6516266622322475,0.6174496678872112,False,160
F20,2,D10,ZAPP_i3_AR_pte_0142,142,5,ZAPP_p1D1_rotP_1_ORI_02_C2_i_24_model_0__FS209_chisel_498_af3i2_idx_1_model_aligned_chiseli2_055,P2D10,ORI_02_C2_i_24_model_0,0.0002280701725923752,0.1594000000988114,0.9020697311574262,0.0003045916022589084,19,2.09999952,14.69999952,False,0.159,0.172,0.172,0.163,0,,-0.0010000000000000009,False,False,False,True,-0.0001453634031333967,-0.6630587049751047,0.6107382608784401,False,161
A20,1,B10,ZAPP_i3_AR_pte_0022,22,1,ZAPP_p1D1_rotP_1_ORI_05_C9_i_14_model_2__eV2_T0_20__8_1_FS232_chisel_009_c02_r1_af3i2_idx_1_model_aligned_chiseli2_054,P1B10,ORI_05_C9_i_14_model_2,0.0002255639059754655,0.15457894747441242,0.8490566099021043,0.00038549553189610433,19,2.09999952,14.69999952,False,0.154,0.165,0.165,0.158,0,,-0.0010000000000000009,False,False,False,True,-0.00014786966975030642,-0.6744907563821944,0.6040268487831598,False,162
D14,1,H7,ZAPP_i3_AR_pte_0091,91,2,ZAPP_p1D1_rotP_0_ORI_06_C1_i_5_model_5__eV2_T0_10__5_1_FS150_chisel_369_af3i2_idx_4_model_aligned_chiseli2_016,P1H7,ORI_06_C1_i_5_model_5,0.00022556390461868478,0.1582105264331778,0.8999999956691647,0.0003047609899386601,19,2.09999952,14.69999952,False,0.157,0.171,0.171,0.162,0,,0.0,False,False,False,True,-0.00014786967110708713,-0.6744907625709959,0.6040268451499013,False,163
H13,2,G7,ZAPP_i3_AR_pte_0175,175,8,ZAPP_p1D1_rotP_0_ORI_01_C11_i_38_model_5__eV2_T0_10__2_1_FS021_chisel_257_af3i2_idx_3_model_aligned_chiseli2_067,P2G7,ORI_01_C11_i_38_model_5,0.00021553884276404842,0.16197894747578004,0.8560185189495892,0.0003583012316158797,19,2.09999952,14.69999952,False,0.162,0.18,0.18,0.165,0,,-0.0010000000000000009,False,False,False,True,-0.0001578947329617235,-0.7202189471576661,0.57718120912172,False,164
E21,2,A11,ZAPP_i3_AR_pte_0107,107,2,ZAPP_p1D1_rotP_0_ORI_06_C1_i_5_model_5__eV2_T0_10__9_1_FS150_chisel_085,P2A11,ORI_06_C1_i_5_model_5,0.00021303257614712758,0.1661578948513812,0.848004687274516,0.000365572068824685,19,2.09999952,14.69999952,False,0.166,0.176,0.176,0.17,0,,-0.0010000000000000009,False,False,False,True,-0.00016040099957864433,-0.7316509985648064,0.5704697970264099,False,165
H6,2,H3,ZAPP_i3_AR_pte_0183,183,10,ZAPP_p1D1_rotP_0_ORI_01_C9_i_11_model_7__eV2_T0_10__8_1_FS118_chisel_184,P2H3,ORI_01_C9_i_11_model_7,0.000208020047526328,0.1635684211427813,0.8568408096560688,0.0003446479920553464,19,2.09999952,14.69999952,False,0.163,0.177,0.177,0.167,0,,-0.0010000000000000009,False,False,False,True,-0.0001654135281994439,-0.754515080337218,0.5570469851888357,False,166
E12,2,B6,ZAPP_i3_AR_pte_0114,114,3,ZAPP_p1D1_rotP_1_ORI_11_C9_i_12_model_3__eV2_T0_10__4_1_FS111_chisel_058_af3i2_idx_1_model_aligned_chiseli2_258,P2B6,ORI_11_C9_i_12_model_3,0.00020551378470838122,0.16037894743383943,0.8554707749624342,0.00034239484819987464,19,2.09999952,14.69999952,False,0.16,0.172,0.172,0.164,0,,-0.0010000000000000009,False,False,False,True,-0.00016791979101739068,-0.7659471144157685,0.5503355832666174,False,167
E17,2,A9,ZAPP_i3_AR_pte_0105,105,2,ZAPP_p1D1_rotP_0_ORI_06_C1_i_5_model_5__eV2_T0_20__6_1_FS150_chisel_199,P2A9,ORI_06_C1_i_5_model_5,0.00019548872068290618,0.15935789481046622,0.8894737103854296,0.0002793180219301845,19,2.09999952,14.69999952,False,0.159,0.17,0.17,0.162,0,,-0.0010000000000000009,False,False,False,True,-0.00017794485504286572,-0.8116753089044734,0.5234899414252505,False,168
C21,1,E11,ZAPP_i3_AR_pte_0059,59,1,ZAPP_p1D1_rotP_1_ORI_05_C9_i_14_model_2__eV2_T0_20__8_1_FS232_chisel_009_c02_r1_af3i2_idx_4_model_aligned_chiseli2_056,P1E11,ORI_05_C9_i_14_model_2,0.00019548871715528932,0.15420000010325613,0.8521008346587403,0.00033011866405387906,19,2.09999952,14.69999952,False,0.154,0.164,0.164,0.157,0,,-0.0010000000000000009,False,False,False,True,-0.0001779448585704826,-0.8116753249952984,0.5234899319788132,False,169
D18,1,H9,ZAPP_i3_AR_pte_0093,93,2,ZAPP_p1D1_rotP_0_ORI_06_C1_i_5_model_5__eV2_T0_10__5_1_FS150_chisel_369_af3i2_idx_0_model_aligned_chiseli2_249,P1H9,ORI_06_C1_i_5_model_5,0.00019298245460869516,0.16148421060256127,0.8822916887493626,0.00028571057320531394,19,2.09999952,14.69999952,False,0.161,0.172,0.172,0.164,0,,0.0,False,False,False,True,-0.00018045112111707675,-0.8231073578361044,0.5167785307832372,False,170
E15,2,A8,ZAPP_i3_AR_pte_0104,104,2,ZAPP_p1D1_rotP_0_ORI_06_C1_i_5_model_5__eV2_T0_10__9_1_FS150_chisel_085_af3i2_idx_0_model_aligned_chiseli2_023,P2A8,ORI_06_C1_i_5_model_5,0.00019298245189514464,0.15974736852009194,0.8374293759405216,0.00034464801121548554,19,2.09999952,14.69999952,False,0.159,0.172,0.172,0.163,0,,-0.0010000000000000009,False,False,False,True,-0.00018045112383062727,-0.8231073702136579,0.5167785235167494,False,171
C22,1,F11,ZAPP_i3_AR_pte_0071,71,1,ZAPP_p1D1_rotP_1_ORI_05_C9_i_14_model_2__eV2_T0_10__13_1_FS232_chisel_221_af3i2_idx_0_model_aligned_chiseli2_451,P1F11,ORI_05_C9_i_14_model_2,0.00019298244863888612,0.15506315802112872,0.8592753306629964,0.0003165539778460011,19,2.09999952,14.69999952,False,0.156,0.166,0.166,0.158,0,,-0.0010000000000000009,False,False,False,True,-0.00018045112708688579,-0.8231073850667124,0.5167785147969697,False,172
D4,1,H2,ZAPP_i3_AR_pte_0086,86,1,ZAPP_p1D1_rotP_1_ORI_05_C9_i_14_model_2__eV2_T0_30__10_1_FS232_chisel_293_chiseli2_193,P1H2,ORI_05_C9_i_14_model_2,0.00018796991811860058,0.16315789485480028,0.844594568990034,0.00032681977160052154,19,2.09999952,14.69999952,False,0.162,0.172,0.172,0.166,0,,-0.0010000000000000009,False,False,False,True,-0.00018546365760717132,-0.8459714755034142,0.5033556978728524,False,173
B21,1,C11,ZAPP_i3_AR_pte_0035,35,1,ZAPP_p1D1_rotP_1_ORI_05_C9_i_14_model_2__eV2_T0_20__8_1_FS232_chisel_009_c00_r2_chiseli2_012,P1C11,ORI_05_C9_i_14_model_2,0.00018295738949780175,0.1565684211462003,0.79300595026386,0.0003788799982419073,19,2.09999952,14.69999952,False,0.157,0.168,0.168,0.159,0,,-0.0010000000000000009,False,False,False,True,-0.00019047618622797016,-0.8688355572758224,0.48993288603528007,False,174
D22,1,H11,ZAPP_i3_AR_pte_0095,95,2,ZAPP_p1D1_rotP_0_ORI_06_C1_i_5_model_5__eV2_T0_20__6_1_FS150_chisel_072_af3i2_idx_1_model_aligned_chiseli2_201,P1H11,ORI_06_C1_i_5_model_5,0.00017543859208924597,0.15436842114722601,0.8166666590877145,0.00033692595112296567,19,2.09999952,14.69999952,False,0.154,0.164,0.164,0.157,0,,-0.0010000000000000009,False,False,False,True,-0.00019799498363652594,-0.9031317003573942,0.469798656289219,False,175
E11,2,A6,ZAPP_i3_AR_pte_0102,102,2,ZAPP_p1D1_rotP_0_ORI_06_C1_i_5_model_5__eV2_T0_10__9_1_FS150_chisel_085_chiseli2_238,P2A6,ORI_06_C1_i_5_model_5,0.00017042606292572997,0.1578315790221323,0.8376811716909562,0.0003040829710428011,19,2.09999952,14.69999952,False,0.158,0.166,0.166,0.16,0,,-0.0010000000000000009,False,False,False,True,-0.00020300751280004193,-0.9259957846053453,0.4563758429983303,False,176
D24,1,H12,ZAPP_i3_AR_pte_0096,96,2,ZAPP_p1D1_rotP_0_ORI_06_C1_i_5_model_5__eV2_T0_20__6_1_FS150_chisel_072_af3i2_idx_2_model_aligned_chiseli2_269,P1H12,ORI_06_C1_i_5_model_5,0.00017042606156895328,0.1584631579808976,0.8286738340698975,0.00031409936539342865,19,2.09999952,14.69999952,False,0.158,0.166,0.166,0.161,0,,-0.0010000000000000009,False,False,False,True,-0.00020300751415681863,-0.9259957907941285,0.4563758393650826,False,177
B8,1,D4,ZAPP_i3_AR_pte_0040,40,1,ZAPP_p1D1_rotP_1_ORI_05_C9_i_14_model_2__eV2_T0_20__15_1_FS232_chisel_223_af3i2_idx_4_model_aligned_chiseli2_421,P1D4,ORI_05_C9_i_14_model_2,0.0001553884651237099,0.15322105273346742,0.771887521624293,0.000342394913531558,19,2.09999952,14.69999952,False,0.153,0.162,0.162,0.156,0,,-0.0010000000000000009,False,False,False,True,-0.000218045110602062,-0.994588084383811,0.41610737551306376,False,178
D3,1,G2,ZAPP_i3_AR_pte_0074,74,1,ZAPP_p1D1_rotP_1_ORI_05_C9_i_14_model_2__eV2_T0_30__7_1_FS232_chisel_083_af3i2_idx_0_model_aligned_chiseli2_005,P1G2,ORI_05_C9_i_14_model_2,0.0001353383416857899,0.15723157902691895,0.6074999873323288,0.0004409390557175119,19,2.09999952,14.69999952,False,0.156,0.167,0.167,0.159,0,,-0.0010000000000000009,False,False,False,True,-0.00023809523403998202,-1.0860444523194066,0.36241610418334363,False,179
B6,1,D3,ZAPP_i3_AR_pte_0039,39,1,ZAPP_p1D1_rotP_1_ORI_05_C9_i_14_model_2__eV2_T0_10__8_1_FS232_chisel_108_af3i2_idx_4_model_aligned_chiseli2_257,P1D3,ORI_05_C9_i_14_model_2,0.0001353383395149436,0.13944210536094354,0.771428530595054,0.00029860358774831756,19,2.09999952,14.69999952,False,0.139,0.152,0.152,0.142,0,,-0.0010000000000000009,False,False,False,True,-0.0002380952362108283,-1.0860444622214762,0.36241609837013766,False,180
G23,2,E12,ZAPP_i3_AR_pte_0156,156,6,ZAPP_p1D1_rotP_0_ORI_02_C6_i_9_model_1__eV2_T0_20__15_1_FS125_chisel_227_af3i2_idx_3_model_aligned_chiseli2_273,P2E12,ORI_02_C6_i_9_model_1,0.00012030075636609951,0.18041052631761306,0.16410258305455905,0.0011005205510920997,19,2.09999952,14.69999952,False,0.18,0.195,0.197,0.184,0,,-0.0030000000000000027,False,False,False,True,-0.0002531328193596724,-1.1546366951611386,0.3221476701239137,False,181
A13,1,A7,ZAPP_i3_AR_pte_0007,7,1,ZAPP_p1D1_rotP_1_ORI_05_C9_i_14_model_2__eV2_T0_10__8_1_FS232_chisel_108_af3i2_idx_1_model_aligned_chiseli2_071,P1A7,ORI_05_C9_i_14_model_2,0.00011027568609945525,0.13249473690456043,0.7333333217844518,0.0002695407611636771,19,2.09999952,14.69999952,False,0.133,0.141,0.141,0.134,0,,-0.0010000000000000009,False,False,False,True,-0.00026315788962631665,-1.2003649181182303,0.2953020115696168,False,182
C4,1,F2,ZAPP_i3_AR_pte_0062,62,1,ZAPP_p1D1_rotP_1_ORI_05_C9_i_14_model_2__eV2_T0_30__7_1_FS232_chisel_498_af3i2_idx_4_model_aligned_chiseli2_429,P1F2,ORI_05_C9_i_14_model_2,0.00010776942301015482,0.15483157898737168,0.4221461316892171,0.000511074460877797,19,2.09999952,14.69999952,False,0.154,0.167,0.167,0.157,0,,-0.0010000000000000009,False,False,False,True,-0.0002656641527156171,-1.2117969534345299,0.2885906089207535,False,183
B22,1,D11,ZAPP_i3_AR_pte_0047,47,1,ZAPP_p1D1_rotP_1_ORI_05_C9_i_14_model_2__eV2_T0_10__8_1_FS232_chisel_199_af3i2_idx_4_model_aligned_chiseli2_400,P1D11,ORI_05_C9_i_14_model_2,0.00010776942111066517,0.16451578952964319,0.7003787847044862,0.0002857106015191766,19,2.09999952,14.69999952,False,0.164,0.177,0.177,0.166,0,,-0.0010000000000000009,False,False,False,True,-0.0002656641546151067,-1.2117969620988367,0.28859060383420054,False,184
E13,2,A7,ZAPP_i3_AR_pte_0103,103,2,ZAPP_p1D1_rotP_0_ORI_06_C1_i_5_model_5__eV2_T0_20__6_1_FS150_chisel_072,P2A7,ORI_06_C1_i_5_model_5,9.774436224093296e-05,0.15949473686296176,0.6500000443909624,0.0002907234306333263,19,2.09999952,14.69999952,False,0.159,0.168,0.168,0.161,0,,-0.0010000000000000009,False,False,False,True,-0.00027568921348483893,-1.2575251330702044,0.261744975799152,False,185
H3,2,G2,ZAPP_i3_AR_pte_0170,170,8,ZAPP_p1D1_rotP_0_ORI_01_C11_i_38_model_5__eV2_T0_10__2_1_FS021_chisel_257_af3i2_idx_3_model_aligned_chiseli2_207,P2G2,ORI_01_C11_i_38_model_5,7.268170204156987e-05,0.17570526320040528,0.01340025466929251,0.0025278428910500616,19,2.09999952,14.69999952,False,0.175,0.182,0.183,0.18,0,,-0.008000000000000007,False,False,False,True,-0.00030075187368420206,-1.3718456199108353,0.1946308708324158,False,186
A24,1,B12,ZAPP_i3_AR_pte_0024,24,1,ZAPP_p1D1_rotP_1_ORI_05_C9_i_14_model_2__eV2_T0_20__3_1_FS232_chisel_223_chiseli2_249,P1B12,ORI_05_C9_i_14_model_2,2.5062657757168666e-05,0.1725263157883341,0.012820514486212131,0.0008914222577376202,19,2.09999952,14.69999952,False,0.175,0.178,0.178,0.174,0,,-0.0020000000000000018,False,False,False,True,-0.00034837091796860323,-1.5890544988636228,0.06711409842689998,False,187
B23,1,C12,ZAPP_i3_AR_pte_0036,36,1,ZAPP_p1D1_rotP_1_ORI_05_C9_i_14_model_2__eV2_T0_10__8_1_FS232_chisel_108_af3i2_idx_1_model_aligned_chiseli2_258,P1C12,ORI_05_C9_i_14_model_2,-0.0007067668787969965,0.22867368365504087,0.6237176046248667,0.002225103177309496,19,2.09999952,14.69999952,False,0.225,0.228,0.23,0.227,0,,-0.0050000000000000044,False,False,False,True,-0.0010802004545227683,-4.927212070235535,-1.8926173883089863,False,188
D5,1,G3,ZAPP_i3_AR_pte_0075,75,1,ZAPP_p1D1_rotP_1_ORI_05_C9_i_14_model_2__eV2_T0_10__8_1_FS232_chisel_050_af3i2_idx_3_model_aligned_chiseli2_478,P1G3,ORI_05_C9_i_14_model_2,-0.001328320783794062,0.4351052625686744,0.8396102456578947,0.002353224874042353,19,2.09999952,14.69999952,False,0.437,0.43,0.442,0.434,0,,-0.009000000000000008,False,False,False,True,-0.0017017543595198338,-7.762359833949997,-3.557047009531634,False,189
B10,1,D5,ZAPP_i3_AR_pte_0041,41,1,ZAPP_p1D1_rotP_1_ORI_05_C9_i_14_model_2__eV2_T0_10__8_1_FS232_chisel_108_af3i2_idx_4_model_aligned_chiseli2_260,P1D5,ORI_05_C9_i_14_model_2,-0.0014010025159560463,0.5468210522528598,0.4213946882216527,0.006654211659288932,19,2.09999952,14.69999952,False,0.56,0.565,0.58,0.549,12,4.19999904,-0.019000000000000017,True,False,False,False,-0.0017744360916818183,-8.093889325994482,-3.7516779610220743,False,190
C10,1,F5,ZAPP_i3_AR_pte_0065,65,1,ZAPP_p1D1_rotP_1_ORI_05_C9_i_14_model_2__eV2_T0_10__8_1_FS232_chisel_108_af3i2_idx_3_model_aligned_chiseli2_151,P1F5,ORI_05_C9_i_14_model_2,-0.0017974881326271515,0.4996428556308655,0.4472045595436671,0.005690265647726306,13,6.299999999999999,14.69999952,True,0.498,0.231,0.515,0.508,12,6.299999999999999,-0.30200000000000005,True,False,False,False,-0.0021709217083529233,-9.902413575319793,-4.813407924377756,False,191
B12,1,D6,ZAPP_i3_AR_pte_0042,42,1,ZAPP_p1D1_rotP_1_ORI_05_C9_i_14_model_2__eV2_T0_10__6_1_FS232_chisel_262_chiseli2_170,P1D6,ORI_05_C9_i_14_model_2,-0.0028885399960666774,0.7836373614131623,0.7926206809726901,0.00420693500825736,13,6.299999999999999,14.69999952,True,0.798,0.821,0.831,0.783,15,1.39999968,-0.031000000000000028,True,False,False,False,-0.0032619735717924494,-14.879123118704728,-7.735083784185101,False,192
