file,sample_id,view,original_filename,sha256
TEO/SMW_P1D1_Control__overview.png,SMW_P1D1_Control,overview,SMW_P1D1_Control.png,7b512e54c377d7a782562b833bdffc5a491340aafbea7ac0ab6a69f6e0e864aa
TEO/SMW_P1D1_Control__zoom.png,SMW_P1D1_Control,zoom,SMW_P1D1_Control (1).png,ad8737273c1d38bcde1d32d5b3e886bdb3463232df10f5ca4f42ae2be2a682ba
TEO/SMW_P1D1_High_TEO_1__zoom.png,SMW_P1D1_High_TEO_1,zoom,SMW_P1D1_High_TEO_1.png,1b6bc0e660f82ae882b5192e92d34722f078e164c33284f187c8494707a933f6
TEO/SMW_P1D1_High_TEO_1__overview.png,SMW_P1D1_High_TEO_1,overview,SMW_P1D1_High_TEO_1 (1).png,f02bd96b89490dbf956934114e255e18b75b20bc408ef2f7837dcc77b7ba536a
TEO/SMW_P1D1_High_TEO_2__overview.png,SMW_P1D1_High_TEO_2,overview,SMW_P1D1_High_TEO_2.png,75229420870540ce90cbf59f414fabe93d5d1a26aa6a37dba7e8ab7d1b9786e3
TEO/SMW_P1D1_High_TEO_2__zoom.png,SMW_P1D1_High_TEO_2,zoom,SMW_P1D1_High_TEO_2 (1).png,b47d6187d2ec4ea4ffab08e012bd85ccf1cb1999e062e70e8c3acb86c89f8c3d
TEO/SMW_P1D1_Low_TEO_1__overview.png,SMW_P1D1_Low_TEO_1,overview,SMW_P1D1_Low_TEO_1.png,c3b58373ac96e63193b200783e70af0dffc7a48840ea98c28c4b3f00da9ff179
TEO/SMW_P1D1_Low_TEO_1__zoom.png,SMW_P1D1_Low_TEO_1,zoom,SMW_P1D1_Low_TEO_1 (1).png,51ddac99a32df66129330ec41c72dffac1f0f3348da2fa91e0f2a75c805065e7
TEO/SMW_P1D1_Low_TEO_2__overview.png,SMW_P1D1_Low_TEO_2,overview,SMW_P1D1_Low_TEO_2.png,9ab5f01349f8c8f6a05a5fbb816a6292c6372d733ade708d9626be4ac9d0642a
TEO/SMW_P1D1_Low_TEO_2__zoom.png,SMW_P1D1_Low_TEO_2,zoom,SMW_P1D1_Low_TEO_2 (1).png,286699eedef4acb1c61c69d671489eb00204122827b66efbe94b921b0cfd1f9e
ZAPP1_tagless/SMW_ZAPP_tagless.png,SMW_ZAPP_tagless,intact_mass,SMW_ZAPP_tagless.png,07a1111e73a092fa380d73f256b95a2255b1ae4e9b59cfce987a8d65eb9b7137
