model_file,model_length,ordered_design_length,model_position_1based,model_residue_or_segment,ordered_sequence_residue_or_segment
all_models/design_campaign1__E10.pdb,208,206,1:2,KE,
all_models/design_campaign1__G11.pdb,168,168,124:124,E,Q
all_models/design_campaign1__C11.pdb,205,203,1:1,L,
all_models/design_campaign1__C11.pdb,205,203,205:205,R,
all_models/design_campaign1__B1.pdb,209,209,41:41,L,S
all_models/design_campaign1__A10.pdb,220,220,81:81,L,S
all_models/design_campaign1__D3.pdb,273,273,9:9,K,T
all_models/design_campaign1__F7.pdb,171,171,40:40,E,D
all_models/design_campaign1__F3.pdb,185,185,173:173,E,Q
all_models/design_campaign1__F3.pdb,185,185,176:176,R,Q
all_models/design_campaign1__D7.pdb,158,158,97:97,L,T
all_models/design_campaign1__D7.pdb,158,158,100:100,A,S
all_models/design_campaign1__C4.pdb,154,154,65:65,I,S
all_models/design_campaign1__A6.pdb,171,171,6:6,R,T
