Time	T° 365,445	A1	A2	A3	A4	A5	A6	A7	A8	A9	A10	A11	A12	B1	B2	B3	B4	B5	B6	B7	B8	B9	B10	B11	B12	C1	C2	C3	C4	C5	C6	C7	C8	C9	C10	C11	C12	D1	D2	D3	D4	D5	D6	D7	D8	D9	D10	D11	D12	E1	E2	E3	E4	E5	E6	E7	E8	E9	E10	E11	E12	F1	F2	F3	F4	F5	F6	F7	F8	F9	F10	F11	F12	G1	G2	G3	G4	G5	G6	G7	G8	G9	G10	G11	G12	H1	H2	H3	H4	H5	H6	H7	H8	H9	H10	H11	H12
0:00:06	30	1676	1629	1639	1683	1658	1685	1666	1680	1671	1667	1659	1646	1160	1510	1502	1561	1540	1561	1569	1576	1529	1555	1539	838	1553	1541	1549	1522	1514	889	1572	1984	1541	1537	1519	1555	1563	1530	1557	1499	1520	1593	1584	1676	1534	1519	1496	1550	1585	1515	1530	1553	1533	1788	1558	1548	1534	1531	1500	1458	1601	1531	1550	1498	1552	2744	1547	1546	1517	1516	1501	1582	1478	1487	1472	1518	1607	1525	1624	1523	1510	1515	1503	1402	1535	1478	1531	1485	1583	1557	1488	1565	1478	1491	1498	1502
0:00:27	30	1649	1614	1635	1696	1665	1702	1685	1694	1688	1666	1670	1667	1167	1516	1512	1569	1550	1569	1590	1576	1539	1580	1558	843	1528	1531	1561	1536	1519	902	1611	2145	1572	1553	1545	1585	1528	1533	1600	1509	1523	1598	1594	1740	1558	1540	1523	1573	1569	1496	1530	1556	1548	1859	1599	1563	1548	1542	1525	1480	1553	1512	1532	1490	1549	3160	1556	1548	1526	1527	1505	1597	1482	1447	1462	1517	1658	1542	1640	1522	1523	1530	1535	1424	1525	1450	1538	1483	1603	1566	1496	1567	1482	1506	1516	1517
0:00:48	30.1	1662	1639	1663	1694	1677	1706	1698	1710	1693	1687	1683	1690	1184	1530	1531	1582	1562	1586	1600	1586	1552	1591	1561	851	1543	1545	1578	1549	1544	918	1625	2280	1580	1566	1556	1591	1549	1548	1636	1525	1559	1611	1599	1802	1570	1545	1528	1575	1570	1517	1530	1571	1558	1899	1632	1571	1560	1547	1531	1486	1558	1523	1552	1510	1551	3501	1563	1562	1545	1531	1529	1599	1488	1461	1487	1538	1699	1548	1678	1535	1533	1539	1550	1426	1539	1464	1566	1503	1644	1576	1507	1576	1495	1515	1534	1525
0:01:09	30	1675	1649	1695	1714	1690	1717	1698	1722	1706	1693	1679	1702	1195	1537	1535	1595	1570	1594	1614	1597	1559	1609	1568	873	1570	1551	1591	1555	1550	945	1649	2402	1591	1583	1560	1600	1576	1557	1666	1530	1586	1633	1617	1855	1581	1556	1547	1585	1573	1525	1548	1576	1555	1949	1669	1586	1567	1560	1526	1501	1569	1525	1561	1510	1564	3771	1577	1568	1551	1542	1557	1615	1486	1467	1488	1548	1748	1556	1685	1543	1537	1552	1562	1442	1549	1469	1565	1507	1680	1586	1513	1580	1497	1515	1555	1537
0:01:30	30	1705	1672	1711	1721	1682	1723	1705	1730	1708	1705	1695	1725	1205	1562	1556	1607	1581	1595	1623	1602	1564	1634	1586	902	1603	1568	1590	1562	1555	964	1686	2521	1602	1594	1585	1627	1601	1568	1704	1547	1598	1659	1647	1918	1598	1573	1567	1600	1591	1534	1543	1587	1568	2003	1707	1600	1570	1568	1548	1509	1573	1538	1560	1515	1575	4022	1585	1573	1562	1549	1584	1622	1500	1467	1497	1570	1786	1565	1688	1548	1553	1553	1587	1443	1571	1476	1587	1503	1740	1590	1537	1587	1522	1524	1599	1547
0:01:51	30	1718	1686	1754	1736	1699	1728	1726	1743	1724	1745	1699	1761	1229	1575	1583	1615	1594	1611	1631	1608	1567	1654	1616	922	1627	1587	1635	1560	1575	973	1706	2648	1615	1610	1609	1669	1608	1594	1737	1553	1616	1692	1667	1993	1592	1585	1597	1639	1621	1562	1563	1591	1577	2069	1731	1638	1582	1570	1568	1508	1595	1542	1581	1521	1585	4242	1592	1588	1565	1552	1597	1634	1508	1484	1506	1575	1809	1568	1721	1564	1554	1561	1615	1452	1602	1488	1613	1517	1799	1605	1549	1626	1558	1537	1630	1557
0:02:12	30	1735	1711	1766	1770	1702	1738	1733	1746	1740	1768	1740	1779	1249	1583	1603	1616	1626	1611	1646	1615	1577	1679	1630	938	1646	1595	1662	1576	1603	985	1728	2791	1614	1636	1627	1686	1632	1616	1781	1574	1621	1709	1681	2068	1605	1605	1608	1665	1650	1569	1591	1598	1593	2117	1756	1670	1581	1597	1609	1516	1619	1578	1574	1534	1598	4475	1611	1597	1562	1594	1597	1652	1514	1509	1516	1584	1870	1584	1756	1595	1580	1576	1647	1459	1613	1512	1632	1528	1835	1598	1594	1652	1589	1572	1649	1565
0:02:33	30	1751	1729	1788	1792	1714	1775	1728	1791	1779	1780	1776	1805	1262	1603	1617	1654	1627	1626	1646	1621	1619	1698	1646	936	1659	1623	1682	1610	1626	984	1771	2940	1653	1663	1639	1700	1639	1629	1820	1612	1637	1715	1698	2125	1623	1635	1626	1685	1654	1596	1617	1605	1608	2187	1782	1685	1633	1625	1608	1532	1645	1593	1590	1558	1596	4706	1649	1633	1607	1616	1618	1692	1519	1520	1541	1593	1936	1595	1770	1625	1613	1616	1689	1467	1623	1533	1662	1564	1856	1623	1618	1672	1588	1592	1659	1596
0:02:54	30	1762	1729	1796	1796	1748	1807	1773	1824	1810	1787	1795	1803	1271	1612	1625	1673	1653	1662	1669	1662	1649	1707	1653	952	1668	1637	1707	1633	1646	989	1813	3077	1681	1690	1645	1717	1651	1643	1875	1618	1645	1723	1710	2155	1648	1664	1623	1688	1654	1601	1638	1629	1631	2220	1795	1697	1644	1643	1618	1556	1665	1615	1630	1577	1603	4896	1677	1661	1631	1639	1621	1724	1558	1540	1568	1605	1977	1604	1775	1645	1641	1642	1703	1475	1640	1547	1677	1581	1884	1653	1637	1678	1601	1611	1668	1633
0:03:15	30	1782	1735	1817	1809	1771	1816	1795	1835	1817	1821	1806	1813	1273	1618	1629	1681	1671	1677	1705	1688	1655	1703	1663	950	1670	1679	1719	1644	1645	995	1842	3197	1684	1697	1646	1715	1662	1651	1905	1637	1661	1741	1708	2221	1670	1656	1631	1703	1669	1609	1640	1658	1656	2274	1819	1714	1662	1654	1629	1585	1665	1626	1646	1599	1640	5052	1687	1682	1648	1649	1623	1745	1577	1553	1591	1645	2007	1635	1794	1650	1646	1652	1722	1497	1657	1553	1677	1597	1914	1686	1646	1678	1607	1610	1690	1653
0:03:36	30	1787	1747	1818	1826	1796	1839	1820	1857	1839	1807	1803	1821	1280	1631	1649	1696	1682	1698	1709	1708	1675	1707	1661	955	1679	1689	1737	1660	1654	999	1877	3299	1706	1691	1649	1735	1669	1665	1929	1656	1662	1738	1717	2257	1679	1665	1636	1721	1676	1620	1655	1675	1668	2312	1833	1725	1668	1667	1642	1609	1671	1637	1659	1618	1665	5194	1697	1679	1665	1652	1633	1756	1599	1552	1604	1667	2031	1659	1798	1656	1658	1658	1746	1519	1660	1560	1690	1615	1936	1709	1655	1685	1619	1626	1702	1671
0:03:57	30	1791	1755	1829	1823	1801	1848	1834	1870	1842	1823	1813	1830	1283	1635	1665	1709	1683	1706	1722	1715	1685	1724	1677	951	1693	1706	1754	1671	1669	997	1909	3401	1714	1717	1660	1744	1676	1673	1963	1660	1671	1753	1721	2311	1689	1682	1642	1721	1687	1627	1659	1685	1678	2371	1857	1720	1677	1682	1649	1616	1686	1644	1669	1618	1683	5323	1709	1694	1665	1654	1648	1760	1614	1563	1605	1688	2056	1671	1808	1663	1668	1662	1749	1543	1665	1563	1710	1619	1958	1707	1658	1697	1618	1625	1721	1684
0:04:18	30.1	1795	1764	1850	1829	1813	1840	1828	1879	1850	1831	1814	1843	1286	1646	1670	1726	1680	1713	1731	1732	1685	1732	1690	965	1706	1723	1765	1677	1677	1002	1929	3517	1718	1725	1676	1758	1690	1678	1994	1667	1677	1759	1733	2348	1705	1681	1656	1731	1692	1633	1662	1693	1686	2411	1873	1740	1686	1689	1669	1626	1698	1644	1681	1627	1688	5425	1721	1700	1682	1666	1651	1765	1610	1564	1618	1692	2084	1679	1820	1673	1682	1676	1778	1545	1674	1568	1705	1635	1985	1723	1673	1698	1634	1638	1734	1695
0:04:39	29.9	1806	1770	1857	1842	1825	1870	1839	1895	1857	1838	1829	1851	1280	1651	1668	1723	1691	1735	1736	1731	1695	1738	1694	964	1715	1728	1776	1686	1688	1010	1956	3626	1728	1733	1685	1766	1695	1690	2015	1669	1693	1759	1743	2382	1716	1699	1660	1742	1692	1635	1673	1699	1705	2444	1891	1730	1702	1685	1668	1650	1695	1657	1690	1621	1701	5546	1726	1713	1690	1671	1663	1788	1622	1579	1633	1713	2109	1693	1836	1682	1678	1688	1794	1543	1688	1572	1716	1627	2004	1727	1687	1717	1639	1645	1757	1706
0:05:00	30	1811	1767	1874	1855	1831	1865	1857	1904	1864	1858	1838	1869	1285	1653	1688	1739	1688	1736	1747	1746	1694	1750	1697	965	1724	1752	1801	1700	1695	1012	1982	3716	1733	1736	1697	1776	1703	1697	2021	1683	1687	1777	1734	2414	1728	1696	1677	1765	1705	1650	1684	1706	1704	2478	1903	1743	1709	1701	1675	1663	1713	1661	1692	1646	1708	5650	1731	1712	1684	1680	1669	1795	1629	1588	1635	1727	2127	1697	1831	1687	1687	1701	1799	1555	1694	1580	1725	1639	2033	1734	1695	1728	1655	1655	1769	1721
0:05:21	30	1820	1784	1881	1866	1830	1874	1872	1909	1871	1859	1841	1879	1298	1666	1688	1744	1704	1747	1759	1753	1709	1756	1708	973	1728	1762	1810	1714	1704	1010	2003	3813	1742	1755	1687	1774	1712	1708	2051	1696	1699	1771	1755	2478	1729	1731	1678	1770	1719	1658	1691	1728	1712	2515	1916	1760	1717	1713	1689	1665	1725	1671	1703	1647	1707	5760	1741	1717	1695	1699	1676	1800	1641	1584	1650	1726	2154	1704	1850	1694	1702	1702	1826	1563	1697	1593	1742	1653	2060	1744	1711	1732	1661	1657	1785	1736
0:05:42	30	1816	1793	1890	1868	1847	1893	1868	1930	1890	1870	1852	1889	1301	1671	1688	1752	1708	1767	1765	1764	1709	1769	1709	980	1740	1774	1819	1710	1704	1015	2014	3920	1756	1763	1702	1800	1716	1727	2083	1701	1712	1775	1765	2508	1738	1722	1682	1777	1716	1653	1692	1738	1723	2551	1951	1762	1734	1720	1697	1678	1737	1665	1708	1655	1718	5861	1746	1720	1710	1691	1689	1821	1643	1590	1654	1743	2169	1708	1858	1698	1707	1709	1838	1571	1705	1599	1751	1660	2066	1746	1729	1747	1670	1668	1795	1748
0:06:03	30	1830	1799	1887	1865	1852	1895	1875	1933	1893	1887	1872	1908	1307	1668	1706	1759	1715	1764	1759	1771	1717	1788	1719	982	1738	1788	1830	1723	1726	1022	2042	4000	1760	1781	1710	1796	1720	1722	2090	1703	1711	1782	1765	2545	1749	1744	1691	1801	1733	1671	1710	1733	1736	2591	1957	1780	1738	1734	1703	1692	1739	1685	1716	1660	1727	5969	1766	1741	1706	1699	1690	1830	1654	1598	1660	1761	2208	1715	1873	1710	1710	1729	1859	1583	1728	1599	1759	1669	2097	1769	1739	1755	1676	1678	1812	1760
0:06:24	30	1826	1812	1917	1880	1861	1905	1880	1948	1893	1896	1875	1918	1305	1675	1714	1760	1720	1783	1771	1781	1728	1792	1729	988	1754	1804	1839	1726	1720	1029	2063	4095	1764	1788	1711	1806	1721	1730	2128	1710	1723	1798	1783	2578	1750	1738	1689	1796	1749	1666	1706	1747	1727	2644	1977	1784	1740	1731	1706	1700	1756	1700	1724	1676	1733	6057	1772	1736	1726	1708	1696	1840	1674	1604	1677	1762	2220	1724	1889	1717	1720	1735	1870	1589	1732	1612	1775	1679	2105	1773	1748	1774	1698	1683	1830	1780
0:06:45	30	1842	1805	1925	1884	1870	1904	1894	1959	1910	1899	1878	1925	1313	1687	1709	1756	1727	1782	1777	1784	1730	1787	1724	1001	1754	1807	1870	1732	1734	1031	2094	4156	1776	1796	1721	1821	1742	1730	2137	1729	1730	1797	1780	2620	1767	1754	1702	1813	1753	1681	1709	1753	1740	2673	2003	1798	1754	1738	1713	1709	1752	1700	1736	1669	1743	6158	1780	1746	1741	1709	1709	1854	1674	1610	1683	1769	2248	1734	1889	1721	1726	1737	1892	1593	1746	1612	1794	1691	2131	1787	1765	1777	1693	1695	1846	1787
0:07:06	30	1844	1819	1945	1887	1866	1917	1905	1969	1923	1900	1892	1932	1324	1687	1737	1774	1738	1785	1788	1794	1732	1805	1726	995	1769	1823	1871	1741	1739	1035	2106	4268	1787	1805	1730	1828	1749	1746	2166	1728	1736	1806	1789	2650	1766	1759	1709	1818	1760	1693	1720	1760	1740	2713	2005	1811	1774	1744	1727	1716	1763	1704	1744	1680	1757	6247	1789	1760	1739	1732	1713	1862	1679	1615	1703	1790	2261	1742	1905	1738	1740	1752	1909	1599	1748	1628	1793	1690	2147	1790	1778	1770	1706	1700	1859	1795
0:07:27	30	1859	1819	1947	1902	1883	1920	1908	1968	1926	1923	1891	1955	1325	1698	1744	1782	1734	1798	1796	1807	1739	1804	1746	1005	1785	1834	1878	1748	1752	1036	2138	4361	1795	1820	1733	1836	1760	1761	2178	1732	1746	1818	1797	2687	1778	1768	1712	1821	1765	1699	1732	1771	1744	2767	2032	1826	1762	1760	1732	1731	1771	1705	1750	1683	1759	6361	1787	1765	1752	1742	1726	1879	1692	1617	1705	1805	2279	1755	1913	1740	1754	1762	1933	1612	1769	1630	1814	1703	2159	1796	1782	1789	1719	1706	1871	1817
0:07:48	30	1863	1825	1972	1906	1897	1945	1914	1993	1930	1925	1897	1946	1344	1703	1737	1789	1737	1810	1793	1814	1727	1812	1757	1013	1794	1843	1900	1757	1750	1049	2147	4427	1797	1823	1747	1849	1769	1768	2196	1738	1750	1820	1808	2711	1781	1770	1734	1847	1774	1691	1736	1784	1763	2802	2052	1831	1778	1748	1745	1739	1779	1712	1757	1690	1775	6423	1789	1771	1755	1737	1738	1888	1707	1613	1718	1814	2301	1758	1923	1758	1767	1765	1939	1615	1781	1640	1817	1713	2173	1826	1800	1796	1721	1719	1874	1826
0:08:09	30	1871	1834	1983	1913	1890	1933	1919	1999	1935	1934	1907	1970	1346	1703	1749	1790	1741	1801	1805	1815	1755	1821	1765	1011	1804	1858	1910	1761	1758	1050	2178	4500	1797	1828	1749	1873	1772	1768	2207	1754	1758	1825	1813	2745	1798	1780	1736	1848	1799	1702	1746	1784	1761	2839	2057	1837	1785	1772	1753	1750	1785	1729	1766	1703	1787	6466	1807	1778	1774	1753	1734	1897	1707	1632	1721	1814	2312	1773	1936	1752	1784	1779	1958	1616	1788	1651	1823	1728	2190	1829	1813	1801	1737	1738	1902	1839
0:08:30	30.1	1875	1847	1989	1921	1910	1940	1923	2015	1958	1942	1911	1977	1346	1715	1763	1801	1753	1814	1805	1829	1758	1834	1772	1027	1809	1865	1934	1764	1771	1048	2203	4578	1813	1852	1757	1884	1786	1779	2227	1762	1765	1834	1823	2779	1801	1791	1735	1856	1800	1710	1746	1790	1766	2885	2089	1855	1794	1774	1752	1754	1806	1727	1778	1705	1791	6568	1814	1780	1781	1761	1749	1917	1718	1631	1735	1826	2328	1773	1947	1766	1790	1791	1973	1622	1796	1648	1843	1744	2206	1850	1824	1809	1731	1743	1912	1851
0:08:51	30	1888	1854	1999	1930	1908	1960	1923	2018	1960	1948	1921	1991	1352	1721	1777	1801	1752	1824	1819	1823	1762	1845	1784	1033	1825	1879	1942	1776	1774	1057	2230	4646	1817	1862	1761	1887	1789	1789	2252	1763	1779	1847	1825	2822	1802	1797	1756	1887	1794	1730	1756	1800	1772	2929	2100	1858	1806	1787	1775	1766	1808	1734	1784	1704	1795	6621	1817	1781	1789	1762	1753	1916	1728	1656	1748	1849	2344	1778	1957	1769	1797	1793	1984	1638	1805	1669	1854	1740	2225	1855	1828	1810	1750	1751	1925	1865
0:09:12	30.1	1891	1856	2008	1937	1921	1968	1945	2028	1967	1967	1932	1998	1358	1738	1788	1803	1769	1830	1828	1851	1777	1844	1788	1047	1831	1891	1949	1778	1789	1061	2251	4746	1816	1858	1763	1883	1796	1791	2267	1766	1781	1848	1835	2828	1820	1807	1761	1892	1811	1725	1762	1806	1773	2957	2106	1879	1805	1790	1787	1787	1808	1740	1787	1710	1797	6713	1822	1800	1802	1775	1762	1933	1736	1651	1746	1853	2354	1790	1968	1776	1804	1813	2007	1639	1814	1665	1870	1760	2233	1860	1854	1821	1757	1770	1931	1888
0:09:33	30	1902	1872	2027	1954	1929	1967	1948	2030	1981	1991	1934	2004	1364	1735	1788	1817	1775	1833	1828	1839	1770	1852	1794	1056	1834	1914	1970	1783	1794	1058	2264	4809	1834	1879	1784	1887	1807	1806	2277	1771	1796	1864	1844	2875	1820	1813	1773	1895	1814	1730	1769	1811	1790	3006	2127	1879	1818	1805	1796	1789	1823	1746	1798	1719	1816	6763	1828	1802	1804	1776	1766	1952	1746	1653	1757	1877	2386	1800	1979	1793	1820	1820	2026	1642	1820	1670	1885	1771	2251	1864	1862	1830	1763	1772	1945	1903
0:09:54	30	1912	1873	2041	1954	1929	1983	1959	2040	1994	1987	1940	2031	1371	1741	1805	1825	1773	1837	1838	1857	1779	1865	1802	1051	1851	1923	1979	1799	1797	1067	2293	4870	1838	1873	1783	1913	1812	1806	2300	1788	1798	1875	1849	2893	1822	1817	1771	1904	1830	1742	1769	1815	1799	3044	2147	1893	1832	1815	1812	1802	1825	1747	1807	1726	1808	6841	1837	1810	1816	1800	1779	1960	1752	1665	1771	1880	2395	1801	1964	1807	1828	1834	2030	1656	1843	1674	1885	1769	2275	1877	1868	1836	1772	1788	1963	1917
0:10:15	30	1917	1872	2057	1956	1932	1977	1966	2062	2006	1994	1946	2047	1378	1754	1806	1832	1780	1840	1828	1863	1787	1885	1797	1065	1860	1929	1997	1806	1808	1068	2321	4976	1851	1893	1796	1916	1826	1816	2317	1796	1813	1875	1856	2923	1837	1830	1779	1910	1831	1745	1790	1820	1809	3087	2163	1900	1827	1806	1816	1813	1841	1754	1817	1726	1819	6949	1850	1814	1815	1789	1792	1961	1769	1668	1777	1886	2423	1822	1990	1803	1837	1834	2048	1648	1850	1684	1889	1793	2284	1887	1885	1854	1782	1786	1963	1928
0:10:36	30	1925	1882	2066	1979	1944	1990	1986	2068	2005	2009	1956	2058	1382	1758	1815	1836	1794	1854	1850	1865	1790	1892	1819	1075	1869	1951	2020	1804	1817	1069	2339	5013	1856	1904	1803	1923	1832	1815	2322	1807	1817	1885	1870	2971	1837	1835	1791	1920	1829	1754	1787	1832	1806	3118	2188	1909	1848	1827	1821	1842	1848	1762	1826	1739	1836	7002	1864	1821	1836	1804	1793	1967	1765	1668	1786	1900	2412	1831	1997	1815	1845	1848	2057	1653	1851	1695	1896	1783	2303	1906	1888	1852	1789	1801	1987	1935
0:10:57	30	1945	1894	2074	1967	1950	2008	1980	2078	2016	2010	1958	2060	1377	1772	1825	1846	1800	1854	1848	1878	1801	1896	1821	1068	1885	1953	2028	1809	1823	1080	2362	5071	1859	1914	1816	1930	1846	1829	2353	1808	1825	1891	1878	2994	1836	1844	1792	1939	1832	1760	1792	1838	1819	3166	2205	1921	1852	1827	1833	1848	1851	1776	1824	1736	1838	7065	1872	1823	1842	1810	1817	1987	1776	1674	1789	1911	2461	1836	2010	1827	1852	1857	2087	1672	1866	1692	1905	1806	2307	1910	1895	1872	1796	1804	1994	1963
0:11:18	30	1941	1898	2104	1976	1950	2006	1988	2077	2024	2013	1973	2069	1386	1777	1841	1858	1812	1856	1863	1898	1805	1903	1836	1081	1898	1963	2040	1813	1828	1086	2393	5136	1880	1934	1821	1943	1848	1840	2349	1818	1844	1901	1878	3025	1843	1868	1798	1934	1832	1763	1805	1835	1831	3199	2201	1928	1843	1831	1836	1854	1863	1778	1828	1750	1837	7143	1875	1822	1839	1827	1825	2009	1777	1685	1799	1926	2471	1846	2006	1835	1853	1871	2103	1676	1862	1705	1915	1814	2325	1931	1905	1879	1812	1821	2016	1971
0:11:39	30	1940	1896	2105	1975	1966	2009	1999	2093	2026	2021	1973	2091	1394	1776	1843	1859	1808	1868	1861	1889	1817	1917	1837	1088	1909	1979	2058	1826	1845	1089	2414	5187	1878	1927	1832	1943	1857	1850	2374	1824	1850	1898	1902	3043	1862	1860	1810	1930	1855	1779	1811	1849	1838	3243	2225	1939	1851	1845	1845	1867	1866	1782	1838	1746	1840	7218	1879	1843	1847	1819	1830	2009	1790	1684	1820	1942	2490	1857	2029	1836	1863	1873	2109	1681	1873	1712	1926	1815	2341	1945	1911	1877	1810	1831	2026	1991
0:12:00	30	1964	1917	2123	1997	1976	2008	2002	2100	2044	2039	1979	2087	1405	1792	1861	1863	1817	1869	1872	1906	1825	1929	1833	1091	1910	1993	2066	1830	1855	1086	2435	5302	1889	1931	1848	1947	1867	1859	2389	1830	1859	1913	1910	3064	1861	1871	1820	1936	1861	1776	1815	1854	1826	3282	2253	1956	1870	1845	1853	1869	1870	1787	1841	1748	1853	7289	1887	1843	1865	1835	1842	2031	1802	1689	1821	1945	2511	1858	2037	1848	1876	1878	2119	1691	1885	1712	1932	1820	2352	1951	1919	1900	1826	1829	2027	1999
0:12:21	30.1	1976	1925	2150	1998	1976	2027	2007	2129	2048	2048	1997	2104	1407	1795	1869	1878	1824	1862	1887	1940	1825	1932	1848	1101	1916	1996	2088	1852	1867	1096	2462	5334	1898	1955	1849	1962	1879	1865	2399	1846	1858	1914	1916	3120	1874	1889	1832	1961	1859	1787	1816	1867	1850	3315	2268	1962	1858	1860	1862	1883	1879	1793	1836	1760	1855	7353	1895	1861	1877	1845	1860	2026	1806	1699	1828	1965	2521	1876	2050	1860	1878	1895	2133	1684	1893	1719	1939	1838	2376	1960	1931	1900	1833	1846	2046	2018
0:12:42	30	1976	1932	2151	2003	1985	2028	2009	2125	2049	2047	1985	2124	1415	1800	1882	1883	1834	1885	1884	1899	1826	1944	1855	1114	1932	2003	2097	1846	1873	1097	2493	5395	1905	1958	1847	1977	1880	1874	2416	1846	1888	1929	1930	3135	1883	1885	1832	1965	1866	1791	1826	1871	1846	3357	2294	1983	1873	1853	1875	1898	1886	1797	1844	1769	1864	7397	1903	1856	1879	1853	1847	2049	1806	1699	1837	1962	2527	1881	2054	1861	1902	1911	2156	1700	1902	1734	1959	1836	2393	1973	1934	1916	1844	1850	2055	2033
0:13:03	30	1984	1942	2160	2015	1997	2042	2022	2133	2068	2062	2005	2130	1424	1809	1893	1890	1842	1893	1893	1911	1842	1952	1843	1114	1936	2021	2119	1856	1889	1097	2517	5469	1907	1980	1863	1987	1897	1881	2431	1852	1886	1936	1924	3164	1880	1906	1841	1969	1870	1798	1833	1874	1868	3388	2313	1988	1876	1871	1890	1897	1897	1801	1847	1779	1864	7488	1909	1873	1887	1851	1864	2049	1823	1707	1846	1977	2568	1877	2070	1871	1902	1914	2162	1706	1909	1740	1967	1842	2407	1976	1948	1918	1857	1859	2079	2047
0:13:24	30	1993	1954	2185	2017	1989	2055	2033	2134	2079	2069	2020	2144	1425	1809	1902	1893	1847	1896	1904	1924	1847	1957	1866	1124	1951	2032	2121	1860	1885	1107	2546	5537	1920	1983	1866	1998	1910	1897	2459	1866	1890	1945	1944	3200	1887	1906	1847	1986	1883	1818	1849	1883	1871	3424	2322	1997	1896	1875	1900	1905	1898	1813	1850	1784	1860	7549	1928	1886	1887	1862	1873	2068	1818	1714	1855	1996	2573	1892	2073	1883	1909	1917	2184	1705	1919	1727	1977	1850	2418	1978	1952	1930	1860	1870	2066	2055
0:13:45	30	2003	1955	2199	2028	2006	2049	2043	2143	2086	2077	2024	2149	1435	1819	1919	1897	1852	1920	1911	1927	1858	1956	1889	1132	1956	2049	2141	1870	1886	1115	2564	5598	1932	1995	1886	2004	1913	1901	2469	1873	1907	1959	1954	3228	1898	1905	1854	1998	1892	1810	1848	1889	1884	3461	2333	2010	1903	1885	1904	1918	1895	1830	1868	1778	1877	7664	1928	1892	1896	1876	1886	2077	1825	1722	1861	2006	2581	1896	2080	1881	1925	1934	2185	1715	1933	1741	1978	1860	2433	1991	1973	1954	1880	1883	2084	2074
0:14:06	30	2024	1959	2211	2031	2010	2059	2045	2160	2088	2094	2028	2168	1445	1825	1928	1905	1856	1906	1920	1958	1873	1983	1885	1144	1970	2071	2149	1877	1899	1112	2577	5656	1943	2008	1883	2005	1921	1911	2480	1883	1915	1972	1965	3266	1900	1916	1857	2006	1901	1822	1859	1901	1888	3526	2366	2025	1910	1901	1914	1929	1910	1839	1873	1793	1883	7702	1937	1876	1907	1893	1889	2097	1832	1733	1866	2004	2595	1902	2097	1885	1932	1941	2210	1718	1948	1748	1991	1857	2447	1999	1972	1952	1878	1889	2097	2081
0:14:27	30	2024	1970	2208	2044	2020	2061	2054	2169	2097	2082	2034	2180	1443	1835	1925	1911	1867	1925	1921	1946	1884	1989	1895	1147	1972	2070	2164	1890	1913	1119	2608	5717	1940	1993	1906	2018	1926	1923	2496	1889	1903	1983	1975	3281	1914	1927	1868	2022	1911	1834	1871	1903	1896	3535	2370	2024	1920	1908	1926	1939	1919	1838	1885	1797	1890	7760	1939	1892	1911	1879	1899	2096	1842	1745	1879	2022	2604	1911	2101	1897	1938	1951	2211	1725	1940	1743	2004	1872	2459	2006	1981	1956	1884	1904	2110	2094
0:14:48	30	2033	1985	2238	2051	2021	2069	2075	2197	2116	2102	2046	2172	1455	1841	1954	1916	1878	1928	1936	1947	1900	1988	1891	1153	1989	2101	2177	1895	1928	1126	2634	5801	1957	2018	1909	2021	1942	1934	2516	1894	1931	1986	1987	3309	1910	1927	1879	2037	1909	1839	1874	1920	1900	3582	2398	2037	1915	1908	1927	1952	1925	1851	1897	1813	1895	7800	1953	1902	1919	1891	1912	2123	1832	1743	1886	2033	2631	1912	2115	1913	1968	1958	2231	1726	1951	1741	2018	1875	2456	2007	1990	1968	1881	1908	2120	2107
0:15:09	30	2051	1985	2249	2071	2038	2082	2076	2198	2124	2116	2048	2190	1466	1848	1957	1935	1887	1942	1941	1960	1909	2003	1912	1148	2001	2097	2190	1910	1939	1132	2663	5851	1961	2025	1922	2041	1954	1949	2537	1913	1940	1999	1992	3354	1935	1947	1880	2032	1930	1843	1882	1922	1911	3620	2399	2043	1935	1913	1949	1965	1936	1859	1899	1811	1904	7867	1949	1917	1923	1895	1911	2124	1845	1747	1888	2045	2639	1921	2123	1920	1958	1963	2246	1735	1953	1748	2018	1883	2487	2021	2009	1974	1894	1909	2121	2106
0:15:30	30	2050	1998	2259	2065	2042	2088	2064	2206	2130	2129	2061	2200	1464	1859	1973	1951	1897	1951	1944	1974	1915	2008	1912	1142	2006	2119	2210	1914	1941	1130	2671	5898	1972	2039	1926	2048	1954	1955	2533	1927	1943	2015	1995	3378	1936	1951	1886	2031	1934	1839	1888	1928	1916	3650	2428	2067	1938	1921	1956	1988	1941	1854	1900	1825	1910	7900	1961	1921	1929	1909	1929	2129	1852	1757	1904	2060	2677	1924	2134	1920	1968	1986	2266	1742	1950	1765	2028	1889	2500	2030	2010	1996	1920	1923	2146	2133
0:15:51	30.1	2069	1994	2272	2073	2051	2096	2078	2225	2135	2141	2069	2212	1467	1865	1973	1955	1907	1950	1948	1991	1924	2017	1921	1160	2010	2132	2227	1918	1948	1137	2702	5972	1964	2045	1925	2041	1962	1967	2554	1932	1956	2021	2012	3402	1941	1948	1888	2052	1937	1862	1901	1940	1927	3704	2453	2070	1948	1945	1965	1974	1942	1865	1912	1838	1919	8000	1977	1921	1943	1919	1931	2145	1852	1754	1908	2054	2680	1942	2141	1936	1981	1993	2270	1760	1964	1763	2039	1899	2525	2039	2030	2000	1933	1924	2162	2139
0:16:12	30	2076	2008	2293	2084	2058	2098	2090	2228	2146	2148	2081	2222	1481	1870	1984	1961	1908	1972	1968	1990	1936	2019	1932	1157	2037	2134	2241	1929	1955	1143	2736	5986	1995	2051	1942	2067	1981	1974	2561	1939	1964	2033	2009	3431	1938	1954	1902	2056	1950	1874	1896	1946	1934	3727	2460	2084	1961	1935	1977	1974	1943	1879	1925	1840	1930	8017	1981	1930	1939	1920	1946	2156	1862	1762	1925	2068	2692	1940	2150	1941	1985	1992	2289	1759	1973	1769	2039	1912	2541	2056	2043	2000	1944	1940	2179	2164
0:16:33	30.1	2091	2016	2305	2091	2075	2116	2100	2229	2156	2146	2093	2225	1487	1881	1995	1969	1916	1963	1961	1991	1944	2043	1945	1166	2034	2169	2241	1925	1961	1148	2755	6069	2001	2083	1948	2079	1990	1987	2590	1950	1982	2036	2027	3464	1961	1977	1904	2062	1953	1873	1906	1951	1949	3771	2487	2104	1964	1958	1977	1991	1962	1880	1918	1853	1926	8080	1980	1931	1953	1936	1949	2170	1871	1776	1929	2078	2701	1947	2166	1949	2001	1997	2307	1769	1973	1778	2045	1912	2548	2043	2034	2016	1957	1951	2192	2179
0:16:54	30	2096	2031	2329	2102	2068	2116	2112	2247	2162	2150	2084	2224	1490	1880	2001	1974	1920	1970	1982	2004	1956	2044	1947	1169	2049	2173	2261	1943	1973	1156	2779	6113	2020	2073	1958	2085	1993	1986	2596	1966	1986	2049	2024	3519	1957	1983	1918	2070	1961	1884	1911	1960	1955	3814	2497	2118	1975	1965	1986	1997	1970	1888	1941	1855	1931	8110	1992	1951	1968	1954	1954	2176	1868	1782	1938	2077	2730	1964	2168	1969	2005	2017	2312	1777	1995	1783	2057	1921	2559	2059	2055	2032	1969	1958	2203	2179
0:17:15	30.1	2109	2033	2335	2116	2086	2133	2096	2263	2164	2167	2097	2234	1502	1890	2021	1972	1926	1988	1984	2018	1965	2057	1960	1170	2063	2172	2276	1946	1973	1156	2803	6163	2023	2072	1972	2100	2008	2008	2615	1962	1990	2056	2050	3538	1982	1995	1922	2085	1971	1893	1913	1954	1964	3833	2517	2133	1983	1965	1991	2011	1980	1897	1941	1856	1948	8151	2002	1957	1964	1931	1960	2188	1885	1794	1946	2098	2734	1961	2179	1968	1999	2015	2333	1779	1994	1794	2084	1921	2570	2078	2067	2037	1977	1960	2220	2187
0:17:36	30	2104	2039	2354	2122	2085	2134	2111	2255	2177	2172	2118	2247	1511	1896	2026	1984	1941	1988	1982	2026	1974	2060	1956	1174	2071	2189	2291	1948	1995	1163	2834	6215	2023	2086	1975	2106	2018	2016	2620	1975	2008	2064	2060	3564	1978	1999	1931	2091	1974	1904	1934	1985	1976	3869	2528	2119	1980	1968	2007	2014	1984	1901	1953	1861	1958	8290	2012	1960	1979	1943	1985	2188	1891	1808	1940	2110	2742	1968	2193	1973	2015	2031	2341	1789	2008	1797	2086	1932	2596	2091	2080	2049	1988	1976	2231	2215
0:17:57	30	2121	2039	2359	2129	2103	2153	2119	2267	2196	2179	2126	2260	1518	1909	2035	1991	1949	1996	2001	2019	1989	2066	1969	1184	2095	2201	2305	1973	2002	1167	2846	6247	2031	2102	1988	2106	2041	2021	2644	1980	2018	2068	2066	3597	1991	2012	1948	2113	1984	1915	1937	1983	1997	3941	2530	2144	1999	1977	2017	2038	1992	1910	1961	1873	1948	8304	2028	1958	1981	1955	1982	2208	1907	1808	1962	2113	2768	1974	2194	1994	2021	2053	2336	1803	2002	1801	2087	1949	2606	2080	2090	2051	2010	1989	2244	2219
0:18:18	30	2124	2064	2394	2135	2115	2150	2134	2295	2199	2180	2136	2268	1516	1918	2053	1998	1971	2011	2003	2040	1990	2072	1971	1181	2107	2216	2319	1977	2019	1173	2874	6313	2045	2111	1997	2119	2045	2033	2658	1990	2024	2078	2073	3609	1997	2012	1949	2117	1987	1929	1950	1999	2004	3935	2569	2147	1997	1980	2015	2024	2004	1921	1959	1886	1976	8321	2036	1971	1987	1974	1979	2212	1902	1807	1967	2133	2782	1985	2208	2002	2027	2039	2365	1800	2031	1821	2104	1952	2600	2091	2099	2059	2019	1996	2257	2219
0:18:39	30	2142	2076	2397	2137	2115	2162	2141	2300	2194	2188	2131	2272	1521	1928	2055	2016	1967	2017	2008	2052	1983	2092	1982	1191	2118	2224	2330	1983	2024	1179	2885	6366	2050	2111	1991	2122	2050	2038	2669	1993	2035	2093	2078	3636	2015	2022	1965	2110	1991	1921	1954	2008	2019	3982	2577	2163	2006	1996	2028	2031	2006	1922	1971	1891	1982	8389	2045	1976	2001	1983	1996	2234	1906	1817	1977	2144	2797	1985	2212	1999	2055	2053	2365	1798	2036	1813	2097	1962	2613	2103	2120	2069	2039	2007	2264	2240
0:19:00	30	2137	2083	2410	2158	2123	2162	2141	2310	2216	2202	2151	2300	1523	1937	2064	2020	1974	2028	2028	2047	1998	2103	1997	1197	2129	2233	2346	1988	2022	1177	2920	6396	2066	2138	2004	2139	2051	2042	2674	2004	2041	2090	2090	3656	2005	2034	1958	2131	2002	1923	1963	2007	2015	4031	2599	2166	2024	1996	2048	2054	2012	1949	1979	1894	1982	8437	2049	1991	2006	1993	2002	2235	1920	1825	1993	2150	2827	1993	2242	2011	2047	2067	2378	1808	2041	1837	2123	1971	2636	2121	2130	2079	2042	2001	2288	2240
0:19:21	30	2145	2099	2440	2148	2138	2174	2166	2324	2219	2213	2162	2296	1534	1949	2073	2024	1992	2029	2028	2053	2004	2101	2001	1200	2137	2250	2354	1983	2038	1183	2946	6442	2082	2140	2012	2144	2063	2054	2692	2010	2051	2101	2091	3680	2023	2037	1970	2150	2018	1930	1973	2013	2030	4067	2613	2178	2028	2011	2053	2063	2022	1936	1990	1909	1992	8528	2049	1988	2018	1990	2009	2247	1919	1823	1999	2160	2829	2009	2250	2021	2058	2073	2397	1813	2048	1818	2127	1980	2651	2131	2139	2105	2057	2013	2306	2274
0:19:42	30	2143	2109	2464	2159	2138	2194	2170	2318	2219	2206	2166	2313	1558	1951	2083	2039	2004	2035	2040	2065	2015	2118	2006	1200	2145	2271	2382	2007	2051	1190	2954	6522	2082	2151	2015	2175	2075	2073	2699	2030	2044	2115	2113	3708	2025	2050	1973	2151	2024	1957	1977	2016	2029	4113	2637	2185	2034	2012	2062	2072	2033	1956	2001	1924	2008	8567	2066	1994	2022	2009	2021	2258	1933	1832	2002	2158	2835	2011	2253	2036	2072	2092	2398	1818	2058	1849	2137	1992	2656	2151	2147	2104	2068	2016	2319	2259
0:20:03	30	2168	2114	2453	2180	2142	2206	2176	2346	2233	2232	2163	2321	1568	1959	2099	2048	2010	2050	2041	2077	2014	2128	2014	1211	2148	2276	2392	2016	2058	1192	2991	6556	2094	2166	2023	2172	2075	2074	2720	2038	2072	2123	2120	3735	2041	2057	1989	2169	2029	1956	1994	2037	2036	4164	2639	2209	2041	2027	2052	2083	2029	1959	2012	1936	2007	8620	2076	2018	2025	2023	2025	2281	1934	1840	2020	2175	2866	2020	2264	2039	2081	2092	2402	1827	2066	1842	2148	2000	2672	2159	2158	2127	2074	2029	2321	2292
0:20:24	30	2188	2129	2487	2177	2156	2197	2188	2350	2252	2242	2184	2323	1575	1964	2107	2049	2024	2056	2052	2092	2018	2133	2036	1211	2156	2288	2413	2017	2060	1195	2998	6601	2100	2172	2031	2180	2089	2082	2740	2035	2069	2127	2141	3756	2039	2065	1990	2172	2030	1969	1998	2043	2044	4201	2663	2206	2060	2037	2073	2090	2047	1983	2017	1939	2016	8652	2079	2016	2036	2022	2027	2296	1947	1841	2032	2188	2868	2031	2276	2052	2076	2105	2412	1817	2076	1851	2149	2010	2689	2174	2164	2122	2076	2038	2336	2305
0:20:45	30	2186	2128	2494	2191	2174	2216	2201	2358	2251	2234	2199	2335	1594	1974	2108	2059	2038	2055	2058	2101	2022	2142	2027	1220	2167	2294	2429	2021	2083	1200	3048	6672	2099	2181	2049	2188	2093	2083	2737	2054	2077	2133	2141	3792	2055	2070	2008	2190	2053	1959	2002	2047	2057	4235	2658	2215	2067	2043	2084	2101	2049	1992	2015	1945	2025	8696	2088	2022	2047	2025	2052	2304	1944	1852	2049	2183	2874	2041	2293	2068	2093	2105	2436	1827	2069	1860	2164	2000	2692	2189	2177	2140	2094	2039	2339	2305
0:21:06	30	2183	2142	2506	2194	2177	2231	2201	2379	2250	2244	2199	2339	1600	1983	2121	2067	2036	2067	2068	2099	2025	2157	2034	1225	2187	2318	2448	2037	2088	1205	3070	6698	2117	2186	2051	2211	2111	2086	2754	2064	2095	2139	2139	3817	2059	2087	1990	2191	2055	1968	2012	2049	2056	4244	2696	2226	2069	2048	2079	2114	2062	1989	2038	1943	2032	8710	2093	2026	2060	2034	2052	2314	1952	1858	2051	2214	2909	2044	2297	2060	2097	2111	2432	1835	2086	1859	2172	2031	2721	2206	2190	2150	2105	2054	2371	2325
0:21:27	30.1	2192	2150	2532	2203	2171	2233	2211	2392	2275	2263	2206	2351	1616	1985	2127	2065	2037	2076	2076	2114	2043	2161	2045	1220	2206	2328	2466	2049	2097	1207	3072	6765	2128	2195	2049	2208	2109	2101	2772	2075	2106	2146	2162	3871	2067	2097	2007	2198	2058	1996	2025	2068	2073	4297	2707	2238	2082	2056	2102	2130	2069	1999	2042	1964	2038	8775	2108	2037	2063	2047	2070	2320	1969	1858	2059	2209	2908	2050	2312	2069	2126	2126	2443	1835	2096	1855	2190	2032	2723	2225	2203	2146	2119	2058	2367	2317
0:21:48	30	2209	2154	2527	2211	2185	2243	2219	2397	2281	2275	2225	2372	1614	2012	2144	2079	2054	2089	2090	2115	2045	2173	2057	1237	2225	2340	2471	2062	2114	1217	3135	6828	2136	2192	2058	2230	2124	2109	2775	2073	2113	2152	2158	3865	2084	2092	2016	2211	2062	1986	2029	2074	2080	4341	2717	2255	2090	2063	2106	2152	2073	2000	2053	1970	2045	8802	2114	2053	2057	2064	2081	2322	1971	1865	2073	2230	2932	2054	2321	2081	2124	2128	2449	1839	2098	1872	2188	2040	2750	2233	2222	2157	2120	2056	2381	2350
0:22:09	30	2222	2168	2549	2228	2205	2233	2230	2404	2284	2284	2230	2371	1626	2004	2150	2088	2065	2097	2091	2121	2044	2199	2074	1247	2221	2352	2497	2072	2122	1222	3150	6828	2137	2218	2068	2239	2128	2126	2793	2087	2132	2171	2171	3883	2078	2103	2030	2211	2079	1996	2043	2081	2088	4360	2744	2257	2095	2072	2107	2146	2093	2003	2064	1976	2053	8846	2120	2050	2087	2056	2070	2334	1987	1882	2079	2231	2948	2072	2324	2082	2127	2139	2460	1842	2121	1886	2201	2049	2742	2246	2218	2162	2123	2070	2380	2347
0:22:30	30	2223	2188	2559	2231	2211	2251	2241	2412	2298	2290	2228	2384	1633	2014	2158	2097	2061	2096	2096	2134	2058	2190	2073	1243	2242	2356	2506	2073	2126	1225	3176	6861	2155	2230	2076	2236	2128	2132	2813	2091	2134	2178	2190	3923	2079	2113	2023	2224	2095	2010	2053	2098	2119	4415	2743	2260	2101	2081	2132	2148	2093	2012	2082	1977	2053	8899	2127	2063	2075	2085	2080	2346	1985	1874	2090	2242	2955	2080	2335	2098	2135	2147	2480	1851	2121	1884	2215	2049	2759	2255	2236	2179	2147	2085	2392	2361
0:22:51	30	2228	2189	2582	2235	2215	2259	2238	2429	2294	2291	2240	2397	1632	2001	2173	2109	2065	2109	2107	2145	2055	2198	2072	1257	2259	2373	2518	2092	2136	1233	3189	6909	2159	2235	2093	2242	2136	2136	2810	2103	2145	2186	2185	3941	2101	2118	2041	2221	2078	2030	2057	2092	2114	4423	2771	2258	2117	2085	2140	2156	2111	2019	2074	1997	2070	8949	2138	2066	2094	2090	2084	2346	1998	1884	2091	2253	2974	2082	2346	2114	2156	2156	2476	1858	2133	1897	2216	2061	2769	2284	2242	2204	2141	2078	2394	2362
0:23:12	30	2242	2206	2572	2237	2217	2268	2243	2431	2296	2303	2249	2404	1642	2024	2189	2107	2081	2113	2115	2154	2061	2217	2096	1250	2263	2385	2536	2100	2147	1236	3234	6971	2173	2240	2086	2256	2145	2153	2824	2118	2148	2182	2200	3959	2114	2126	2044	2244	2088	2039	2057	2099	2132	4473	2790	2283	2122	2094	2137	2156	2106	2036	2097	2005	2079	8982	2151	2074	2097	2076	2094	2362	2001	1889	2085	2263	2980	2105	2357	2111	2161	2156	2489	1869	2126	1905	2230	2073	2791	2291	2253	2198	2157	2098	2420	2372
0:23:33	30	2242	2200	2604	2254	2226	2275	2265	2449	2320	2324	2259	2396	1651	2035	2188	2110	2094	2128	2120	2145	2074	2235	2085	1267	2271	2396	2547	2107	2158	1244	3250	7003	2178	2255	2091	2261	2157	2154	2840	2119	2157	2201	2211	3984	2111	2130	2061	2258	2114	2044	2076	2112	2137	4480	2798	2282	2125	2122	2149	2160	2115	2038	2098	2020	2081	9029	2145	2077	2111	2089	2102	2362	2009	1905	2094	2280	3000	2098	2372	2135	2162	2176	2501	1869	2144	1904	2235	2089	2805	2303	2266	2209	2176	2098	2419	2392
0:23:54	30	2261	2214	2611	2265	2233	2274	2278	2460	2331	2319	2260	2413	1652	2025	2195	2123	2088	2126	2123	2168	2077	2228	2100	1270	2294	2392	2556	2128	2163	1244	3270	7073	2198	2257	2109	2264	2159	2160	2870	2127	2159	2194	2220	4005	2128	2137	2066	2254	2109	2058	2074	2133	2147	4521	2806	2286	2130	2117	2141	2158	2127	2046	2104	2022	2095	9048	2158	2089	2117	2108	2119	2371	2006	1906	2093	2281	3005	2112	2378	2140	2170	2177	2501	1871	2151	1908	2254	2094	2818	2311	2269	2213	2175	2105	2425	2404
0:24:15	30.1	2252	2216	2623	2261	2249	2296	2288	2486	2330	2326	2271	2437	1655	2055	2206	2133	2100	2142	2155	2175	2087	2229	2110	1278	2295	2426	2586	2138	2172	1248	3285	7090	2194	2262	2106	2272	2165	2167	2876	2133	2170	2211	2224	4040	2130	2151	2070	2266	2114	2070	2083	2131	2172	4531	2833	2311	2140	2127	2167	2175	2128	2051	2130	2028	2106	9093	2181	2100	2108	2101	2119	2383	2018	1909	2116	2292	3009	2124	2386	2132	2167	2178	2514	1879	2160	1907	2254	2090	2828	2306	2280	2220	2192	2113	2440	2413
0:24:36	30	2265	2221	2632	2273	2255	2297	2281	2477	2340	2336	2284	2445	1653	2064	2218	2142	2092	2141	2148	2184	2087	2234	2122	1289	2310	2432	2588	2139	2174	1252	3312	7105	2213	2278	2120	2293	2184	2185	2871	2148	2189	2227	2239	4068	2144	2157	2071	2282	2136	2064	2096	2137	2185	4595	2851	2317	2148	2151	2178	2189	2132	2067	2140	2026	2117	9150	2174	2117	2125	2121	2122	2392	2038	1913	2124	2301	3042	2131	2392	2151	2168	2191	2530	1887	2169	1921	2261	2108	2841	2322	2292	2244	2195	2114	2444	2413
0:24:57	30.1	2283	2238	2639	2278	2266	2313	2297	2486	2352	2346	2282	2449	1667	2071	2230	2162	2113	2152	2159	2191	2096	2256	2123	1291	2320	2449	2609	2145	2181	1257	3330	7175	2218	2289	2123	2303	2186	2195	2895	2157	2184	2232	2241	4091	2155	2150	2081	2289	2138	2081	2107	2135	2188	4641	2859	2330	2166	2174	2177	2190	2155	2059	2148	2046	2112	9171	2194	2115	2139	2119	2135	2397	2034	1934	2142	2318	3052	2139	2406	2147	2177	2205	2534	1884	2174	1927	2260	2119	2857	2338	2309	2262	2197	2129	2456	2429
0:25:18	30	2294	2244	2662	2298	2277	2322	2285	2500	2369	2349	2298	2467	1659	2073	2230	2164	2111	2174	2166	2206	2104	2258	2132	1298	2326	2462	2625	2157	2197	1260	3317	7191	2227	2288	2132	2309	2202	2199	2909	2155	2215	2241	2252	4084	2159	2173	2090	2300	2151	2089	2106	2151	2201	4648	2882	2329	2166	2175	2177	2192	2159	2071	2152	2054	2112	9217	2198	2118	2147	2136	2141	2408	2041	1929	2130	2310	3068	2139	2409	2177	2203	2207	2555	1895	2172	1936	2277	2125	2880	2337	2322	2250	2214	2128	2451	2416
0:25:39	30	2303	2257	2669	2299	2283	2327	2314	2514	2365	2366	2309	2466	1666	2089	2247	2181	2121	2182	2167	2207	2115	2269	2140	1309	2347	2475	2626	2173	2214	1266	3353	7217	2227	2319	2148	2337	2208	2206	2934	2179	2227	2256	2251	4123	2165	2179	2093	2319	2147	2090	2112	2162	2214	4692	2884	2350	2183	2181	2184	2202	2170	2085	2163	2048	2130	9228	2199	2127	2139	2126	2155	2413	2046	1939	2160	2327	3078	2150	2432	2184	2196	2226	2553	1900	2192	1944	2288	2123	2886	2352	2326	2265	2225	2147	2470	2458
0:26:00	30	2311	2263	2679	2307	2286	2340	2324	2532	2361	2363	2317	2481	1672	2103	2266	2186	2131	2195	2179	2221	2122	2273	2147	1327	2352	2491	2646	2171	2235	1269	3367	7276	2238	2309	2138	2339	2216	2223	2956	2179	2229	2254	2269	4152	2173	2195	2099	2312	2161	2108	2127	2171	2215	4715	2908	2358	2189	2192	2194	2212	2178	2095	2171	2057	2142	9241	2211	2148	2154	2146	2164	2430	2053	1942	2163	2338	3082	2151	2428	2189	2199	2230	2564	1905	2195	1942	2298	2137	2889	2351	2334	2267	2226	2148	2473	2447
0:26:21	30	2310	2272	2696	2309	2302	2343	2311	2548	2384	2373	2337	2488	1678	2117	2268	2201	2136	2211	2185	2231	2137	2280	2144	1338	2352	2498	2653	2179	2234	1276	3390	7307	2252	2343	2163	2351	2215	2218	2974	2193	2224	2271	2286	4195	2186	2193	2103	2317	2162	2109	2127	2185	2223	4737	2916	2371	2199	2202	2218	2216	2182	2086	2190	2070	2146	9338	2230	2159	2166	2160	2170	2439	2059	1947	2178	2352	3115	2161	2450	2210	2216	2236	2576	1908	2199	1950	2308	2141	2912	2372	2354	2277	2239	2147	2484	2459
0:26:42	30	2320	2271	2704	2322	2293	2349	2333	2537	2380	2394	2344	2513	1691	2109	2272	2205	2138	2204	2188	2247	2136	2293	2158	1332	2371	2523	2677	2176	2263	1278	3417	7338	2258	2341	2159	2357	2228	2222	2988	2198	2249	2266	2283	4210	2202	2206	2112	2329	2175	2126	2144	2176	2232	4780	2921	2375	2208	2199	2206	2215	2175	2100	2185	2069	2140	9327	2230	2177	2177	2153	2161	2440	2053	1946	2178	2354	3093	2177	2472	2220	2222	2254	2566	1914	2220	1960	2308	2156	2953	2373	2361	2301	2227	2164	2478	2462
0:27:03	30	2325	2278	2736	2331	2316	2358	2333	2549	2387	2393	2353	2518	1692	2126	2294	2217	2144	2231	2178	2244	2128	2302	2174	1360	2376	2526	2673	2178	2266	1276	3437	7368	2275	2336	2176	2363	2243	2244	2992	2206	2253	2272	2286	4230	2201	2202	2133	2333	2174	2126	2143	2185	2239	4810	2943	2393	2219	2220	2219	2229	2191	2108	2206	2082	2165	9384	2232	2179	2187	2176	2176	2463	2075	1966	2191	2358	3127	2178	2468	2223	2219	2249	2583	1919	2226	1963	2317	2163	2958	2378	2370	2304	2239	2176	2498	2474
0:27:24	30	2345	2288	2719	2342	2326	2377	2355	2550	2398	2406	2381	2518	1690	2136	2290	2235	2148	2224	2200	2251	2147	2294	2168	1356	2375	2537	2693	2186	2267	1283	3465	7424	2278	2341	2175	2390	2268	2246	3011	2215	2255	2287	2304	4239	2210	2223	2127	2334	2189	2143	2158	2205	2246	4844	2970	2400	2221	2208	2225	2222	2182	2121	2206	2090	2170	9426	2247	2183	2187	2183	2185	2468	2075	1963	2195	2381	3152	2189	2474	2233	2240	2255	2589	1925	2233	1977	2326	2167	2976	2383	2381	2320	2242	2176	2489	2476
0:27:45	30	2362	2300	2754	2348	2333	2371	2357	2569	2410	2408	2387	2539	1707	2144	2307	2249	2156	2228	2213	2264	2158	2307	2187	1380	2390	2562	2711	2204	2286	1284	3495	7456	2286	2371	2184	2402	2275	2249	3013	2229	2265	2299	2311	4275	2199	2236	2140	2361	2191	2143	2172	2202	2241	4905	2982	2408	2241	2219	2243	2237	2210	2117	2205	2107	2178	9416	2257	2190	2190	2176	2187	2484	2092	1966	2201	2393	3162	2195	2479	2248	2239	2260	2588	1932	2250	1981	2331	2173	2994	2403	2391	2334	2240	2185	2494	2472
0:28:06	30.1	2346	2308	2742	2361	2337	2380	2359	2601	2425	2419	2382	2542	1704	2168	2316	2247	2158	2242	2219	2270	2161	2324	2181	1373	2375	2573	2714	2215	2294	1298	3516	7524	2298	2370	2187	2408	2276	2261	3045	2223	2266	2299	2326	4310	2219	2241	2138	2352	2208	2156	2184	2209	2259	4894	3006	2410	2245	2237	2238	2257	2221	2134	2212	2109	2176	9413	2274	2196	2201	2185	2205	2483	2093	1975	2213	2399	3171	2202	2493	2255	2261	2271	2605	1935	2253	1984	2349	2170	3024	2410	2396	2349	2258	2194	2515	2501
0:28:27	30	2363	2308	2751	2372	2338	2386	2365	2589	2411	2425	2396	2564	1711	2176	2317	2267	2163	2239	2226	2280	2169	2332	2187	1392	2375	2574	2722	2223	2316	1296	3555	7528	2291	2393	2197	2420	2291	2286	3055	2236	2283	2314	2339	4322	2208	2254	2144	2375	2204	2150	2199	2216	2265	4936	3021	2417	2253	2232	2249	2244	2222	2136	2210	2140	2194	9515	2271	2210	2206	2193	2205	2499	2098	1990	2223	2411	3188	2210	2501	2270	2247	2285	2599	1954	2248	1998	2353	2194	3050	2415	2421	2360	2258	2200	2517	2508
0:28:48	30.1	2387	2302	2780	2367	2350	2388	2375	2597	2433	2435	2408	2568	1713	2175	2328	2261	2187	2244	2234	2286	2173	2334	2199	1381	2376	2585	2746	2244	2312	1301	3588	7558	2321	2380	2198	2438	2307	2280	3075	2245	2281	2320	2327	4335	2232	2246	2156	2389	2218	2163	2213	2237	2263	4963	3035	2423	2264	2230	2263	2257	2227	2142	2222	2136	2194	9538	2281	2232	2216	2205	2220	2504	2100	1989	2218	2419	3196	2221	2508	2291	2259	2286	2622	1961	2254	1997	2358	2200	3078	2432	2435	2370	2259	2201	2516	2512
0:29:09	30	2392	2323	2787	2378	2363	2406	2385	2618	2441	2433	2418	2572	1722	2191	2342	2258	2192	2246	2234	2289	2187	2355	2218	1385	2396	2586	2756	2247	2322	1304	3611	7570	2329	2403	2203	2441	2327	2284	3084	2248	2312	2330	2333	4375	2235	2271	2167	2386	2220	2168	2228	2235	2269	5024	3041	2428	2263	2236	2276	2261	2232	2146	2228	2152	2208	9591	2284	2229	2224	2222	2219	2508	2110	1982	2226	2417	3202	2227	2522	2282	2285	2295	2633	1970	2271	1996	2383	2212	3078	2433	2426	2399	2267	2189	2520	2528
0:29:30	30	2412	2327	2800	2382	2364	2421	2387	2625	2442	2460	2425	2593	1721	2193	2352	2269	2182	2265	2254	2325	2189	2365	2220	1396	2397	2614	2758	2254	2339	1315	3649	7635	2339	2400	2226	2443	2334	2307	3106	2265	2305	2333	2366	4374	2248	2265	2169	2418	2229	2168	2227	2246	2276	5051	3065	2435	2273	2254	2270	2276	2240	2154	2235	2145	2207	9587	2287	2248	2227	2221	2230	2501	2123	2002	2241	2427	3214	2241	2544	2311	2281	2320	2644	1980	2277	2005	2379	2215	3093	2451	2443	2402	2264	2227	2533	2544
0:29:51	30	2432	2332	2801	2404	2380	2419	2393	2635	2464	2462	2432	2596	1723	2196	2357	2284	2200	2280	2263	2301	2196	2366	2230	1394	2417	2624	2770	2273	2335	1322	3656	7677	2353	2417	2223	2453	2349	2303	3084	2269	2322	2355	2373	4428	2260	2276	2174	2420	2256	2169	2236	2251	2276	5063	3066	2458	2286	2257	2284	2279	2249	2167	2228	2159	2225	9662	2309	2256	2230	2222	2234	2528	2129	2007	2238	2450	3226	2251	2551	2327	2300	2314	2643	1976	2283	2024	2381	2216	3096	2451	2448	2420	2274	2217	2533	2554
0:30:12	30	2439	2337	2819	2408	2385	2438	2408	2641	2477	2466	2459	2612	1732	2201	2366	2284	2208	2282	2264	2337	2215	2368	2234	1396	2409	2624	2766	2279	2332	1321	3675	7684	2350	2428	2227	2469	2353	2307	3124	2278	2333	2350	2365	4424	2265	2288	2183	2428	2241	2180	2255	2253	2282	5083	3091	2467	2285	2256	2282	2285	2261	2173	2236	2168	2228	9649	2323	2281	2240	2226	2245	2529	2135	2017	2254	2455	3249	2246	2554	2330	2291	2325	2645	1972	2299	2014	2407	2236	3123	2465	2471	2420	2277	2231	2527	2539
0:30:33	30	2452	2344	2831	2410	2396	2448	2414	2651	2469	2468	2458	2603	1749	2220	2366	2292	2208	2284	2273	2334	2210	2382	2240	1407	2398	2638	2804	2287	2352	1330	3706	7710	2373	2434	2244	2478	2360	2327	3133	2285	2340	2350	2388	4468	2265	2293	2185	2429	2249	2186	2261	2256	2301	5126	3102	2470	2301	2270	2305	2285	2270	2172	2243	2173	2227	9712	2327	2273	2251	2231	2262	2533	2147	2025	2256	2473	3255	2257	2583	2338	2310	2326	2655	1990	2310	2033	2401	2241	3141	2465	2475	2419	2297	2246	2548	2541
0:30:54	30	2454	2338	2844	2417	2388	2468	2426	2675	2470	2481	2480	2617	1751	2198	2384	2306	2219	2297	2281	2339	2234	2370	2243	1412	2416	2656	2807	2305	2350	1337	3730	7745	2381	2449	2251	2511	2367	2343	3128	2310	2330	2369	2387	4503	2280	2301	2195	2438	2256	2192	2267	2278	2291	5167	3106	2476	2309	2276	2303	2294	2279	2188	2257	2179	2238	9734	2338	2284	2260	2228	2264	2560	2147	2028	2261	2476	3264	2258	2586	2343	2315	2330	2671	2004	2314	2029	2430	2252	3169	2473	2480	2430	2285	2234	2541	2568
0:31:15	30.1	2469	2356	2854	2420	2406	2456	2423	2676	2498	2475	2497	2630	1750	2223	2392	2308	2223	2299	2285	2337	2214	2385	2250	1411	2435	2678	2813	2310	2363	1338	3753	7810	2380	2442	2261	2511	2388	2337	3143	2325	2348	2384	2404	4515	2283	2311	2209	2442	2275	2202	2269	2277	2305	5209	3120	2498	2319	2294	2309	2314	2285	2184	2257	2183	2242	9719	2354	2284	2271	2237	2262	2568	2163	2036	2259	2485	3282	2278	2599	2353	2312	2354	2671	1996	2327	2035	2422	2253	3189	2486	2508	2428	2298	2254	2554	2586
0:31:36	30	2479	2361	2867	2454	2416	2495	2431	2694	2499	2487	2490	2644	1748	2229	2417	2314	2235	2295	2291	2381	2216	2401	2264	1416	2435	2687	2832	2334	2360	1330	3755	7842	2400	2451	2253	2527	2400	2348	3134	2341	2362	2385	2409	4541	2294	2323	2220	2457	2279	2208	2272	2290	2318	5225	3125	2516	2315	2282	2317	2305	2296	2207	2278	2191	2255	9772	2343	2300	2293	2245	2261	2563	2159	2039	2273	2488	3301	2287	2600	2349	2322	2357	2680	2001	2323	2046	2430	2266	3205	2496	2495	2452	2310	2262	2556	2590
0:31:57	30	2492	2364	2886	2442	2436	2494	2445	2692	2498	2507	2517	2645	1762	2225	2426	2312	2251	2300	2308	2349	2235	2409	2269	1423	2445	2705	2842	2336	2377	1343	3777	7855	2382	2464	2264	2536	2403	2345	3146	2348	2371	2389	2407	4558	2305	2324	2233	2454	2286	2209	2298	2294	2312	5253	3158	2513	2329	2291	2326	2321	2299	2204	2275	2196	2281	9778	2364	2303	2274	2251	2277	2579	2163	2042	2286	2503	3312	2291	2611	2382	2335	2370	2690	2009	2330	2055	2448	2266	3225	2491	2502	2480	2310	2269	2557	2609
0:32:18	30	2495	2373	2889	2447	2426	2513	2453	2698	2535	2498	2526	2657	1776	2228	2415	2333	2250	2311	2309	2374	2241	2424	2282	1426	2453	2706	2864	2344	2387	1342	3792	7890	2424	2465	2277	2556	2410	2358	3162	2367	2383	2389	2426	4554	2320	2338	2242	2477	2296	2218	2294	2298	2321	5285	3149	2508	2352	2289	2341	2324	2311	2207	2285	2207	2283	9762	2376	2317	2289	2256	2283	2591	2176	2046	2296	2510	3328	2303	2621	2380	2340	2377	2702	2006	2339	2053	2443	2261	3221	2500	2527	2493	2317	2265	2575	2610
0:32:39	30	2519	2369	2909	2456	2431	2529	2466	2721	2513	2524	2548	2676	1781	2245	2437	2328	2240	2314	2328	2372	2250	2424	2286	1430	2459	2710	2870	2350	2379	1349	3823	7904	2438	2478	2281	2587	2415	2377	3175	2370	2397	2396	2440	4593	2318	2339	2229	2477	2307	2222	2313	2323	2318	5307	3166	2544	2351	2307	2338	2335	2310	2231	2287	2212	2285	9852	2390	2322	2287	2270	2290	2597	2187	2055	2291	2514	3337	2319	2631	2408	2346	2384	2696	2014	2338	2064	2471	2290	3245	2497	2538	2526	2312	2273	2582	2625
0:33:00	30	2534	2396	2936	2461	2444	2538	2477	2717	2537	2525	2545	2668	1785	2228	2452	2352	2255	2329	2323	2380	2256	2418	2298	1417	2456	2742	2875	2355	2393	1355	3810	7943	2441	2507	2286	2587	2425	2372	3187	2383	2389	2417	2447	4619	2332	2352	2236	2501	2306	2209	2319	2314	2337	5354	3201	2546	2370	2304	2337	2330	2315	2230	2299	2219	2290	9854	2409	2337	2308	2271	2290	2615	2198	2055	2295	2522	3354	2341	2643	2405	2355	2389	2723	2022	2360	2067	2473	2286	3258	2519	2540	2531	2326	2287	2578	2614
0:33:21	30	2522	2402	2933	2464	2457	2541	2483	2732	2554	2539	2553	2695	1792	2243	2457	2358	2260	2335	2333	2393	2260	2426	2300	1427	2473	2747	2867	2372	2409	1355	3862	7936	2462	2501	2300	2603	2440	2387	3207	2389	2406	2414	2463	4638	2347	2361	2246	2488	2312	2231	2330	2313	2332	5393	3197	2548	2381	2314	2354	2346	2335	2233	2311	2206	2292	9883	2413	2346	2314	2269	2318	2614	2186	2053	2304	2545	3356	2344	2650	2419	2347	2386	2718	2025	2372	2069	2491	2301	3277	2525	2556	2541	2329	2276	2595	2631
0:33:42	30	2540	2405	2937	2480	2466	2537	2495	2747	2553	2550	2567	2706	1794	2238	2465	2363	2276	2346	2336	2401	2263	2457	2307	1429	2474	2761	2902	2366	2408	1364	3861	8011	2463	2512	2297	2620	2444	2396	3202	2404	2417	2427	2466	4654	2343	2353	2248	2503	2335	2242	2346	2328	2354	5404	3191	2561	2387	2326	2359	2354	2329	2239	2312	2220	2309	9915	2426	2356	2321	2276	2312	2620	2210	2062	2323	2548	3373	2359	2662	2426	2371	2394	2724	2024	2377	2082	2502	2303	3291	2531	2580	2567	2346	2298	2605	2654
0:34:03	30	2556	2405	2959	2493	2462	2565	2501	2763	2550	2559	2593	2701	1802	2249	2467	2372	2280	2346	2346	2405	2272	2462	2308	1427	2468	2778	2921	2365	2419	1367	3870	8040	2469	2518	2304	2644	2449	2409	3196	2408	2431	2438	2472	4680	2359	2367	2257	2512	2336	2252	2341	2348	2351	5421	3246	2563	2412	2324	2368	2376	2339	2251	2309	2217	2313	9910	2427	2371	2331	2292	2313	2643	2206	2075	2313	2567	3374	2362	2667	2439	2378	2409	2739	2036	2379	2082	2506	2317	3289	2523	2590	2578	2341	2316	2595	2641
0:34:24	30.1	2570	2410	2961	2501	2478	2569	2507	2763	2555	2557	2597	2705	1801	2259	2488	2370	2306	2345	2347	2424	2289	2467	2326	1430	2494	2801	2920	2379	2434	1373	3898	8049	2491	2527	2314	2653	2445	2413	3222	2416	2431	2460	2477	4702	2357	2379	2268	2533	2350	2248	2358	2354	2372	5479	3251	2581	2443	2332	2368	2388	2350	2266	2326	2227	2312	9945	2441	2362	2337	2292	2329	2642	2212	2079	2320	2574	3383	2381	2692	2446	2367	2413	2755	2026	2379	2083	2522	2328	3300	2531	2599	2589	2354	2303	2623	2679
0:34:45	30	2556	2419	2997	2492	2482	2580	2523	2789	2574	2598	2598	2711	1809	2263	2478	2372	2300	2361	2360	2416	2297	2478	2328	1451	2488	2799	2933	2375	2454	1371	3900	8113	2485	2531	2314	2657	2473	2432	3244	2414	2437	2453	2494	4717	2366	2386	2273	2538	2352	2250	2363	2356	2377	5498	3262	2579	2443	2341	2387	2373	2349	2251	2340	2233	2322	9957	2459	2368	2333	2302	2322	2651	2220	2084	2334	2575	3394	2384	2717	2461	2396	2424	2746	2052	2387	2091	2537	2335	3315	2541	2623	2589	2353	2324	2589	2678
0:35:06	30	2571	2430	2986	2488	2486	2588	2527	2794	2576	2585	2602	2714	1818	2252	2488	2384	2295	2381	2369	2426	2290	2481	2321	1447	2511	2821	2955	2383	2461	1381	3921	8083	2510	2542	2314	2670	2464	2423	3243	2416	2457	2457	2493	4728	2376	2392	2264	2543	2364	2262	2364	2362	2374	5559	3274	2587	2447	2333	2392	2381	2352	2274	2344	2235	2334	9957	2467	2372	2349	2302	2348	2659	2219	2095	2339	2581	3415	2395	2725	2487	2399	2423	2759	2052	2403	2093	2533	2340	3324	2551	2635	2604	2367	2327	2621	2677
0:35:27	30	2575	2433	3007	2508	2510	2585	2532	2823	2588	2580	2610	2714	1816	2289	2503	2378	2312	2382	2368	2438	2308	2478	2344	1446	2508	2828	2963	2391	2461	1382	3950	8161	2523	2540	2322	2670	2463	2431	3249	2426	2459	2474	2499	4766	2376	2403	2284	2544	2365	2268	2375	2375	2379	5583	3296	2597	2458	2349	2400	2386	2364	2269	2348	2240	2327	9997	2485	2382	2360	2298	2347	2661	2238	2093	2334	2603	3414	2399	2759	2480	2409	2436	2763	2054	2405	2114	2550	2357	3334	2558	2652	2621	2363	2329	2609	2686
0:35:48	30	2590	2438	3012	2525	2508	2606	2548	2832	2593	2595	2612	2726	1818	2287	2516	2386	2311	2387	2391	2449	2303	2484	2350	1448	2523	2865	2968	2379	2466	1389	3971	8144	2541	2553	2349	2681	2451	2447	3265	2441	2457	2470	2521	4778	2403	2420	2284	2557	2370	2275	2385	2371	2383	5619	3309	2611	2482	2355	2399	2385	2370	2286	2354	2240	2352	10056	2493	2396	2371	2326	2364	2666	2246	2113	2347	2594	3433	2413	2754	2505	2413	2447	2764	2057	2416	2115	2558	2354	3314	2552	2654	2622	2379	2344	2643	2703
0:36:09	30	2593	2442	3009	2526	2513	2603	2537	2859	2591	2604	2614	2735	1823	2288	2528	2395	2336	2400	2379	2451	2326	2517	2361	1451	2525	2868	2977	2387	2467	1398	3984	8211	2550	2574	2346	2702	2462	2451	3273	2442	2468	2489	2547	4815	2411	2402	2297	2573	2382	2278	2385	2378	2390	5617	3312	2614	2488	2370	2423	2402	2393	2290	2371	2250	2346	10026	2518	2394	2360	2326	2363	2696	2251	2105	2349	2613	3437	2430	2794	2504	2428	2453	2776	2070	2408	2117	2582	2375	3322	2557	2668	2642	2379	2352	2635	2697
0:36:30	30	2608	2461	3039	2533	2526	2603	2540	2872	2616	2614	2623	2748	1836	2290	2538	2408	2335	2408	2386	2460	2336	2517	2363	1461	2533	2874	2975	2410	2480	1390	3995	8181	2561	2582	2344	2691	2462	2454	3280	2450	2486	2496	2562	4796	2411	2426	2302	2565	2383	2285	2388	2398	2407	5643	3333	2632	2495	2366	2414	2409	2403	2285	2356	2264	2361	10072	2528	2411	2387	2332	2351	2695	2259	2116	2366	2625	3458	2432	2788	2521	2423	2462	2785	2067	2439	2122	2582	2392	3335	2573	2676	2641	2393	2358	2638	2715
0:36:51	30	2604	2462	3054	2543	2532	2638	2575	2875	2611	2618	2630	2755	1836	2290	2536	2408	2342	2412	2406	2471	2326	2511	2372	1465	2535	2884	3003	2409	2478	1396	4010	8242	2573	2579	2360	2706	2481	2462	3304	2462	2499	2502	2579	4842	2438	2442	2309	2579	2402	2295	2391	2397	2405	5677	3360	2623	2488	2379	2424	2415	2411	2308	2368	2266	2360	10046	2541	2403	2389	2334	2384	2706	2270	2121	2368	2630	3464	2452	2819	2534	2424	2473	2793	2077	2437	2128	2597	2382	3332	2583	2681	2644	2392	2360	2638	2727
0:37:12	30	2609	2463	3063	2544	2532	2626	2568	2894	2624	2624	2635	2778	1842	2302	2536	2428	2346	2425	2418	2487	2334	2514	2378	1456	2540	2908	3005	2394	2496	1406	4039	8295	2569	2595	2368	2717	2483	2478	3309	2452	2512	2507	2581	4858	2446	2432	2313	2586	2409	2290	2390	2416	2409	5692	3389	2644	2501	2379	2434	2424	2427	2309	2381	2277	2384	10109	2563	2405	2385	2345	2373	2708	2267	2121	2366	2640	3473	2458	2819	2537	2451	2470	2798	2075	2453	2133	2620	2404	3331	2591	2700	2638	2397	2348	2651	2721
0:37:33	30	2611	2483	3082	2552	2537	2653	2576	2889	2639	2613	2637	2768	1849	2304	2560	2433	2350	2434	2420	2502	2347	2537	2374	1471	2550	2925	3018	2419	2499	1415	4069	8289	2592	2611	2372	2720	2489	2480	3305	2470	2509	2510	2593	4880	2458	2446	2321	2606	2412	2307	2397	2411	2434	5741	3441	2650	2523	2387	2454	2422	2429	2311	2395	2275	2390	10145	2578	2408	2403	2344	2388	2718	2266	2135	2379	2650	3493	2464	2853	2538	2449	2494	2806	2081	2465	2143	2641	2407	3334	2607	2707	2647	2411	2374	2644	2741
0:37:54	30	2618	2480	3092	2556	2557	2680	2595	2921	2631	2630	2612	2789	1851	2319	2572	2441	2355	2441	2422	2516	2348	2549	2387	1469	2553	2933	3033	2415	2502	1403	4067	8357	2591	2610	2370	2729	2484	2496	3328	2477	2509	2511	2587	4904	2465	2450	2321	2614	2419	2302	2406	2421	2433	5743	3433	2653	2527	2385	2447	2437	2432	2318	2390	2283	2397	10158	2576	2418	2402	2347	2396	2731	2282	2142	2388	2659	3483	2485	2859	2558	2457	2507	2818	2094	2454	2145	2670	2433	3335	2599	2703	2664	2421	2374	2665	2748
0:38:15	30	2620	2483	3100	2579	2565	2681	2601	2927	2649	2637	2644	2787	1867	2304	2584	2445	2365	2451	2435	2536	2357	2539	2396	1473	2560	2948	3040	2428	2504	1418	4091	8316	2598	2612	2389	2715	2491	2493	3326	2482	2539	2534	2612	4939	2475	2462	2328	2609	2436	2325	2407	2418	2441	5761	3481	2675	2545	2404	2453	2439	2430	2333	2395	2281	2409	10130	2574	2419	2424	2356	2397	2735	2299	2137	2394	2665	3537	2493	2879	2541	2459	2504	2818	2087	2469	2160	2683	2432	3350	2620	2749	2655	2437	2382	2667	2748
0:38:36	30	2632	2490	3110	2579	2577	2688	2587	2942	2654	2647	2644	2791	1864	2323	2580	2447	2363	2462	2452	2545	2371	2549	2410	1478	2570	2952	3047	2421	2518	1419	4125	8342	2611	2629	2392	2712	2497	2496	3351	2491	2550	2530	2614	4935	2490	2476	2332	2620	2453	2320	2409	2432	2431	5826	3470	2681	2542	2410	2462	2443	2451	2340	2408	2301	2404	10196	2593	2423	2435	2363	2421	2741	2293	2148	2386	2671	3537	2512	2894	2547	2467	2505	2821	2097	2483	2151	2694	2433	3358	2620	2766	2648	2430	2396	2678	2758
0:38:57	30	2630	2506	3117	2578	2610	2702	2606	2942	2660	2657	2656	2793	1867	2323	2592	2463	2375	2481	2468	2550	2380	2561	2405	1480	2572	2953	3067	2431	2528	1418	4146	8373	2619	2642	2400	2717	2497	2513	3353	2490	2558	2545	2629	4964	2493	2480	2352	2620	2472	2321	2419	2436	2453	5864	3498	2688	2549	2405	2458	2462	2454	2332	2403	2311	2421	10201	2593	2433	2448	2381	2421	2747	2301	2144	2402	2681	3535	2506	2919	2566	2469	2506	2833	2101	2484	2154	2709	2452	3346	2620	2794	2643	2441	2407	2705	2768
0:39:18	30	2646	2510	3125	2590	2619	2718	2612	2962	2661	2667	2649	2801	1877	2327	2594	2470	2379	2487	2480	2586	2388	2570	2422	1477	2582	2973	3065	2433	2539	1431	4138	8409	2623	2654	2416	2723	2507	2523	3359	2498	2571	2554	2647	4977	2502	2479	2355	2642	2494	2332	2416	2444	2454	5874	3515	2697	2544	2425	2470	2478	2465	2351	2422	2305	2419	10236	2618	2432	2442	2370	2409	2758	2307	2143	2416	2702	3551	2513	2922	2555	2480	2520	2847	2109	2488	2165	2703	2462	3377	2635	2799	2655	2440	2415	2705	2762
0:39:39	30	2632	2514	3154	2609	2639	2726	2626	2964	2655	2672	2665	2807	1875	2339	2616	2470	2383	2496	2483	2572	2384	2573	2447	1486	2602	2976	3089	2448	2536	1427	4149	8401	2623	2654	2418	2734	2501	2533	3380	2501	2569	2559	2637	4995	2509	2491	2361	2659	2510	2341	2424	2451	2473	5895	3525	2696	2554	2421	2488	2484	2477	2355	2423	2309	2419	10276	2628	2444	2453	2390	2433	2758	2324	2161	2413	2686	3562	2527	2941	2566	2495	2532	2849	2102	2512	2171	2727	2476	3352	2634	2832	2673	2448	2416	2693	2782
0:40:00	30	2636	2509	3138	2613	2633	2736	2624	2983	2671	2683	2657	2816	1882	2340	2635	2465	2402	2498	2500	2599	2394	2574	2452	1486	2608	2999	3091	2445	2542	1445	4189	8456	2639	2656	2412	2728	2522	2537	3397	2518	2581	2565	2648	5006	2540	2505	2354	2637	2515	2347	2418	2456	2463	5925	3542	2707	2567	2442	2503	2484	2478	2358	2450	2316	2431	10280	2634	2437	2470	2395	2425	2781	2319	2171	2413	2706	3566	2529	2951	2571	2481	2539	2857	2116	2507	2172	2728	2494	3354	2649	2851	2682	2452	2412	2708	2791
0:40:21	30	2662	2520	3161	2643	2655	2748	2644	2984	2685	2687	2674	2846	1899	2359	2637	2488	2409	2505	2511	2609	2399	2594	2463	1499	2612	2986	3105	2457	2554	1463	4214	8461	2634	2679	2415	2736	2520	2541	3390	2526	2588	2577	2648	5055	2541	2502	2375	2678	2543	2354	2434	2492	2479	5966	3566	2708	2562	2440	2496	2485	2479	2369	2437	2320	2434	10387	2643	2441	2477	2398	2440	2778	2319	2170	2419	2727	3592	2524	2966	2568	2502	2532	2864	2117	2521	2180	2750	2504	3374	2652	2867	2682	2455	2427	2704	2790
0:40:42	30	2648	2526	3167	2654	2669	2750	2652	3011	2698	2689	2667	2849	1893	2359	2644	2499	2406	2515	2515	2615	2416	2588	2494	1498	2618	2992	3125	2456	2546	1471	4216	8491	2641	2671	2434	2736	2514	2551	3385	2534	2607	2571	2653	5048	2564	2518	2387	2658	2548	2360	2440	2495	2493	5985	3570	2743	2573	2453	2508	2504	2499	2375	2446	2330	2466	10418	2634	2444	2497	2415	2442	2801	2335	2169	2443	2729	3598	2541	2971	2572	2500	2543	2870	2133	2526	2192	2758	2517	3373	2673	2886	2698	2460	2430	2719	2796
0:41:03	30	2670	2544	3181	2655	2667	2768	2654	3010	2708	2717	2658	2855	1896	2366	2645	2492	2419	2505	2511	2626	2412	2590	2505	1505	2598	3003	3117	2465	2557	1473	4234	8522	2635	2675	2440	2756	2542	2553	3411	2532	2602	2579	2666	5085	2555	2521	2374	2682	2554	2356	2441	2504	2488	6023	3584	2733	2564	2457	2514	2505	2514	2372	2466	2323	2457	10432	2646	2459	2501	2403	2451	2801	2334	2185	2443	2756	3590	2543	2970	2582	2505	2555	2874	2138	2535	2200	2771	2525	3398	2676	2895	2684	2474	2439	2714	2819
0:41:24	30	2670	2552	3184	2681	2680	2762	2658	3031	2705	2710	2679	2859	1906	2366	2674	2508	2408	2517	2513	2639	2432	2620	2516	1510	2629	3013	3133	2477	2570	1483	4260	8530	2649	2684	2447	2747	2540	2559	3427	2549	2607	2599	2663	5086	2568	2523	2389	2691	2565	2370	2447	2520	2501	6046	3595	2740	2581	2460	2512	2517	2533	2388	2457	2336	2459	10440	2651	2455	2499	2416	2467	2813	2340	2191	2438	2748	3607	2546	2983	2585	2522	2563	2888	2139	2540	2209	2777	2541	3405	2672	2912	2688	2477	2455	2728	2816
0:41:45	30	2671	2549	3198	2683	2682	2763	2658	3029	2711	2716	2681	2859	1918	2376	2672	2510	2425	2522	2528	2668	2437	2619	2518	1502	2634	3018	3152	2477	2576	1496	4272	8551	2651	2709	2455	2750	2549	2565	3442	2553	2634	2612	2682	5125	2587	2545	2397	2701	2580	2373	2446	2537	2506	6093	3591	2745	2571	2478	2535	2513	2541	2392	2466	2341	2466	10530	2645	2466	2519	2422	2454	2814	2351	2201	2444	2751	3620	2562	2985	2587	2526	2584	2872	2144	2553	2209	2802	2554	3403	2682	2931	2703	2483	2430	2736	2828
0:42:06	30	2673	2561	3223	2692	2692	2771	2678	3044	2716	2722	2699	2871	1918	2385	2677	2516	2436	2526	2531	2663	2434	2626	2540	1518	2642	3021	3162	2484	2585	1491	4292	8572	2660	2717	2445	2763	2546	2595	3463	2561	2626	2601	2687	5139	2590	2535	2398	2714	2598	2383	2454	2540	2525	6103	3598	2767	2582	2478	2538	2516	2562	2408	2481	2344	2474	10529	2646	2474	2522	2419	2470	2826	2356	2191	2454	2771	3633	2574	2996	2595	2538	2586	2891	2149	2575	2204	2804	2566	3403	2698	2942	2709	2495	2465	2741	2839
0:42:27	30	2682	2566	3195	2701	2699	2765	2673	3055	2728	2729	2695	2870	1920	2388	2686	2519	2445	2538	2556	2678	2444	2646	2539	1527	2650	3026	3163	2495	2595	1491	4321	8603	2649	2723	2463	2765	2555	2594	3441	2565	2640	2626	2687	5163	2606	2549	2404	2725	2606	2388	2458	2542	2517	6143	3608	2777	2588	2470	2539	2528	2570	2405	2482	2352	2476	10569	2660	2493	2530	2422	2473	2834	2368	2206	2454	2758	3654	2576	2987	2600	2542	2595	2908	2145	2574	2219	2803	2563	3401	2698	2943	2707	2512	2468	2740	2844
0:42:48	30.1	2688	2567	3240	2702	2706	2780	2689	3072	2741	2740	2702	2879	1927	2397	2699	2528	2436	2536	2561	2691	2454	2645	2547	1518	2648	3037	3187	2506	2599	1493	4321	8619	2672	2712	2469	2773	2553	2599	3466	2580	2635	2627	2697	5178	2610	2560	2417	2743	2616	2397	2458	2550	2524	6153	3605	2780	2583	2487	2554	2528	2591	2408	2499	2369	2476	10547	2642	2497	2554	2437	2487	2835	2376	2208	2454	2784	3671	2600	3010	2599	2544	2592	2898	2162	2586	2230	2809	2580	3419	2724	2959	2729	2515	2471	2750	2855
0:43:09	30	2703	2567	3227	2728	2729	2786	2699	3083	2746	2745	2713	2915	1927	2399	2698	2546	2452	2556	2566	2694	2457	2656	2552	1518	2660	3040	3191	2516	2607	1500	4343	8644	2658	2731	2470	2792	2559	2598	3483	2572	2675	2638	2694	5180	2617	2566	2431	2769	2619	2408	2484	2573	2534	6190	3631	2795	2589	2496	2548	2540	2607	2422	2497	2374	2501	10588	2647	2483	2542	2453	2492	2838	2377	2216	2479	2794	3656	2605	2994	2603	2550	2599	2924	2159	2599	2221	2835	2588	3414	2717	2973	2721	2516	2478	2755	2850
0:43:30	30.1	2698	2594	3244	2698	2729	2776	2704	3100	2744	2751	2713	2910	1938	2401	2699	2537	2473	2549	2573	2677	2452	2660	2571	1519	2663	3039	3193	2513	2612	1500	4349	8637	2672	2739	2473	2777	2582	2618	3474	2574	2665	2651	2720	5211	2638	2579	2428	2771	2631	2405	2481	2582	2524	6217	3643	2792	2587	2503	2568	2549	2610	2424	2515	2380	2503	10629	2660	2498	2563	2450	2505	2853	2379	2210	2478	2811	3679	2612	2996	2609	2556	2610	2925	2170	2612	2230	2826	2586	3404	2723	2978	2734	2522	2461	2758	2878
0:43:51	30	2706	2596	3272	2743	2726	2779	2709	3107	2760	2777	2737	2919	1947	2415	2723	2547	2460	2556	2585	2715	2460	2665	2567	1526	2684	3046	3198	2505	2622	1504	4391	8613	2683	2752	2495	2798	2578	2615	3495	2584	2669	2653	2719	5231	2653	2582	2434	2786	2644	2401	2488	2588	2543	6229	3660	2803	2603	2510	2568	2552	2644	2434	2518	2374	2496	10581	2663	2500	2588	2450	2504	2861	2379	2222	2484	2818	3687	2600	3016	2612	2569	2614	2933	2178	2630	2247	2818	2598	3438	2731	2984	2729	2529	2494	2773	2870
0:44:12	30	2719	2587	3264	2744	2746	2786	2728	3135	2766	2761	2738	2922	1942	2409	2716	2558	2480	2560	2592	2722	2470	2668	2581	1535	2688	3056	3215	2517	2630	1504	4374	8701	2688	2758	2497	2780	2581	2630	3491	2604	2678	2674	2725	5233	2650	2580	2457	2802	2648	2403	2484	2602	2550	6260	3653	2815	2611	2504	2582	2564	2638	2438	2520	2381	2513	10571	2677	2522	2588	2462	2517	2879	2387	2233	2484	2822	3700	2622	3033	2620	2573	2617	2939	2165	2633	2239	2824	2603	3431	2750	3018	2736	2528	2495	2778	2884
0:44:33	30.1	2718	2608	3301	2766	2749	2799	2748	3134	2785	2772	2737	2930	1953	2416	2735	2564	2481	2577	2611	2714	2485	2668	2592	1531	2680	3064	3218	2531	2630	1506	4415	8688	2688	2760	2497	2784	2594	2620	3506	2605	2679	2673	2718	5276	2672	2596	2449	2794	2653	2418	2493	2604	2548	6282	3662	2826	2626	2509	2584	2561	2634	2449	2516	2386	2524	10620	2659	2523	2597	2467	2512	2884	2394	2230	2486	2828	3711	2638	3049	2627	2574	2635	2937	2177	2640	2248	2832	2618	3435	2748	3027	2757	2544	2509	2767	2884
0:44:54	30	2716	2608	3307	2763	2759	2796	2757	3159	2772	2772	2748	2952	1958	2427	2737	2571	2479	2572	2592	2738	2471	2673	2607	1540	2698	3075	3248	2537	2631	1515	4415	8692	2695	2779	2504	2801	2596	2640	3520	2606	2693	2683	2739	5284	2665	2594	2441	2816	2664	2424	2499	2606	2557	6337	3679	2836	2615	2535	2594	2570	2659	2441	2527	2394	2531	10589	2673	2505	2619	2485	2518	2890	2406	2231	2493	2840	3701	2632	3053	2633	2585	2636	2945	2181	2666	2258	2839	2635	3442	2754	3063	2758	2544	2502	2789	2877
0:45:15	30.1	2720	2615	3312	2771	2768	2796	2765	3184	2793	2777	2752	2938	1962	2448	2755	2578	2509	2590	2613	2769	2480	2701	2622	1538	2695	3074	3243	2545	2655	1514	4439	8749	2705	2775	2518	2793	2588	2657	3520	2609	2718	2693	2748	5330	2689	2607	2452	2828	2661	2434	2499	2613	2555	6387	3687	2831	2611	2526	2598	2601	2677	2462	2541	2404	2530	10629	2676	2527	2642	2495	2533	2904	2394	2244	2508	2856	3729	2659	3065	2653	2591	2644	2958	2193	2665	2256	2831	2639	3448	2768	3059	2775	2549	2511	2795	2912
0:45:36	30	2740	2630	3327	2791	2757	2807	2779	3195	2802	2799	2761	2953	1966	2437	2754	2587	2495	2580	2613	2773	2503	2697	2637	1562	2691	3091	3253	2551	2658	1517	4452	8739	2696	2792	2516	2810	2603	2665	3537	2609	2735	2687	2765	5317	2690	2608	2463	2843	2661	2435	2509	2608	2581	6384	3710	2847	2624	2526	2609	2609	2679	2485	2552	2410	2545	10617	2692	2542	2656	2483	2541	2914	2401	2253	2505	2848	3743	2659	3068	2657	2600	2646	2966	2195	2696	2281	2848	2649	3471	2766	3063	2768	2561	2525	2793	2911
0:45:57	30	2752	2630	3343	2807	2785	2815	2804	3201	2815	2805	2751	2969	1965	2454	2750	2581	2489	2584	2621	2786	2495	2699	2639	1537	2694	3107	3278	2558	2660	1517	4497	8768	2710	2803	2522	2831	2597	2689	3555	2619	2756	2691	2752	5326	2692	2616	2463	2845	2688	2443	2530	2633	2585	6408	3708	2858	2638	2537	2594	2596	2685	2500	2552	2427	2532	10584	2672	2548	2660	2492	2535	2911	2423	2255	2514	2864	3752	2666	3088	2654	2602	2654	2954	2205	2700	2285	2851	2673	3457	2766	3075	2782	2560	2525	2797	2929
0:46:18	30	2749	2622	3346	2818	2772	2799	2804	3216	2813	2819	2746	2977	1989	2453	2769	2593	2516	2591	2620	2783	2506	2713	2651	1559	2719	3113	3287	2564	2663	1514	4513	8836	2724	2800	2534	2833	2618	2695	3549	2638	2768	2696	2761	5339	2706	2623	2469	2845	2692	2464	2525	2640	2591	6426	3728	2853	2627	2565	2622	2608	2725	2518	2554	2422	2564	10612	2706	2551	2685	2498	2545	2913	2418	2261	2515	2870	3760	2673	3114	2654	2628	2667	2973	2205	2709	2279	2855	2679	3483	2779	3099	2789	2561	2525	2802	2933
0:46:39	30	2757	2634	3358	2828	2777	2805	2823	3224	2848	2837	2754	2992	1993	2460	2781	2596	2511	2605	2645	2787	2523	2714	2649	1566	2720	3134	3290	2580	2678	1523	4536	8862	2718	2797	2563	2842	2629	2697	3556	2640	2780	2700	2781	5383	2721	2620	2484	2880	2688	2453	2527	2632	2601	6475	3724	2869	2649	2545	2638	2608	2700	2505	2571	2417	2553	10641	2690	2560	2700	2514	2560	2944	2427	2257	2527	2880	3776	2670	3122	2657	2619	2659	2981	2215	2715	2292	2850	2675	3502	2783	3105	2787	2575	2536	2815	2921
0:47:00	30	2756	2645	3362	2864	2791	2805	2825	3243	2861	2857	2776	2980	2012	2466	2790	2616	2525	2608	2655	2791	2536	2721	2673	1576	2729	3120	3306	2586	2686	1529	4524	8944	2736	2812	2549	2829	2631	2717	3570	2665	2789	2720	2782	5389	2710	2647	2483	2886	2686	2460	2530	2649	2603	6496	3731	2885	2638	2572	2623	2631	2716	2527	2578	2432	2565	10638	2709	2558	2712	2515	2561	2938	2428	2276	2528	2881	3786	2684	3126	2685	2619	2686	2991	2215	2744	2296	2862	2698	3495	2797	3103	2791	2587	2552	2810	2940
0:47:21	30	2775	2655	3397	2838	2790	2831	2834	3251	2871	2871	2774	2977	2012	2475	2824	2605	2538	2626	2657	2790	2518	2732	2669	1576	2726	3131	3327	2580	2693	1531	4527	8960	2732	2825	2557	2842	2642	2719	3585	2662	2805	2712	2786	5422	2717	2640	2496	2923	2689	2460	2534	2650	2606	6539	3755	2899	2653	2574	2618	2637	2733	2522	2576	2443	2589	10650	2705	2571	2734	2529	2556	2938	2442	2287	2536	2896	3787	2684	3138	2687	2618	2683	2999	2211	2754	2307	2860	2700	3510	2815	3085	2802	2590	2560	2823	2950
0:47:42	30	2781	2650	3402	2860	2805	2834	2863	3255	2886	2875	2784	3004	2026	2480	2813	2614	2531	2632	2675	2802	2538	2728	2683	1569	2749	3133	3310	2600	2687	1533	4556	9014	2742	2847	2546	2853	2650	2749	3585	2659	2809	2737	2793	5429	2705	2664	2490	2943	2703	2477	2537	2639	2611	6544	3764	2916	2668	2581	2644	2634	2731	2534	2580	2449	2589	10640	2713	2569	2742	2530	2568	2960	2444	2279	2541	2897	3804	2686	3140	2700	2634	2690	2993	2218	2759	2312	2857	2710	3517	2815	3098	2836	2600	2572	2836	2955
0:48:03	30	2789	2670	3411	2869	2833	2821	2872	3260	2898	2892	2795	3029	2045	2482	2828	2633	2548	2617	2680	2806	2552	2759	2681	1580	2743	3155	3338	2601	2701	1540	4553	8982	2727	2825	2572	2858	2643	2752	3597	2674	2822	2738	2801	5452	2719	2660	2511	2939	2697	2481	2558	2663	2625	6588	3771	2929	2662	2583	2658	2652	2754	2545	2587	2451	2613	10677	2712	2586	2752	2542	2576	2966	2451	2284	2544	2902	3810	2702	3149	2700	2626	2698	3000	2235	2784	2299	2866	2730	3530	2813	3101	2829	2616	2558	2831	2955
0:48:24	30	2791	2672	3429	2882	2842	2836	2893	3263	2900	2898	2801	3017	2046	2489	2847	2642	2557	2634	2688	2790	2571	2746	2684	1580	2746	3176	3354	2601	2719	1534	4591	9054	2769	2834	2568	2865	2652	2759	3619	2682	2822	2746	2808	5477	2725	2654	2508	2932	2703	2483	2553	2662	2633	6617	3783	2931	2669	2600	2658	2650	2756	2565	2616	2452	2628	10616	2734	2590	2748	2545	2581	2955	2465	2286	2549	2923	3831	2707	3148	2684	2640	2707	3015	2236	2788	2312	2862	2750	3523	2840	3108	2829	2610	2577	2845	2977
0:48:45	30	2799	2672	3442	2893	2865	2844	2889	3278	2917	2887	2805	3020	2043	2491	2855	2633	2556	2651	2693	2833	2579	2785	2702	1579	2758	3184	3339	2621	2717	1550	4614	9060	2760	2855	2584	2888	2664	2766	3619	2684	2843	2748	2813	5463	2726	2671	2517	2973	2715	2483	2556	2665	2638	6643	3784	2946	2680	2593	2669	2666	2764	2583	2605	2453	2631	10618	2742	2590	2764	2545	2587	2963	2467	2294	2553	2925	3830	2709	3163	2708	2660	2714	3018	2230	2793	2336	2863	2741	3534	2853	3111	2831	2625	2577	2861	2977
0:49:06	30	2795	2678	3432	2879	2876	2849	2899	3284	2933	2922	2814	3027	2058	2494	2870	2637	2552	2633	2705	2815	2575	2763	2694	1585	2762	3182	3368	2607	2712	1539	4628	9130	2781	2872	2594	2884	2672	2765	3613	2691	2855	2752	2836	5496	2731	2681	2518	2982	2696	2487	2580	2666	2629	6652	3802	2948	2673	2604	2665	2659	2778	2588	2610	2466	2624	10644	2734	2599	2777	2552	2607	2984	2468	2307	2559	2926	3828	2720	3161	2731	2645	2729	3014	2249	2800	2343	2863	2747	3547	2852	3117	2833	2624	2585	2859	2998
0:49:27	30	2813	2695	3447	2897	2901	2859	2920	3272	2942	2926	2813	3047	2074	2504	2856	2643	2562	2650	2712	2820	2601	2779	2704	1593	2782	3193	3378	2630	2745	1554	4653	9068	2780	2872	2593	2889	2668	2773	3650	2696	2855	2757	2853	5504	2732	2682	2530	3002	2702	2497	2581	2670	2655	6664	3820	2955	2690	2604	2676	2688	2777	2587	2614	2464	2633	10659	2747	2614	2771	2549	2588	2983	2477	2295	2566	2945	3868	2734	3158	2723	2672	2718	3029	2245	2839	2344	2881	2744	3557	2863	3113	2850	2640	2603	2844	3002
0:49:48	30	2815	2691	3463	2897	2903	2862	2924	3290	2948	2920	2825	3065	2086	2513	2870	2661	2551	2650	2691	2815	2608	2776	2716	1600	2779	3187	3369	2626	2745	1555	4660	9093	2776	2867	2603	2892	2682	2802	3645	2688	2833	2749	2831	5551	2733	2697	2541	3020	2696	2504	2579	2696	2650	6712	3805	2973	2697	2610	2683	2704	2772	2610	2628	2482	2656	10675	2747	2615	2779	2568	2608	2982	2482	2305	2573	2954	3855	2726	3162	2722	2684	2729	3044	2260	2844	2344	2878	2758	3559	2856	3105	2860	2639	2583	2861	3014
0:50:09	30	2817	2691	3447	2903	2904	2869	2925	3285	2953	2947	2816	3055	2090	2525	2879	2670	2573	2671	2695	2829	2618	2787	2716	1598	2789	3212	3400	2634	2737	1559	4665	9038	2787	2889	2609	2896	2678	2793	3644	2710	2846	2773	2841	5586	2725	2703	2550	3048	2713	2510	2574	2684	2668	6731	3834	2983	2705	2646	2672	2717	2789	2599	2629	2489	2642	10656	2763	2611	2798	2570	2602	2999	2485	2313	2583	2964	3881	2722	3160	2731	2689	2744	3037	2257	2858	2366	2879	2755	3580	2869	3122	2866	2643	2597	2857	3004
0:50:30	30	2836	2705	3470	2901	2923	2868	2926	3270	2972	2961	2831	3083	2070	2523	2885	2669	2577	2674	2702	2811	2633	2804	2710	1609	2779	3204	3390	2629	2759	1558	4709	9108	2783	2901	2616	2904	2687	2806	3662	2721	2865	2783	2855	5589	2732	2716	2554	3036	2706	2521	2585	2689	2667	6741	3838	3002	2694	2623	2700	2724	2789	2627	2628	2496	2677	10681	2753	2623	2810	2569	2622	3007	2485	2316	2573	2969	3880	2730	3161	2743	2688	2736	3053	2278	2865	2372	2875	2760	3569	2866	3126	2884	2646	2619	2877	3022
0:50:51	30	2828	2708	3499	2901	2932	2873	2949	3269	2978	2959	2828	3075	2089	2528	2888	2667	2586	2673	2736	2818	2649	2811	2707	1600	2793	3235	3421	2648	2761	1559	4709	9126	2803	2912	2622	2924	2693	2806	3670	2727	2852	2798	2846	5576	2739	2721	2543	3065	2704	2513	2598	2700	2658	6778	3838	3019	2703	2632	2704	2744	2798	2627	2636	2472	2684	10674	2776	2628	2803	2582	2620	3022	2493	2317	2586	2976	3896	2748	3159	2766	2692	2744	3049	2291	2875	2373	2875	2756	3581	2881	3117	2866	2646	2618	2892	3030
0:51:12	30	2825	2715	3500	2890	2956	2879	2961	3294	2987	2972	2839	3075	2106	2524	2892	2682	2597	2688	2730	2824	2661	2805	2701	1614	2812	3228	3430	2646	2779	1561	4710	9094	2810	2894	2633	2926	2701	2827	3679	2724	2866	2786	2857	5621	2742	2716	2570	3074	2712	2528	2603	2698	2664	6804	3863	3013	2728	2621	2710	2741	2798	2647	2652	2508	2690	10682	2780	2631	2797	2587	2639	3021	2493	2326	2596	2968	3909	2733	3174	2766	2687	2762	3058	2300	2898	2379	2887	2767	3574	2885	3124	2872	2645	2615	2889	3012
0:51:33	30	2852	2729	3491	2908	2947	2880	2987	3294	2989	2984	2839	3081	2106	2547	2916	2684	2598	2693	2744	2821	2679	2816	2709	1615	2814	3225	3437	2644	2766	1572	4735	9086	2810	2920	2645	2924	2698	2839	3706	2741	2866	2807	2869	5610	2737	2722	2570	3068	2712	2515	2603	2706	2677	6811	3873	3024	2716	2635	2720	2747	2809	2668	2663	2503	2693	10716	2773	2635	2811	2602	2637	3031	2509	2333	2604	2993	3913	2745	3182	2764	2706	2760	3063	2323	2905	2384	2883	2763	3603	2912	3122	2891	2673	2622	2907	3046
0:51:54	30	2856	2725	3515	2898	2928	2888	2990	3292	2995	2993	2865	3077	2115	2535	2904	2693	2590	2688	2748	2833	2694	2832	2720	1639	2820	3257	3437	2668	2773	1576	4754	9132	2812	2923	2638	2924	2717	2835	3695	2738	2856	2788	2882	5638	2743	2725	2559	3083	2729	2532	2622	2713	2696	6877	3878	3025	2725	2647	2708	2754	2798	2662	2671	2520	2713	10691	2797	2657	2826	2588	2643	3041	2515	2338	2606	3003	3908	2746	3182	2776	2711	2774	3079	2331	2928	2386	2903	2765	3593	2916	3125	2894	2688	2636	2892	3048
0:52:15	30	2847	2726	3541	2900	2964	2887	2992	3292	2997	2991	2846	3090	2112	2546	2926	2696	2609	2707	2773	2832	2672	2859	2702	1625	2830	3251	3446	2669	2803	1580	4775	9161	2832	2914	2646	2932	2716	2866	3712	2751	2867	2806	2894	5639	2743	2741	2572	3105	2727	2536	2605	2714	2685	6899	3876	3056	2727	2668	2729	2762	2806	2666	2669	2515	2711	10701	2802	2645	2827	2600	2636	3042	2520	2355	2616	2998	3924	2757	3200	2781	2713	2770	3078	2344	2938	2396	2917	2779	3604	2916	3125	2909	2690	2640	2886	3063
0:52:36	30	2872	2739	3527	2904	2979	2905	3004	3312	3012	3002	2880	3096	2119	2564	2917	2706	2612	2703	2765	2846	2705	2853	2717	1630	2813	3265	3471	2669	2800	1578	4782	9167	2847	2933	2658	2957	2714	2869	3736	2753	2872	2813	2902	5670	2752	2747	2573	3098	2724	2554	2618	2724	2714	6906	3886	3063	2738	2660	2740	2775	2810	2673	2680	2514	2730	10753	2789	2658	2829	2614	2650	3065	2525	2348	2617	3016	3938	2756	3192	2800	2720	2782	3082	2351	2942	2387	2898	2770	3608	2911	3127	2913	2685	2664	2899	3067
0:52:57	30	2857	2747	3539	2916	2979	2911	3015	3309	3006	3030	2883	3123	2127	2560	2925	2704	2631	2711	2776	2858	2702	2884	2727	1631	2850	3269	3471	2684	2804	1575	4788	9128	2851	2939	2671	2950	2726	2885	3724	2770	2872	2822	2900	5673	2754	2759	2597	3104	2740	2546	2632	2721	2708	6958	3903	3093	2751	2669	2732	2784	2790	2685	2673	2535	2752	10726	2811	2671	2823	2613	2665	3048	2527	2358	2619	3021	3942	2751	3189	2792	2719	2791	3098	2364	2946	2411	2909	2780	3623	2933	3123	2904	2695	2656	2901	3057
0:53:18	30	2878	2740	3536	2923	2979	2910	3003	3312	3011	3040	2877	3136	2134	2582	2944	2720	2624	2723	2791	2848	2710	2905	2716	1625	2837	3282	3485	2689	2803	1583	4841	9129	2864	2952	2674	2959	2736	2896	3748	2770	2869	2850	2917	5697	2783	2754	2623	3110	2739	2552	2637	2727	2714	6907	3923	3084	2757	2685	2739	2821	2813	2687	2691	2541	2749	10727	2816	2667	2838	2623	2649	3081	2539	2351	2632	3029	3969	2763	3199	2785	2755	2794	3096	2370	2943	2411	2903	2781	3641	2931	3134	2932	2710	2671	2932	3072
0:53:39	30.1	2870	2751	3569	2911	2983	2917	3027	3299	3024	3058	2885	3143	2125	2582	2919	2714	2627	2739	2786	2849	2706	2889	2728	1648	2837	3273	3490	2703	2789	1586	4809	9191	2859	2968	2682	2964	2741	2882	3735	2767	2870	2851	2918	5722	2776	2763	2613	3107	2737	2574	2649	2731	2711	7005	3922	3099	2756	2690	2755	2802	2813	2698	2690	2526	2770	10763	2816	2674	2843	2623	2670	3083	2540	2355	2624	3035	3963	2763	3208	2801	2733	2808	3099	2377	2962	2415	2918	2771	3630	2940	3143	2944	2702	2670	2948	3089
0:54:00	30	2884	2773	3580	2911	2976	2919	3019	3327	3029	3068	2895	3140	2128	2574	2960	2731	2643	2737	2790	2868	2699	2924	2726	1641	2856	3296	3503	2705	2828	1595	4842	9245	2845	2960	2682	2962	2749	2891	3747	2785	2879	2848	2912	5747	2777	2779	2630	3107	2742	2563	2638	2739	2727	6978	3954	3105	2788	2677	2763	2821	2798	2711	2702	2546	2776	10679	2829	2676	2839	2626	2675	3062	2537	2355	2626	3049	3990	2757	3201	2824	2740	2817	3121	2375	2967	2433	2912	2769	3637	2954	3142	2945	2706	2667	2939	3080
0:54:21	30.1	2892	2774	3591	2925	2988	2926	3031	3330	3041	3047	2905	3150	2128	2584	2959	2738	2660	2729	2797	2876	2726	2937	2740	1642	2854	3308	3505	2701	2828	1596	4860	9177	2874	2979	2701	2969	2755	2917	3764	2786	2894	2842	2914	5770	2781	2777	2646	3092	2752	2572	2667	2749	2723	7021	3925	3111	2766	2713	2758	2843	2817	2715	2709	2549	2790	10749	2843	2697	2828	2621	2686	3084	2551	2366	2640	3051	3981	2766	3221	2817	2759	2812	3105	2392	2963	2441	2922	2778	3651	2960	3154	2952	2724	2650	2932	3105
0:54:42	30	2912	2781	3599	2929	2994	2946	3043	3329	3052	3055	2900	3181	2135	2582	2964	2730	2653	2757	2824	2866	2710	2927	2740	1650	2871	3308	3525	2710	2834	1601	4861	9180	2885	2971	2704	2994	2761	2901	3779	2787	2897	2869	2926	5768	2773	2781	2636	3108	2761	2581	2662	2749	2728	7075	3951	3126	2767	2703	2757	2841	2818	2724	2706	2547	2800	10731	2849	2701	2845	2638	2690	3109	2548	2374	2643	3066	3993	2771	3207	2834	2766	2827	3113	2393	2973	2456	2927	2785	3653	2978	3158	2947	2718	2690	2932	3113
0:55:03	30	2902	2778	3603	2941	2986	2926	3037	3359	3072	3066	2931	3199	2129	2588	2971	2762	2664	2761	2802	2882	2718	2935	2745	1647	2874	3319	3525	2704	2837	1602	4884	9229	2892	2988	2701	2989	2758	2933	3760	2806	2915	2858	2954	5785	2781	2793	2673	3100	2750	2593	2671	2755	2754	7062	3954	3133	2796	2707	2764	2862	2813	2729	2721	2571	2814	10708	2858	2703	2832	2643	2688	3109	2558	2373	2659	3068	4016	2782	3228	2834	2767	2825	3122	2384	2974	2469	2934	2791	3645	2985	3157	2965	2729	2688	2940	3123
0:55:24	30	2902	2795	3631	2949	2977	2964	3029	3360	3071	3073	2906	3205	2143	2602	2977	2750	2666	2753	2816	2889	2709	2968	2747	1646	2874	3335	3543	2729	2845	1604	4918	9195	2902	3001	2700	2993	2769	2940	3761	2799	2904	2875	2958	5813	2797	2796	2673	3106	2750	2595	2677	2768	2756	7101	3985	3136	2789	2703	2782	2859	2798	2714	2731	2568	2826	10692	2855	2728	2839	2642	2708	3111	2569	2384	2664	3063	4020	2791	3227	2839	2777	2825	3131	2397	2992	2475	2946	2786	3676	2991	3174	2974	2740	2709	2941	3130
0:55:45	30	2919	2795	3628	2949	2996	2945	3050	3357	3087	3083	2912	3215	2143	2599	2993	2760	2679	2766	2824	2892	2728	2965	2744	1659	2897	3336	3535	2744	2847	1609	4919	9249	2904	3009	2718	3012	2770	2932	3790	2822	2923	2874	2966	5819	2811	2796	2680	3130	2779	2597	2677	2756	2755	7130	3988	3134	2796	2719	2799	2879	2811	2732	2720	2572	2842	10722	2865	2714	2827	2652	2705	3130	2570	2385	2662	3085	4031	2789	3249	2843	2772	2830	3134	2401	2985	2486	2957	2792	3678	2990	3169	2993	2751	2687	2963	3144
0:56:06	30	2919	2798	3660	2961	2997	2960	3052	3371	3085	3082	2928	3218	2149	2604	2997	2774	2667	2779	2824	2907	2728	2968	2753	1662	2898	3347	3564	2728	2866	1613	4911	9235	2917	3008	2711	3008	2784	2966	3795	2807	2934	2878	2962	5815	2805	2812	2698	3103	2765	2594	2678	2779	2775	7137	3981	3141	2819	2716	2803	2882	2824	2755	2740	2568	2863	10737	2864	2716	2837	2665	2710	3137	2576	2400	2663	3097	4043	2804	3249	2859	2791	2855	3135	2410	2999	2503	2961	2786	3692	3002	3178	2977	2742	2697	2964	3145
0:56:27	30	2937	2806	3664	2965	2994	2965	3066	3347	3115	3106	2943	3246	2143	2617	3001	2775	2691	2777	2823	2912	2734	2983	2752	1666	2895	3340	3578	2727	2865	1620	4931	9261	2917	3011	2719	3020	2777	2957	3814	2817	2926	2888	2980	5874	2809	2802	2704	3107	2758	2622	2702	2788	2782	7186	4002	3138	2812	2743	2806	2898	2817	2743	2738	2584	2865	10751	2892	2749	2835	2670	2704	3142	2577	2393	2662	3085	4040	2808	3253	2860	2783	2853	3151	2415	2995	2522	2963	2797	3688	3007	3191	2996	2757	2717	2959	3140
0:56:48	30.1	2926	2813	3678	2963	2998	2966	3060	3373	3115	3106	2943	3259	2147	2622	3020	2777	2682	2790	2829	2923	2728	2996	2762	1669	2899	3352	3569	2745	2867	1616	4945	9233	2916	3027	2721	3019	2774	2976	3805	2836	2931	2902	2989	5858	2813	2812	2724	3090	2779	2612	2687	2788	2766	7205	4011	3120	2815	2729	2804	2885	2824	2754	2747	2586	2867	10788	2879	2737	2846	2679	2728	3119	2591	2418	2681	3098	4055	2811	3259	2855	2782	2854	3149	2399	2992	2531	2960	2786	3711	3022	3190	2999	2769	2721	2975	3146
0:57:09	30	2939	2819	3694	2964	3012	2992	3065	3383	3128	3119	2954	3258	2155	2629	3011	2779	2697	2788	2839	2917	2732	2999	2765	1690	2901	3369	3607	2764	2887	1621	4947	9296	2913	3026	2726	3045	2805	2975	3824	2833	2935	2904	2983	5875	2824	2835	2727	3094	2796	2630	2703	2788	2785	7236	4023	3148	2824	2746	2816	2898	2816	2738	2737	2599	2877	10766	2880	2732	2847	2673	2730	3159	2588	2400	2679	3123	4064	2809	3257	2862	2797	2862	3153	2416	2998	2537	2973	2801	3715	3020	3195	3009	2766	2725	2983	3151
0:57:30	30.1	2925	2817	3687	2976	2994	3000	3064	3378	3131	3114	2960	3275	2150	2638	3024	2785	2733	2796	2841	2914	2744	3003	2773	1678	2894	3376	3591	2759	2895	1623	4980	9250	2937	3022	2720	3045	2804	2968	3842	2839	2941	2900	2999	5904	2825	2840	2734	3103	2797	2628	2707	2797	2780	7233	4027	3144	2824	2738	2813	2913	2812	2740	2758	2591	2903	10773	2891	2752	2835	2692	2735	3164	2600	2405	2691	3129	4078	2825	3258	2867	2813	2874	3173	2421	2991	2549	2978	2787	3725	3048	3202	3004	2779	2732	2990	3152
0:57:51	30	2944	2830	3688	2969	3006	3003	3110	3372	3152	3118	2967	3292	2165	2644	3038	2790	2731	2803	2849	2933	2743	3012	2776	1716	2918	3383	3594	2763	2910	1627	4986	9335	2936	3038	2726	3043	2816	2978	3832	2855	2956	2912	2999	5906	2827	2843	2735	3118	2806	2625	2712	2801	2776	7269	4042	3145	2831	2757	2823	2909	2836	2756	2759	2608	2903	10818	2906	2761	2848	2705	2746	3169	2603	2424	2662	3148	4097	2828	3276	2889	2815	2870	3167	2426	3006	2557	2984	2806	3710	3056	3208	3005	2774	2755	3011	3182
0:58:12	30	2957	2832	3699	2972	3020	3005	3094	3406	3144	3112	2978	3320	2163	2645	3033	2798	2739	2807	2843	2956	2749	3030	2780	1722	2923	3395	3593	2773	2891	1626	5024	9329	2938	3073	2731	3051	2804	2979	3849	2863	2961	2914	3004	5940	2833	2868	2738	3119	2813	2634	2720	2812	2811	7324	4049	3163	2838	2756	2833	2911	2837	2749	2774	2605	2915	10780	2904	2747	2865	2692	2758	3164	2605	2432	2701	3153	4121	2825	3287	2890	2824	2878	3176	2426	3012	2576	2997	2809	3741	3065	3223	3020	2786	2764	3001	3180
0:58:33	30	2963	2832	3711	2996	3011	3008	3122	3404	3163	3121	2972	3335	2162	2650	3032	2801	2750	2812	2842	2937	2738	3038	2786	1755	2933	3416	3627	2786	2904	1625	5020	9357	2940	3046	2741	3069	2802	2986	3859	2862	2952	2908	3007	5959	2834	2867	2753	3128	2802	2632	2704	2814	2808	7319	4062	3144	2852	2763	2827	2910	2832	2771	2774	2606	2907	10775	2894	2765	2838	2698	2754	3177	2613	2441	2704	3166	4143	2839	3297	2901	2813	2890	3175	2430	2992	2575	2993	2832	3739	3082	3235	3030	2784	2767	3013	3197
0:58:54	30.1	2969	2844	3707	2997	3017	3016	3116	3409	3155	3130	2979	3346	2176	2670	3057	2812	2763	2810	2856	2950	2746	3033	2795	1744	2932	3393	3639	2779	2914	1638	5022	9359	2960	3070	2742	3061	2818	2964	3864	2869	2964	2926	3024	5981	2851	2881	2759	3142	2811	2650	2731	2825	2816	7343	4070	3162	2854	2773	2837	2919	2844	2757	2794	2614	2915	10819	2913	2769	2858	2712	2773	3191	2614	2445	2718	3185	4164	2840	3289	2901	2836	2906	3175	2441	3000	2581	3001	2824	3748	3073	3235	3042	2788	2781	3014	3187
0:59:15	30	2971	2835	3720	3012	3004	3004	3131	3420	3157	3119	2989	3350	2180	2652	3075	2814	2757	2813	2854	2962	2767	3029	2791	1753	2932	3414	3648	2783	2910	1633	5037	9336	2972	3073	2748	3072	2815	2993	3878	2872	2972	2936	3023	5983	2861	2902	2749	3134	2815	2658	2724	2816	2814	7330	4081	3173	2868	2770	2844	2926	2842	2754	2785	2617	2903	10856	2934	2799	2850	2709	2781	3187	2619	2459	2719	3186	4178	2846	3309	2920	2839	2916	3185	2439	3020	2596	2998	2847	3752	3099	3239	3050	2803	2794	3016	3197
0:59:36	30	2982	2850	3720	2995	3021	3016	3129	3423	3156	3121	2993	3365	2189	2672	3077	2823	2771	2825	2865	2989	2770	3038	2818	1766	2957	3434	3643	2782	2915	1634	5075	9357	2973	3072	2744	3063	2831	2981	3896	2879	2979	2949	3028	5994	2867	2931	2757	3126	2810	2648	2732	2823	2817	7371	4083	3182	2861	2780	2850	2946	2849	2761	2802	2628	2908	10769	2954	2823	2857	2712	2773	3202	2626	2452	2713	3214	4187	2831	3316	2919	2850	2901	3198	2440	3010	2598	2999	2825	3750	3108	3243	3054	2813	2782	3026	3210
0:59:57	30	2980	2859	3734	3006	3006	3029	3126	3439	3154	3133	2989	3410	2194	2662	3096	2831	2779	2832	2851	3011	2763	3043	2809	1778	2956	3426	3658	2803	2927	1644	5060	9363	2949	3087	2747	3096	2829	2987	3882	2879	2982	2953	3052	6000	2874	2915	2758	3146	2813	2672	2747	2830	2822	7421	4118	3178	2873	2796	2871	2938	2852	2760	2807	2635	2922	10814	2976	2814	2856	2716	2779	3205	2640	2463	2722	3220	4211	2847	3329	2930	2853	2919	3216	2453	3014	2612	3015	2848	3779	3113	3262	3056	2822	2789	3052	3213
