TITLE,A1_25mMtris_25mMnacl_ph8_noAddedZn_A280_0.506
DATA TYPE,CD SPECTRUM
ORIGIN,JASCO
OWNER,
DATE,2025/03/26
TIME,16:35:44
SPECTROMETER/DATA SYSTEM,JASCO Corp., J-1500, Rev. 1.00
DELTAX,-1
XUNITS,NANOMETERS
YUNITS,CD [mdeg]
Y2UNITS,HT [V]
FIRSTX,  250.0000
LASTX,  200.0000
NPOINTS,      51
FIRSTY,    -0.80640
MAXY,    46.44930
MINY,   -90.58923
XYDATA
Channel 1
,25,35,45.01,54.99,65.02,75.02,85.02,95.03
250,-0.806403,-0.542149,-0.3474,-0.589746,-0.689166,-0.442218,-0.481768,-0.962515
249,-0.898114,-0.671088,-0.656983,-0.813737,-0.938252,-0.855007,-0.925121,-1.34104
248,-1.14282,-0.933207,-1.02857,-1.06223,-1.25456,-1.08174,-1.411,-1.49992
247,-1.27962,-1.25864,-1.59971,-1.25094,-1.60146,-1.31093,-1.76622,-1.48909
246,-1.49919,-1.929,-1.94088,-2.05063,-2.18015,-1.91613,-2.33572,-2.10644
245,-2.39184,-2.48315,-2.6185,-3.00091,-2.72016,-2.46488,-3.04054,-2.79591
244,-3.28189,-3.34902,-3.5702,-3.3891,-3.4733,-3.21661,-3.56658,-3.2561
243,-4.77304,-4.84383,-4.74011,-4.69881,-4.21922,-3.97785,-3.98698,-3.94894
242,-6.14393,-6.14968,-6.31039,-6.06755,-5.02983,-4.83972,-5.16487,-5.08004
241,-7.77165,-7.89968,-8.13515,-7.66847,-6.3598,-6.23963,-5.92376,-6.22242
240,-10.0035,-10.0779,-10.2309,-9.57105,-8.03377,-7.26045,-7.22894,-7.16643
239,-12.9491,-13.0653,-13.0474,-12.022,-9.98898,-9.12868,-8.49091,-8.45067
238,-16.2203,-15.9532,-15.553,-14.677,-11.9762,-10.5141,-9.88196,-9.77766
237,-19.9779,-19.7204,-19.5028,-18.0102,-14.2776,-12.1233,-11.5837,-11.294
236,-24.2226,-24.1679,-23.6772,-21.286,-16.5026,-14.4489,-13.5199,-12.9587
235,-29.3516,-29.0409,-28.2545,-25.0086,-19.6996,-16.754,-15.1829,-14.3335
234,-34.6912,-33.7137,-32.7451,-29.1963,-22.3175,-18.3104,-16.8266,-15.9823
233,-40.9174,-39.7531,-38.1518,-33.555,-25.483,-20.9223,-19.3092,-17.6603
232,-47.082,-45.8071,-43.4001,-38.216,-29.1432,-23.4031,-21.0664,-19.5682
231,-52.7002,-51.2813,-48.5125,-42.5838,-32.0957,-25.2692,-22.6182,-20.7881
230,-59.238,-57.2903,-54.3472,-47.7062,-35.6494,-27.9326,-25.0571,-22.4992
229,-65.6589,-63.3099,-59.6175,-52.3575,-39.1415,-30.5947,-26.674,-24.7021
228,-71.7375,-68.6558,-64.5264,-56.2351,-41.1584,-32.2518,-28.0172,-26.2686
227,-77.1282,-74.516,-69.3055,-60.571,-43.5153,-33.577,-30.3068,-27.8022
226,-81.5006,-78.8859,-72.8668,-63.8268,-46.0331,-35.6774,-31.6585,-28.5877
225,-85.1409,-81.7433,-76.2297,-66.3988,-47.7725,-38.0584,-32.9622,-29.4502
224,-88.1415,-83.7222,-78.5881,-68.3577,-49.743,-38.6285,-34.5821,-30.8184
223,-90.0436,-85.7579,-80.6419,-69.2539,-51.0832,-39.0001,-35.8107,-31.5763
222,-90.5479,-86.9529,-81.4375,-70.2518,-51.6543,-40.4707,-36.0207,-31.8968
221,-90.5892,-86.6286,-80.9582,-69.9072,-51.1973,-40.8491,-36.2268,-31.8251
220,-89.397,-86.2192,-80.9811,-69.6988,-51.5192,-41.0184,-36.6005,-32.5395
219,-87.6064,-86.1266,-79.3221,-68.902,-51.6918,-40.9051,-36.9111,-32.9487
218,-86.2446,-84.2235,-79.2094,-67.4688,-50.6972,-41.0514,-36.6546,-33.5181
217,-85.3218,-81.8472,-77.5299,-66.8477,-50.5835,-40.7418,-35.8056,-33.2524
216,-84.4236,-80.4389,-76.1914,-65.8568,-50.1498,-41.4561,-37.2818,-32.5431
215,-83.0387,-79.1644,-75.2175,-66.8505,-50.2172,-41.6805,-37.5387,-33.9713
214,-82.2468,-79.3238,-75.3313,-66.6095,-51.4487,-41.5032,-38.3454,-35.0886
213,-81.6233,-80.4224,-75.3645,-67.091,-52.1522,-43.5829,-38.5152,-36.009
212,-82.5542,-81.6416,-77.5162,-68.2783,-51.8864,-45.5539,-39.861,-36.7532
211,-84.9248,-83.1297,-80.6569,-70.1104,-54.7516,-46.7472,-42.5739,-39.4451
210,-87.6909,-86.0188,-81.197,-72.0205,-58.376,-49.0954,-44.6743,-40.6213
209,-89.0737,-87.6193,-81.8176,-74.4902,-60.5298,-52.6142,-45.8079,-43.3999
208,-89.4116,-86.6242,-82.6679,-76.1572,-62.3396,-54.3149,-46.1771,-46.0055
207,-86.1008,-84.2143,-79.1228,-71.3924,-61.3461,-55.7446,-50.5369,-48.5384
206,-78.1243,-77.827,-73.4619,-67.8403,-61.6642,-52.6789,-54.0302,-50.6891
205,-66.5987,-65.522,-63.971,-60.3435,-57.0202,-51.0746,-50.202,-50.3905
204,-53.8964,-53.1795,-46.6081,-47.5041,-48.6074,-49.9689,-46.084,-43.8008
203,-36.8694,-27.9021,-33.1981,-30.7674,-37.1937,-44.035,-37.7301,-42.0016
202,-19.4175,-6.7171,-14.6097,-17.9604,-33.3169,-29.9413,-28.7899,-35.0472
201,15.937,15.0555,18.1312,-0.631478,-16.0068,-11.6197,-27.7918,-43.3934
200,46.4493,46.3779,41.7999,21.7259,-0.444099,-0.19677,1.33003,-45.1506
Channel 2
,25,35,45.01,54.99,65.02,75.02,85.02,95.03
250,293.559,293.917,293.994,294.301,294.683,295.014,295.342,295.558
249,293.895,294.211,294.254,294.598,295.013,295.363,295.634,295.906
248,294.171,294.46,294.592,294.885,295.321,295.687,295.952,296.226
247,294.486,294.805,294.969,295.229,295.713,295.991,296.343,296.61
246,294.884,295.244,295.358,295.629,296.13,296.441,296.864,297.142
245,295.299,295.687,295.846,296.116,296.589,296.974,297.39,297.675
244,295.799,296.192,296.368,296.664,297.179,297.523,297.976,298.232
243,296.42,296.85,297.078,297.393,297.885,298.295,298.723,299.048
242,297.232,297.684,297.921,298.253,298.734,299.216,299.647,299.977
241,298.156,298.691,298.947,299.303,299.759,300.255,300.752,301.094
240,299.418,299.982,300.302,300.67,301.136,301.651,302.176,302.572
239,301.059,301.656,301.988,302.372,302.899,303.407,303.936,304.342
238,302.911,303.514,303.858,304.281,304.828,305.383,305.864,306.286
237,305.208,305.843,306.153,306.61,307.198,307.721,308.247,308.671
236,307.777,308.407,308.801,309.254,309.826,310.381,310.887,311.324
235,310.974,311.641,312.084,312.571,313.067,313.628,314.116,314.563
234,314.332,315.024,315.509,315.942,316.389,316.955,317.412,317.791
233,318.65,319.255,319.773,320.152,320.603,321.064,321.527,321.86
232,323.239,323.827,324.32,324.655,325.052,325.497,325.946,326.221
231,327.342,328.046,328.514,328.802,329.132,329.551,329.984,330.253
230,332.219,332.89,333.285,333.628,333.847,334.251,334.65,334.856
229,337.62,338.204,338.577,338.915,339.145,339.543,339.829,340.005
228,342.843,343.343,343.741,344.052,344.278,344.683,345.062,345.154
227,348.152,348.699,349.13,349.391,349.664,350.042,350.502,350.586
226,353.099,353.573,353.951,354.261,354.626,355.061,355.492,355.682
225,357.753,358.216,358.545,358.933,359.389,359.878,360.271,360.535
224,362.399,362.925,363.203,363.668,364.232,364.798,365.279,365.535
223,366.841,367.414,367.7,368.165,368.832,369.487,370.056,370.407
222,371.78,372.346,372.726,373.215,374.011,374.679,375.355,375.825
221,376.742,377.336,377.687,378.262,379.151,379.99,380.775,381.347
220,381.471,382.003,382.449,383.095,384.067,385.129,385.964,386.608
219,386.689,387.277,387.832,388.56,389.749,391.062,392.051,392.849
218,391.721,392.422,392.913,393.926,395.402,396.89,398.041,399.02
217,397.289,398.048,398.741,399.911,401.65,403.484,404.858,406.004
216,403.069,403.94,404.715,406.045,408.141,410.296,411.872,413.312
215,409.592,410.653,411.567,413.173,415.697,418.148,419.958,421.758
214,416.203,417.417,418.671,420.476,423.472,426.243,428.406,430.539
213,424.246,425.641,427.191,429.362,432.907,436.141,438.746,441.194
212,434.194,435.823,437.684,440.357,444.55,448.345,451.415,454.432
211,443.93,445.78,447.995,451.15,455.953,460.399,464.03,467.599
210,455.41,457.585,460.307,463.958,469.677,474.889,479.207,483.471
209,469.664,472.33,475.528,479.885,486.732,492.945,498.042,503.289
208,486.131,489.305,493.127,498.35,506.513,513.997,520.159,526.625
207,507.833,511.722,516.479,522.985,533.269,542.673,550.483,558.659
206,532.012,536.662,542.375,550.539,563.344,575.152,584.963,595.485
205,564.305,569.915,577.123,587.643,604.363,619.521,632.273,646.188
204,595.916,602.573,611.392,624.183,644.82,663.627,679.642,697.265
203,638.497,646.871,657.799,674.068,699.934,723.57,744.305,767.439
202,685.939,696.069,709.511,729.661,760.986,789.589,816.067,845.939
201,748.489,761.069,778.235,803.441,842.191,878.276,914.314,954.77
200,815.849,831.42,853.088,884.464,932.576,974.921,1019.42,1057.73
