TITLE,ZETA_4_aka_C5
DATA TYPE,CD SPECTRUM
ORIGIN,JASCO
OWNER,
DATE,2025/04/16
TIME,18:12:28
SPECTROMETER/DATA SYSTEM,JASCO Corp., J-1500, Rev. 1.00
DELTAX,-1
XUNITS,NANOMETERS
YUNITS,CD [mdeg]
Y2UNITS,HT [V]
FIRSTX,  250.0000
LASTX,  200.0000
NPOINTS,      51
FIRSTY,    -0.16627
MAXY,    40.65601
MINY,   -74.13525
XYDATA
Channel 1
,24.99,35.02,45.01,55.03,65.02,74.99,85.02,94.99
250,-0.166269,0.0286853,-0.0136197,-0.279899,-0.320678,-0.728036,-0.323036,-0.667179
249,-0.0618161,-0.499045,-0.116361,-0.573883,-0.222529,-0.710559,-0.438266,-0.80811
248,-0.315227,-0.634369,-0.582429,-0.835162,-0.762724,-0.83674,-0.664514,-1.15333
247,-0.545669,-0.881652,-0.929555,-1.05247,-1.13298,-1.14215,-1.04056,-1.70317
246,-1.05862,-1.40149,-1.30273,-1.55585,-1.39125,-1.61934,-1.51225,-1.81065
245,-1.55929,-1.83381,-1.87385,-1.93031,-1.73179,-2.0638,-2.11676,-2.32112
244,-2.22029,-2.34142,-2.33218,-2.47007,-2.56454,-2.65577,-2.97113,-2.8242
243,-3.09984,-3.13871,-3.51209,-3.41297,-3.37075,-3.74832,-3.79472,-3.87748
242,-4.10917,-4.08535,-4.59903,-4.43624,-4.64241,-4.77147,-4.94225,-4.95779
241,-5.39796,-5.82285,-5.71566,-5.76433,-6.32119,-6.33983,-6.48259,-6.61258
240,-6.9808,-7.4433,-7.61896,-7.70564,-7.81288,-7.89268,-8.04424,-8.0533
239,-9.4137,-9.50968,-9.82243,-10.1364,-9.78508,-10.124,-10.2747,-10.3099
238,-11.9113,-11.831,-12.0001,-12.5707,-12.2457,-12.7471,-12.8125,-12.7905
237,-14.9533,-15.0809,-14.9806,-15.2436,-15.3426,-15.8178,-15.7963,-15.5449
236,-18.2281,-18.3796,-17.9942,-18.641,-18.4932,-18.6474,-18.7854,-18.2953
235,-22.3905,-22.5456,-22.3006,-22.5293,-22.2645,-22.2778,-21.952,-22.0308
234,-26.6025,-26.4618,-26.7699,-26.4244,-26.0556,-26.1789,-25.7299,-25.5117
233,-31.2906,-31.4936,-31.0288,-31.1571,-30.5834,-30.8221,-29.8941,-29.6462
232,-36.4938,-36.6439,-35.791,-35.5869,-35.1018,-34.9343,-33.9633,-33.2909
231,-41.4199,-41.0386,-40.6903,-39.6789,-39.1848,-38.9184,-37.7723,-36.7475
230,-46.7681,-46.3977,-46.1264,-44.3934,-43.5652,-43.0876,-41.9052,-40.5795
229,-51.8764,-51.2415,-50.5807,-48.9363,-48.2809,-47.3498,-45.7999,-44.4893
228,-55.925,-55.3288,-54.2807,-53.0868,-52.2052,-50.8831,-49.6039,-47.7032
227,-60.3196,-59.5778,-58.7645,-57.014,-55.4102,-53.8902,-52.3822,-50.5451
226,-64.0344,-63.3299,-61.4868,-59.7878,-58.0667,-56.5983,-54.6519,-53.243
225,-66.5052,-65.7458,-63.7215,-62.2198,-60.337,-58.3804,-56.5292,-55.2508
224,-68.624,-67.482,-65.5245,-63.8049,-62.3179,-60.1777,-58.0257,-56.2188
223,-69.9711,-68.4759,-66.6595,-65.437,-63.6801,-61.1028,-58.9404,-56.9803
222,-70.9083,-69.3901,-67.413,-65.6508,-63.8394,-62.1296,-59.3439,-57.4499
221,-70.9774,-68.9391,-67.1926,-65.2764,-63.781,-62.0718,-59.7127,-57.6635
220,-70.9983,-68.6038,-67.3901,-65.413,-63.0703,-61.7841,-59.4552,-57.1217
219,-70.2237,-68.0068,-66.5113,-64.9038,-62.3364,-61.4271,-58.8918,-56.3992
218,-68.8515,-67.2864,-65.3998,-64.3101,-62.43,-60.9919,-59.0435,-56.5104
217,-68.1721,-66.7563,-65.2913,-63.6649,-62.0152,-60.5878,-58.8739,-56.9627
216,-67.4184,-66.0362,-64.8607,-63.2025,-61.2569,-59.9607,-58.7857,-56.95
215,-66.8861,-65.3638,-63.9459,-63.2199,-61.4548,-59.7846,-58.4703,-57.1888
214,-67.2817,-65.7483,-64.4422,-63.4865,-61.6674,-60.6959,-59.1311,-58.1322
213,-68.0832,-66.3943,-65.4873,-64.16,-62.6582,-62.4233,-60.2902,-58.5909
212,-68.9958,-67.8564,-66.9692,-65.5178,-64.8123,-63.5351,-61.9389,-60.6909
211,-70.097,-69.8034,-68.6692,-67.9029,-67.2402,-64.9666,-63.9288,-63.5778
210,-72.59,-71.5764,-70.9894,-70.0061,-69.4876,-67.7656,-66.1713,-65.3609
209,-74.1352,-73.3205,-72.1792,-71.3003,-70.3707,-68.7027,-68.8344,-66.8137
208,-73.8274,-74.0073,-72.1324,-70.7085,-69.8413,-68.4211,-67.9048,-66.1197
207,-70.5255,-69.7399,-69.125,-67.4789,-67.4495,-65.1204,-64.1761,-61.9365
206,-64.6104,-62.3193,-62.0248,-60.9582,-60.4577,-58.6337,-58.276,-55.7383
205,-53.5601,-52.427,-51.0747,-50.1713,-48.7933,-47.1684,-47.8067,-46.6385
204,-42.4822,-41.7445,-39.1567,-39.1435,-37.4124,-35.9938,-35.7957,-34.9814
203,-26.6251,-26.4857,-23.4989,-24.7755,-22.4991,-21.9226,-20.7497,-20.0391
202,-9.53298,-11.01,-6.68418,-7.92644,-8.48436,-3.91822,-2.57573,-4.4091
201,15.4366,12.2911,16.578,12.7168,11.8278,16.697,16.6653,18.7993
200,40.656,37.3901,36.108,37.3726,36.575,33.8276,36.1759,40.8856
Channel 2
,24.99,35.02,45.01,55.03,65.02,74.99,85.02,94.99
250,289.768,289.981,290.287,290.519,290.536,290.79,291.011,291.239
249,289.966,290.216,290.536,290.69,290.81,291.014,291.277,291.475
248,290.145,290.432,290.755,290.898,291.072,291.313,291.618,291.724
247,290.383,290.761,291.019,291.235,291.348,291.602,291.898,292.063
246,290.751,291.1,291.377,291.548,291.743,291.944,292.266,292.446
245,291.071,291.429,291.759,291.949,292.056,292.375,292.669,292.83
244,291.4,291.756,292.108,292.388,292.441,292.744,293.029,293.277
243,291.845,292.215,292.593,292.803,292.924,293.177,293.558,293.823
242,292.396,292.843,293.168,293.428,293.5,293.872,294.243,294.491
241,293.056,293.568,293.873,294.16,294.264,294.651,295.008,295.243
240,293.962,294.426,294.822,295.1,295.234,295.638,296.042,296.292
239,295.093,295.543,296.03,296.337,296.455,296.871,297.265,297.515
238,296.457,296.915,297.313,297.673,297.882,298.21,298.61,298.935
237,298.098,298.554,298.992,299.279,299.541,299.872,300.284,300.628
236,299.881,300.389,300.797,301.079,301.383,301.737,302.16,302.458
235,302.107,302.65,303.02,303.36,303.654,303.967,304.429,304.755
234,304.402,304.946,305.326,305.658,305.906,306.202,306.657,306.948
233,307.153,307.69,308.038,308.355,308.648,308.892,309.34,309.571
232,310.085,310.583,310.905,311.213,311.459,311.703,312.086,312.293
231,312.677,313.105,313.447,313.72,313.912,314.187,314.505,314.735
230,315.499,315.909,316.243,316.495,316.664,316.896,317.173,317.377
229,318.729,319.121,319.446,319.671,319.799,320.045,320.268,320.44
228,321.891,322.292,322.593,322.791,322.889,323.092,323.349,323.459
227,324.996,325.382,325.608,325.887,325.935,326.098,326.357,326.465
226,327.814,328.153,328.349,328.592,328.672,328.821,329.082,329.247
225,330.322,330.714,330.933,331.094,331.198,331.405,331.642,331.775
224,332.731,333.072,333.323,333.501,333.622,333.84,334.099,334.283
223,334.961,335.278,335.527,335.799,335.915,336.174,336.426,336.683
222,337.363,337.65,338.001,338.238,338.409,338.689,339.085,339.353
221,339.698,340.021,340.388,340.655,340.851,341.22,341.677,342.032
220,341.929,342.291,342.621,343.006,343.197,343.685,344.248,344.695
219,344.494,344.913,345.331,345.702,346.099,346.613,347.255,347.798
218,347.008,347.501,348.034,348.464,348.943,349.541,350.315,350.993
217,349.779,350.357,350.978,351.483,352.153,352.794,353.738,354.641
216,352.613,353.236,353.975,354.58,355.322,356.206,357.299,358.373
215,355.755,356.531,357.371,358.192,359.022,360.154,361.411,362.691
214,358.955,359.92,360.909,361.871,362.906,364.21,365.702,367.249
213,362.943,364.034,365.178,366.359,367.647,369.165,370.958,372.878
212,368.138,369.389,370.865,372.268,373.89,375.682,377.834,380.108
211,373.375,374.907,376.585,378.222,380.08,382.161,384.734,387.45
210,379.775,381.524,383.485,385.429,387.544,390.095,393.075,396.361
209,387.807,389.829,392.054,394.43,396.863,399.991,403.451,407.43
208,396.999,399.323,401.863,404.647,407.626,411.22,415.388,420.278
207,409.103,411.818,414.954,418.246,421.908,426.286,431.483,437.705
206,422.433,425.643,429.282,433.221,437.738,443.159,449.597,457.391
205,440.054,443.956,448.362,453.253,458.879,465.836,474.261,484.526
204,457.282,461.871,467.182,473.024,480.072,488.627,499.224,512.424
203,480.69,486.111,492.685,500.023,509.091,520.231,534.213,551.94
202,505.877,512.45,520.552,529.948,541.522,556.048,574.537,597.965
201,539.036,547.504,558.053,570.813,586.519,606.475,632.086,664.852
200,574.678,585.591,599.528,616.498,638.011,665.251,700.083,744.539
