TITLE,H6_25mMtris_25mMnacl_ph8_FINAL_THERM
DATA TYPE,CD SPECTRUM
ORIGIN,JASCO
OWNER,
DATE,2025/03/28
TIME,22:11:31
SPECTROMETER/DATA SYSTEM,JASCO Corp., J-1500, Rev. 1.00
DELTAX,-1
XUNITS,NANOMETERS
YUNITS,CD [mdeg]
Y2UNITS,HT [V]
FIRSTX,  250.0000
LASTX,  200.0000
NPOINTS,      51
FIRSTY,    -0.54869
MAXY,    45.46504
MINY,  -172.22595
XYDATA
Channel 1
,25,35,44.99,54.99,65.01,74.99,85,95
250,-0.548693,-0.731971,-0.72948,-0.930957,-1.11582,-0.994397,-1.25884,-1.43127
249,-0.72417,-0.859839,-1.14576,-1.39067,-1.06918,-1.4377,-1.55165,-1.99282
248,-1.38272,-1.47972,-1.56922,-1.8316,-1.62169,-1.80155,-1.82704,-2.33084
247,-2.12849,-2.3126,-2.53401,-2.67136,-2.54429,-2.50372,-2.77365,-2.97162
246,-2.90207,-3.24028,-3.38458,-3.53608,-3.90604,-3.71357,-3.83677,-3.82573
245,-3.83272,-3.99513,-4.53971,-5.07885,-5.19176,-4.91253,-5.07892,-4.8908
244,-5.5906,-5.58943,-6.31488,-6.68179,-6.59921,-6.32939,-6.16986,-5.95924
243,-7.87989,-7.95188,-8.66128,-8.76347,-8.96512,-8.60726,-8.09749,-7.51779
242,-10.6076,-10.6198,-11.1311,-11.2772,-11.4845,-10.9571,-10.3305,-9.40904
241,-13.893,-14.1384,-14.6222,-14.8278,-14.6056,-13.9584,-13.1094,-11.6847
240,-18.0313,-18.2238,-18.9046,-18.8661,-18.4155,-17.501,-16.1287,-13.9108
239,-23.5295,-23.4193,-23.9443,-23.7945,-23.629,-21.7569,-19.9242,-16.8276
238,-29.3097,-28.9924,-29.666,-29.267,-28.6401,-26.3734,-23.8951,-19.8246
237,-36.3707,-36.1415,-36.845,-35.9323,-35.1057,-32.1427,-28.6352,-23.5885
236,-44.3635,-43.7381,-44.034,-43.5438,-41.8792,-38.6785,-33.7595,-27.1695
235,-53.915,-52.8283,-52.7938,-52.2498,-49.6117,-45.8195,-39.6308,-31.2013
234,-63.6206,-62.0662,-61.8929,-60.4096,-57.2784,-52.8011,-45.5578,-35.382
233,-74.5749,-72.6076,-72.422,-70.3629,-66.0127,-60.4297,-52.3775,-40.3203
232,-86.3482,-83.633,-82.5748,-80.2738,-75.4838,-68.1275,-58.038,-44.6899
231,-97.4151,-93.6911,-92.0476,-89.2169,-83.5466,-75.2765,-63.8981,-48.5164
230,-109.243,-105.36,-103.341,-100.012,-93.3025,-83.7237,-70.5469,-53.1137
229,-121.305,-116.008,-114.077,-109.506,-101.971,-91.7835,-76.9989,-57.3212
228,-131.529,-125.315,-122.674,-118.016,-110.219,-98.6175,-82.5909,-60.5577
227,-141.897,-134.696,-131.631,-126.766,-117.925,-104.895,-87.8688,-64.0306
226,-150.218,-142.371,-138.972,-133.354,-123.45,-109.874,-92.2268,-66.6855
225,-156.504,-148.277,-144.044,-138.04,-128.554,-114.487,-95.1296,-68.734
224,-161.207,-152.821,-148.395,-141.942,-132.007,-117.356,-97.8191,-71.4409
223,-163.631,-155.084,-151.645,-144.233,-133.993,-118.928,-99.1508,-72.4606
222,-164.926,-156.328,-152.453,-144.715,-134.973,-120.458,-100.033,-72.164
221,-164.199,-156.032,-152.432,-145.085,-133.99,-119.916,-100.577,-73.161
220,-163.071,-154.98,-151.124,-143.742,-133.176,-118.765,-100.425,-74.2214
219,-159.777,-152.04,-147.912,-141.946,-132.018,-117.497,-100.661,-72.7955
218,-157.001,-149.784,-145.814,-140.955,-130.63,-115.776,-99.7551,-73.4206
217,-153.681,-148.422,-143.626,-138.738,-130.275,-115.858,-98.533,-73.4844
216,-152.153,-146.89,-142.549,-137.503,-129.154,-114.861,-99.1319,-73.7187
215,-150.796,-145.659,-141.598,-137.487,-128.367,-114.557,-99.7673,-73.9047
214,-149.828,-145.313,-140.995,-137.763,-128.82,-116.601,-101.359,-75.2196
213,-149.921,-145.589,-142.797,-138.475,-129.544,-118.268,-103.651,-78.6045
212,-154.416,-147.055,-145.674,-141.944,-132.965,-120.983,-105.91,-82.9877
211,-158.616,-151.144,-149.619,-146.978,-137.122,-126.826,-111.135,-85.9615
210,-163.788,-157.208,-156.316,-151.553,-143.359,-133.004,-116.598,-88.6453
209,-169.805,-163.601,-162.445,-158.601,-149.26,-138.902,-122.394,-95.4927
208,-172.226,-167.999,-167.008,-160.58,-152.216,-142.508,-125.446,-101.02
207,-169.021,-164.832,-163.163,-156.764,-149.996,-137.948,-119.696,-100.732
206,-156.746,-151.599,-151.809,-146.603,-144.153,-128.346,-109.836,-96.951
205,-135.93,-127.909,-129.311,-128.926,-118.993,-110.428,-97.9464,-71.5301
204,-117.625,-102.789,-113.161,-103.735,-101.277,-80.9549,-80.3687,-50.0031
203,-90.8,-72.4965,-86.2963,-69.009,-67.6315,-69.4992,-62.5056,-29.5032
202,-35.4023,-27.5297,-22.811,-46.5516,-13.4772,-35.9119,-32.7555,-6.21117
201,-1.85285,31.7953,26.0539,43.803,7.3097,25.9531,-17.7986,34.4735
200,45.465,74.1654,16.1524,33.9454,36.281,51.4376,35.1797,27.2744
Channel 2
,25,35,44.99,54.99,65.01,74.99,85,95
250,293.185,293.624,293.811,294.277,294.715,295.003,295.248,295.377
249,293.418,293.83,294.047,294.557,295,295.282,295.599,295.735
248,293.644,294.021,294.314,294.779,295.243,295.597,295.926,296.106
247,293.916,294.353,294.725,295.143,295.601,295.994,296.302,296.547
246,294.344,294.772,295.155,295.678,296.168,296.542,296.798,297.104
245,294.849,295.299,295.662,296.185,296.743,297.141,297.444,297.756
244,295.398,295.859,296.244,296.821,297.332,297.773,298.115,298.464
243,296.167,296.641,297.026,297.598,298.141,298.618,299.005,299.315
242,297.086,297.584,298.018,298.622,299.197,299.651,300.092,300.399
241,298.205,298.699,299.256,299.834,300.464,300.96,301.32,301.73
240,299.784,300.297,300.818,301.431,302.123,302.624,303.044,303.373
239,301.74,302.291,302.815,303.457,304.21,304.619,305.068,305.403
238,303.931,304.437,305.05,305.733,306.42,306.807,307.249,307.603
237,306.607,307.126,307.739,308.424,309.038,309.547,309.996,310.344
236,309.516,310.017,310.667,311.35,312.084,312.475,312.843,313.258
235,313.047,313.455,314.144,314.879,315.683,315.96,316.395,316.77
234,316.671,317.005,317.736,318.496,319.235,319.634,320.063,320.385
233,321.086,321.348,322.165,322.9,323.585,324.074,324.415,324.724
232,325.689,325.837,326.707,327.404,328.134,328.665,328.923,329.29
231,329.993,330.035,330.82,331.6,332.305,332.83,333.153,333.523
230,334.946,334.877,335.608,336.495,337.237,337.758,338.089,338.452
229,340.528,340.291,341.194,341.963,342.72,343.232,343.554,344.056
228,346.069,345.682,346.619,347.384,348.146,348.743,349.097,349.725
227,352,351.48,352.397,353.168,353.939,354.615,355.062,355.759
226,357.583,356.921,357.913,358.705,359.476,360.179,360.739,361.586
225,363.087,362.318,363.348,364.206,365.043,365.819,366.5,367.563
224,369.074,368.219,369.275,370.096,371.04,372.037,372.762,374.021
223,375.195,374.232,375.334,376.202,377.245,378.35,379.199,380.76
222,382.44,381.295,382.517,383.477,384.525,385.761,386.834,388.738
221,390.229,388.844,390.145,391.262,392.395,393.757,395.032,397.312
220,397.829,396.269,397.669,398.783,400.052,401.591,403.18,405.804
219,406.425,404.738,406.279,407.401,408.904,410.723,412.706,416.013
218,414.528,412.753,414.402,415.846,417.454,419.697,422.078,426.108
217,423.486,421.704,423.563,425.239,427.166,429.801,432.73,437.654
216,432.693,430.907,433.003,434.92,437.216,440.152,443.696,449.593
215,443.159,441.315,443.722,445.953,448.511,452.072,456.379,463.439
214,453.736,451.831,454.673,457.222,460.245,464.503,469.714,478.004
213,466.626,464.639,467.969,470.991,474.66,479.775,486.003,496.016
212,482.576,480.697,484.542,488.209,492.636,498.749,506.149,518.411
211,498.308,496.542,500.992,505.213,510.366,517.504,526.372,540.82
210,517.263,515.626,520.94,525.744,531.809,540.278,550.751,567.848
209,541.054,539.469,545.759,551.46,558.6,568.598,581.179,601.887
208,568.937,567.281,574.575,581.367,589.72,601.587,616.739,642.066
207,606.127,604.34,613.088,621.327,631.402,646.171,665.254,697.336
206,646.528,644.798,655.191,665.191,677.697,695.984,719.851,760.029
205,700.054,698.583,711.386,724.09,739.834,763.275,793.953,846.031
204,752.189,751.111,766.334,781.708,800.999,829.772,867.833,933.301
203,821.621,821.225,839.865,858.981,883.575,920.898,969.64,1042.6
202,895.703,896.233,919.4,943.437,973.555,1017.44,1060.42,1094.04
201,992.75,995.249,1022.37,1046.55,1069.01,1089.33,1097.47,1097.95
200,1072.67,1075.53,1087.97,1095.21,1097.6,1097.85,1097.97,1098.24
