Time,T_Abs_405nm:405,A1,A2,A3,A4,A5,A6,A7,A8,A9,A10,A11,A12,A13,A14,A15,A16,A17,A18,A19,A20,A21,A22,A23,A24,B1,B2,B3,B4,B5,B6,B7,B8,B9,B10,B11,B12,B13,B14,B15,B16,B17,B18,B19,B20,B21,B22,B23,B24,C1,C2,C3,C4,C5,C6,C7,C8,C9,C10,C11,C12,C13,C14,C15,C16,C17,C18,C19,C20,C21,C22,C23,C24,D1,D2,D3,D4,D5,D6,D7,D8,D9,D10,D11,D12,D13,D14,D15,D16,D17,D18,D19,D20,D21,D22,D23,D24,E1,E2,E3,E4,E5,E6,E7,E8,E9,E10,E11,E12,E13,E14,E15,E16,E17,E18,E19,E20,E21,E22,E23,E24,F1,F2,F3,F4,F5,F6,F7,F8,F9,F10,F11,F12,F13,F14,F15,F16,F17,F18,F19,F20,F21,F22,F23,F24,G1,G2,G3,G4,G5,G6,G7,G8,G9,G10,G11,G12,G13,G14,G15,G16,G17,G18,G19,G20,G21,G22,G23,G24,H1,H2,H3,H4,H5,H6,H7,H8,H9,H10,H11,H12,H13,H14,H15,H16,H17,H18,H19,H20,H21,H22,H23,H24
0.000127315,25,0.159,0.158,0.152,0.16,0.166,0.165,0.153,0.163,0.187,0.154,0.158,0.148,0.133,0.163,0.163,0.16,0.167,0.162,0.159,0.154,0.171,0.22,0.182,0.175,0.163,0.156,0.156,0.782,0.16,0.139,0.155,0.153,0.16,0.56,0.159,0.798,0.192,0.158,0.154,0.62,0.158,0.214,0.234,0.16,0.157,0.164,0.225,0.157,0.155,0.161,0.156,0.154,0.158,0.159,0.159,0.151,0.158,0.498,0.157,0.392,0.159,0.156,0.156,0.167,0.196,0.161,0.156,0.151,0.154,0.156,0.16,0.179,0.161,0.207,0.156,0.162,0.437,0.155,0.16,0.289,0.155,0.162,0.161,0.172,0.157,0.157,0.154,0.161,0.157,0.161,0.159,0.167,0.155,0.154,0.224,0.158,0.174,0.156,0.158,0.157,0.163,0.16,0.158,0.154,0.165,0.161,0.158,0.16,0.159,0.167,0.159,0.158,0.159,0.176,0.162,0.158,0.166,0.646,0.163,0.208,0.162,0.161,0.167,0.179,0.16,0.161,0.248,0.158,0.17,0.17,0.173,0.167,0.163,0.158,0.165,0.159,0.158,0.156,0.471,0.159,0.166,0.158,0.17,0.158,0.168,0.16,0.172,0.159,0.275,0.155,0.169,0.156,0.168,0.158,0.17,0.155,0.156,0.152,0.159,0.157,0.161,0.161,0.18,0.159,0.161,0.156,0.18,0.181,0.186,0.414,0.175,0.441,0.16,0.163,0.162,0.159,0.159,0.156,0.16,0.157,0.162,0.151,0.156,0.156,0.162,0.19,0.162,0.163,0.162,0.155,0.168,0.163
0.000613426,25,0.161,0.158,0.153,0.161,0.167,0.166,0.153,0.163,0.193,0.154,0.159,0.148,0.132,0.165,0.164,0.16,0.168,0.163,0.159,0.155,0.166,0.229,0.186,0.174,0.163,0.157,0.157,0.783,0.161,0.139,0.155,0.153,0.161,0.558,0.158,0.802,0.198,0.159,0.154,0.627,0.158,0.227,0.236,0.161,0.156,0.164,0.225,0.158,0.156,0.164,0.156,0.155,0.159,0.159,0.16,0.152,0.158,0.496,0.157,0.444,0.16,0.157,0.157,0.17,0.205,0.162,0.157,0.152,0.154,0.155,0.16,0.184,0.161,0.205,0.157,0.163,0.442,0.155,0.16,0.316,0.155,0.163,0.162,0.172,0.158,0.158,0.154,0.161,0.158,0.161,0.16,0.167,0.155,0.155,0.223,0.158,0.174,0.157,0.158,0.159,0.159,0.163,0.158,0.157,0.165,0.162,0.158,0.161,0.159,0.169,0.16,0.158,0.159,0.176,0.163,0.16,0.166,0.642,0.163,0.222,0.162,0.163,0.17,0.179,0.161,0.162,0.28,0.158,0.173,0.17,0.178,0.169,0.163,0.16,0.166,0.159,0.159,0.157,0.473,0.16,0.169,0.159,0.171,0.159,0.172,0.16,0.174,0.159,0.287,0.156,0.17,0.157,0.168,0.159,0.174,0.157,0.156,0.153,0.16,0.157,0.162,0.162,0.177,0.159,0.164,0.157,0.182,0.181,0.195,0.42,0.177,0.44,0.161,0.163,0.163,0.161,0.16,0.156,0.16,0.158,0.162,0.152,0.156,0.156,0.162,0.19,0.164,0.164,0.163,0.156,0.17,0.164
0.001099537,25.1,0.162,0.159,0.154,0.161,0.168,0.167,0.154,0.163,0.198,0.154,0.159,0.148,0.133,0.167,0.165,0.16,0.169,0.163,0.159,0.155,0.171,0.235,0.186,0.175,0.164,0.158,0.157,0.789,0.163,0.14,0.155,0.153,0.162,0.551,0.161,0.771,0.207,0.159,0.155,0.609,0.158,0.237,0.238,0.162,0.157,0.164,0.227,0.158,0.156,0.167,0.159,0.155,0.159,0.16,0.161,0.152,0.158,0.487,0.157,0.496,0.161,0.159,0.157,0.172,0.215,0.163,0.157,0.152,0.154,0.155,0.161,0.188,0.161,0.207,0.157,0.163,0.433,0.156,0.161,0.337,0.155,0.163,0.164,0.172,0.158,0.158,0.154,0.161,0.158,0.161,0.16,0.168,0.156,0.155,0.225,0.158,0.175,0.157,0.159,0.16,0.17,0.167,0.158,0.155,0.165,0.163,0.158,0.161,0.159,0.169,0.16,0.159,0.159,0.178,0.163,0.162,0.166,0.65,0.163,0.235,0.163,0.162,0.172,0.178,0.161,0.163,0.31,0.159,0.178,0.17,0.183,0.171,0.164,0.16,0.167,0.159,0.159,0.157,0.478,0.16,0.172,0.16,0.172,0.159,0.176,0.16,0.173,0.159,0.294,0.156,0.172,0.157,0.167,0.16,0.178,0.156,0.156,0.153,0.162,0.158,0.164,0.163,0.182,0.159,0.165,0.157,0.18,0.18,0.205,0.408,0.172,0.475,0.162,0.164,0.163,0.161,0.16,0.157,0.161,0.158,0.162,0.152,0.157,0.157,0.163,0.19,0.164,0.164,0.163,0.156,0.169,0.165
0.001585648,25,0.164,0.159,0.154,0.161,0.168,0.168,0.154,0.164,0.203,0.154,0.159,0.149,0.133,0.169,0.167,0.161,0.169,0.164,0.159,0.155,0.167,0.247,0.189,0.173,0.164,0.158,0.157,0.793,0.164,0.14,0.156,0.153,0.163,0.549,0.16,0.781,0.213,0.159,0.155,0.619,0.159,0.25,0.242,0.162,0.157,0.165,0.226,0.158,0.157,0.17,0.157,0.155,0.16,0.16,0.162,0.153,0.159,0.495,0.158,0.545,0.162,0.16,0.158,0.174,0.224,0.163,0.158,0.152,0.155,0.155,0.161,0.191,0.162,0.21,0.157,0.163,0.434,0.156,0.162,0.362,0.156,0.164,0.165,0.174,0.159,0.159,0.155,0.161,0.158,0.162,0.16,0.168,0.156,0.155,0.223,0.159,0.175,0.157,0.159,0.161,0.165,0.17,0.159,0.155,0.165,0.164,0.158,0.161,0.16,0.171,0.16,0.159,0.16,0.177,0.163,0.164,0.167,0.168,0.164,0.248,0.163,0.164,0.175,0.162,0.162,0.164,0.342,0.159,0.181,0.17,0.188,0.173,0.165,0.16,0.169,0.16,0.16,0.157,0.466,0.16,0.175,0.161,0.173,0.159,0.18,0.162,0.174,0.16,0.304,0.157,0.174,0.158,0.168,0.16,0.182,0.157,0.157,0.154,0.163,0.158,0.164,0.163,0.179,0.159,0.168,0.158,0.181,0.182,0.214,0.408,0.176,0.446,0.162,0.164,0.164,0.161,0.161,0.157,0.161,0.159,0.162,0.152,0.157,0.157,0.164,0.191,0.164,0.165,0.164,0.156,0.17,0.165
0.002071759,25,0.165,0.16,0.155,0.162,0.169,0.169,0.155,0.164,0.209,0.155,0.16,0.149,0.133,0.171,0.168,0.161,0.169,0.164,0.16,0.155,0.169,0.253,0.19,0.173,0.164,0.158,0.158,0.793,0.165,0.14,0.156,0.154,0.164,0.543,0.162,0.783,0.222,0.16,0.156,0.62,0.159,0.261,0.243,0.163,0.157,0.165,0.224,0.159,0.157,0.173,0.158,0.155,0.16,0.161,0.163,0.153,0.159,0.486,0.158,0.593,0.163,0.161,0.158,0.176,0.234,0.164,0.158,0.152,0.155,0.156,0.161,0.194,0.162,0.209,0.158,0.164,0.433,0.156,0.162,0.384,0.156,0.164,0.167,0.173,0.159,0.159,0.155,0.162,0.158,0.162,0.161,0.169,0.156,0.155,0.228,0.159,0.176,0.158,0.159,0.163,0.169,0.173,0.159,0.155,0.165,0.166,0.158,0.161,0.16,0.171,0.16,0.159,0.16,0.18,0.163,0.166,0.167,0.168,0.164,0.262,0.164,0.164,0.177,0.162,0.162,0.165,0.372,0.159,0.185,0.171,0.192,0.175,0.165,0.16,0.169,0.16,0.16,0.158,0.477,0.16,0.178,0.162,0.174,0.159,0.184,0.161,0.175,0.16,0.317,0.157,0.176,0.158,0.168,0.161,0.186,0.157,0.157,0.154,0.165,0.158,0.166,0.164,0.181,0.16,0.17,0.159,0.181,0.181,0.223,0.403,0.174,0.457,0.162,0.164,0.164,0.161,0.162,0.157,0.161,0.159,0.163,0.153,0.158,0.158,0.164,0.191,0.165,0.166,0.164,0.157,0.17,0.166
0.00255787,25,0.167,0.16,0.155,0.162,0.169,0.17,0.155,0.164,0.215,0.155,0.16,0.149,0.133,0.173,0.169,0.161,0.17,0.165,0.16,0.155,0.169,0.26,0.194,0.171,0.164,0.159,0.158,0.79,0.166,0.14,0.156,0.154,0.165,0.547,0.159,0.775,0.228,0.16,0.157,0.608,0.159,0.273,0.245,0.164,0.157,0.165,0.227,0.16,0.157,0.176,0.157,0.155,0.161,0.162,0.164,0.153,0.16,0.489,0.158,0.64,0.164,0.162,0.159,0.179,0.242,0.164,0.159,0.152,0.155,0.156,0.162,0.198,0.162,0.211,0.158,0.164,0.433,0.157,0.162,0.414,0.156,0.165,0.168,0.175,0.159,0.159,0.155,0.162,0.159,0.162,0.161,0.169,0.157,0.155,0.224,0.159,0.176,0.158,0.159,0.164,0.161,0.176,0.159,0.156,0.166,0.167,0.158,0.161,0.16,0.172,0.161,0.16,0.16,0.18,0.163,0.168,0.167,0.169,0.164,0.275,0.164,0.164,0.18,0.162,0.162,0.165,0.403,0.159,0.187,0.171,0.198,0.177,0.167,0.161,0.169,0.16,0.16,0.158,0.474,0.16,0.181,0.162,0.175,0.159,0.188,0.161,0.177,0.161,0.329,0.158,0.178,0.159,0.169,0.161,0.19,0.159,0.158,0.155,0.166,0.159,0.167,0.165,0.179,0.16,0.172,0.159,0.182,0.182,0.233,0.408,0.178,0.439,0.162,0.164,0.164,0.161,0.162,0.158,0.162,0.159,0.163,0.156,0.158,0.158,0.165,0.192,0.165,0.166,0.164,0.157,0.171,0.166
0.003043981,25,0.168,0.161,0.155,0.163,0.17,0.171,0.156,0.164,0.22,0.155,0.16,0.15,0.133,0.175,0.171,0.161,0.171,0.165,0.161,0.155,0.174,0.268,0.195,0.173,0.165,0.159,0.158,0.796,0.167,0.14,0.157,0.154,0.166,0.531,0.161,0.744,0.236,0.16,0.157,0.614,0.159,0.283,0.252,0.165,0.158,0.165,0.226,0.16,0.158,0.179,0.159,0.156,0.161,0.162,0.165,0.154,0.16,0.497,0.159,0.687,0.165,0.163,0.159,0.181,0.252,0.166,0.158,0.153,0.155,0.156,0.162,0.202,0.163,0.209,0.158,0.164,0.428,0.157,0.163,0.435,0.156,0.165,0.17,0.176,0.159,0.159,0.156,0.162,0.159,0.162,0.162,0.169,0.157,0.155,0.229,0.159,0.176,0.158,0.16,0.165,0.166,0.179,0.159,0.156,0.166,0.168,0.159,0.161,0.16,0.174,0.16,0.16,0.16,0.181,0.163,0.169,0.167,0.169,0.164,0.289,0.164,0.166,0.182,0.163,0.162,0.166,0.433,0.16,0.192,0.172,0.202,0.178,0.167,0.162,0.171,0.16,0.161,0.158,0.479,0.16,0.183,0.163,0.176,0.16,0.192,0.162,0.176,0.16,0.337,0.158,0.18,0.159,0.17,0.162,0.194,0.159,0.158,0.155,0.168,0.159,0.168,0.166,0.181,0.161,0.174,0.159,0.18,0.181,0.242,0.407,0.174,0.447,0.162,0.164,0.164,0.161,0.162,0.158,0.162,0.159,0.163,0.156,0.159,0.159,0.165,0.191,0.165,0.166,0.165,0.157,0.172,0.167
0.003530093,25,0.169,0.161,0.155,0.163,0.17,0.172,0.156,0.165,0.226,0.155,0.16,0.15,0.133,0.178,0.172,0.162,0.171,0.165,0.161,0.156,0.172,0.278,0.198,0.174,0.165,0.159,0.158,0.799,0.168,0.14,0.157,0.154,0.167,0.544,0.159,0.778,0.242,0.16,0.158,0.604,0.16,0.296,0.254,0.165,0.157,0.165,0.226,0.16,0.158,0.181,0.158,0.156,0.162,0.163,0.166,0.154,0.16,0.491,0.159,0.733,0.166,0.165,0.16,0.183,0.261,0.166,0.159,0.153,0.155,0.156,0.162,0.205,0.163,0.209,0.157,0.164,0.429,0.157,0.163,0.462,0.157,0.166,0.171,0.175,0.16,0.159,0.156,0.162,0.159,0.162,0.162,0.169,0.157,0.155,0.225,0.159,0.176,0.158,0.16,0.166,0.161,0.182,0.159,0.156,0.166,0.169,0.159,0.161,0.16,0.175,0.161,0.16,0.16,0.182,0.165,0.171,0.167,0.169,0.164,0.303,0.164,0.166,0.185,0.162,0.162,0.166,0.464,0.16,0.194,0.172,0.206,0.18,0.168,0.162,0.171,0.161,0.161,0.158,0.483,0.161,0.187,0.164,0.177,0.16,0.196,0.164,0.182,0.161,0.349,0.158,0.182,0.16,0.17,0.162,0.198,0.16,0.158,0.155,0.169,0.159,0.169,0.166,0.182,0.161,0.176,0.16,0.181,0.183,0.251,0.421,0.179,0.447,0.163,0.165,0.164,0.162,0.163,0.158,0.162,0.16,0.163,0.156,0.159,0.159,0.166,0.192,0.166,0.167,0.165,0.157,0.173,0.167
0.004016204,25,0.171,0.162,0.155,0.163,0.171,0.173,0.157,0.165,0.232,0.155,0.161,0.15,0.133,0.18,0.173,0.161,0.172,0.166,0.161,0.156,0.174,0.284,0.199,0.173,0.165,0.16,0.158,0.802,0.169,0.14,0.157,0.154,0.168,0.535,0.163,0.775,0.252,0.16,0.159,0.595,0.16,0.307,0.257,0.166,0.158,0.165,0.226,0.161,0.158,0.184,0.158,0.156,0.162,0.163,0.167,0.154,0.16,0.508,0.159,0.778,0.167,0.166,0.16,0.186,0.272,0.167,0.159,0.153,0.155,0.156,0.163,0.209,0.163,0.212,0.158,0.164,0.425,0.157,0.164,0.482,0.157,0.166,0.172,0.175,0.16,0.159,0.157,0.162,0.159,0.163,0.162,0.17,0.158,0.156,0.231,0.159,0.176,0.158,0.16,0.167,0.168,0.185,0.16,0.156,0.166,0.171,0.159,0.162,0.16,0.175,0.161,0.16,0.16,0.183,0.164,0.173,0.167,0.17,0.164,0.317,0.165,0.167,0.188,0.163,0.163,0.167,0.494,0.16,0.199,0.172,0.211,0.182,0.169,0.162,0.173,0.161,0.161,0.158,0.483,0.161,0.19,0.165,0.177,0.16,0.2,0.163,0.18,0.161,0.358,0.158,0.183,0.159,0.17,0.163,0.202,0.159,0.158,0.156,0.171,0.159,0.171,0.167,0.182,0.161,0.178,0.16,0.18,0.182,0.261,0.406,0.178,0.442,0.163,0.165,0.165,0.162,0.164,0.158,0.163,0.16,0.163,0.157,0.159,0.16,0.166,0.191,0.166,0.167,0.165,0.158,0.172,0.168
0.004502315,25,0.172,0.162,0.156,0.164,0.171,0.174,0.157,0.165,0.238,0.155,0.161,0.15,0.133,0.182,0.175,0.162,0.172,0.166,0.161,0.156,0.17,0.297,0.204,0.172,0.166,0.16,0.159,0.805,0.171,0.14,0.157,0.154,0.169,0.535,0.161,0.764,0.259,0.16,0.159,0.609,0.16,0.319,0.257,0.167,0.157,0.165,0.227,0.161,0.158,0.187,0.158,0.156,0.162,0.163,0.168,0.155,0.161,0.495,0.16,0.823,0.168,0.167,0.161,0.188,0.281,0.167,0.159,0.153,0.155,0.156,0.163,0.213,0.163,0.211,0.158,0.164,0.428,0.158,0.164,0.506,0.157,0.166,0.174,0.176,0.16,0.16,0.157,0.163,0.159,0.163,0.163,0.17,0.157,0.155,0.224,0.16,0.177,0.159,0.16,0.168,0.161,0.188,0.16,0.157,0.166,0.172,0.159,0.162,0.16,0.177,0.161,0.16,0.161,0.185,0.164,0.175,0.168,0.171,0.165,0.331,0.165,0.167,0.191,0.163,0.163,0.168,0.526,0.16,0.203,0.173,0.216,0.183,0.17,0.163,0.174,0.161,0.162,0.159,0.485,0.161,0.193,0.165,0.179,0.16,0.204,0.164,0.183,0.161,0.371,0.159,0.185,0.16,0.17,0.163,0.206,0.16,0.159,0.156,0.172,0.16,0.172,0.168,0.182,0.161,0.18,0.161,0.183,0.183,0.271,0.422,0.18,0.437,0.163,0.165,0.165,0.162,0.164,0.158,0.163,0.16,0.163,0.157,0.16,0.16,0.167,0.192,0.166,0.168,0.165,0.158,0.173,0.168
0.004988426,25,0.174,0.162,0.156,0.164,0.172,0.176,0.158,0.165,0.243,0.155,0.161,0.151,0.133,0.184,0.176,0.162,0.173,0.166,0.162,0.157,0.176,0.304,0.205,0.173,0.166,0.16,0.159,0.806,0.172,0.14,0.158,0.154,0.17,0.535,0.163,0.764,0.267,0.161,0.16,0.586,0.16,0.33,0.263,0.167,0.158,0.165,0.227,0.161,0.159,0.19,0.161,0.155,0.163,0.164,0.169,0.155,0.161,0.49,0.16,0.867,0.169,0.168,0.161,0.191,0.291,0.168,0.159,0.153,0.155,0.156,0.163,0.216,0.164,0.212,0.158,0.165,0.424,0.158,0.165,0.531,0.157,0.167,0.175,0.175,0.16,0.16,0.157,0.163,0.159,0.163,0.163,0.17,0.158,0.155,0.23,0.16,0.177,0.159,0.161,0.169,0.171,0.192,0.16,0.157,0.167,0.173,0.159,0.162,0.16,0.177,0.161,0.161,0.161,0.185,0.164,0.177,0.167,0.172,0.165,0.345,0.166,0.167,0.193,0.163,0.163,0.169,0.557,0.161,0.206,0.173,0.22,0.185,0.17,0.163,0.175,0.161,0.162,0.159,0.488,0.161,0.196,0.166,0.179,0.16,0.208,0.162,0.18,0.162,0.378,0.159,0.187,0.16,0.17,0.163,0.21,0.16,0.158,0.157,0.174,0.16,0.173,0.168,0.184,0.162,0.183,0.161,0.181,0.184,0.281,0.402,0.172,0.456,0.164,0.165,0.165,0.163,0.165,0.159,0.163,0.16,0.164,0.158,0.16,0.161,0.168,0.192,0.167,0.168,0.166,0.158,0.173,0.169
0.005474537,25,0.175,0.163,0.156,0.165,0.172,0.177,0.158,0.165,0.249,0.156,0.161,0.151,0.133,0.187,0.177,0.162,0.173,0.167,0.161,0.156,0.175,0.312,0.209,0.171,0.166,0.16,0.159,0.812,0.173,0.14,0.158,0.154,0.171,0.544,0.161,0.763,0.272,0.161,0.161,0.602,0.16,0.342,0.263,0.168,0.158,0.165,0.226,0.162,0.159,0.193,0.159,0.155,0.163,0.164,0.17,0.155,0.162,0.481,0.16,0.91,0.17,0.169,0.162,0.192,0.3,0.168,0.16,0.153,0.156,0.157,0.164,0.22,0.164,0.215,0.159,0.165,0.424,0.158,0.165,0.555,0.158,0.167,0.177,0.177,0.161,0.16,0.158,0.163,0.16,0.163,0.164,0.172,0.158,0.156,0.23,0.16,0.178,0.159,0.161,0.171,0.168,0.195,0.16,0.157,0.167,0.174,0.159,0.162,0.16,0.179,0.161,0.161,0.161,0.185,0.165,0.179,0.168,0.172,0.165,0.36,0.166,0.168,0.196,0.163,0.164,0.17,0.589,0.161,0.208,0.174,0.225,0.187,0.172,0.164,0.175,0.162,0.163,0.159,0.478,0.161,0.199,0.167,0.18,0.16,0.213,0.163,0.183,0.162,0.388,0.16,0.189,0.161,0.171,0.164,0.214,0.161,0.159,0.157,0.175,0.16,0.174,0.169,0.183,0.162,0.185,0.162,0.181,0.183,0.29,0.408,0.175,0.443,0.164,0.165,0.165,0.163,0.165,0.159,0.164,0.16,0.163,0.157,0.16,0.161,0.168,0.193,0.167,0.169,0.166,0.158,0.173,0.169
0.005960648,25,0.177,0.163,0.157,0.165,0.173,0.178,0.159,0.166,0.255,0.156,0.162,0.151,0.133,0.189,0.178,0.163,0.174,0.167,0.162,0.157,0.173,0.319,0.209,0.173,0.167,0.161,0.159,0.818,0.174,0.141,0.158,0.155,0.172,0.533,0.162,0.756,0.282,0.161,0.161,0.603,0.16,0.353,0.268,0.169,0.158,0.165,0.223,0.162,0.159,0.196,0.161,0.155,0.164,0.165,0.171,0.156,0.162,0.487,0.161,0.954,0.171,0.171,0.162,0.195,0.309,0.169,0.16,0.154,0.156,0.157,0.164,0.224,0.164,0.214,0.159,0.165,0.421,0.158,0.166,0.58,0.158,0.168,0.178,0.178,0.161,0.16,0.158,0.163,0.16,0.163,0.164,0.172,0.158,0.156,0.232,0.16,0.178,0.159,0.161,0.171,0.172,0.198,0.16,0.158,0.167,0.176,0.159,0.162,0.16,0.179,0.161,0.161,0.161,0.187,0.165,0.181,0.168,0.173,0.165,0.374,0.166,0.169,0.199,0.164,0.164,0.17,0.62,0.161,0.213,0.174,0.23,0.189,0.172,0.164,0.177,0.162,0.163,0.16,0.498,0.161,0.202,0.168,0.181,0.161,0.217,0.163,0.182,0.162,0.401,0.16,0.191,0.161,0.171,0.164,0.218,0.161,0.159,0.157,0.177,0.16,0.175,0.17,0.183,0.162,0.187,0.163,0.179,0.184,0.3,0.4,0.173,0.444,0.164,0.166,0.166,0.163,0.166,0.159,0.164,0.161,0.164,0.158,0.161,0.161,0.169,0.193,0.168,0.169,0.166,0.159,0.173,0.17
0.006446759,25,0.178,0.164,0.157,0.165,0.173,0.179,0.159,0.166,0.261,0.156,0.162,0.152,0.133,0.191,0.18,0.163,0.174,0.168,0.162,0.157,0.173,0.329,0.214,0.174,0.167,0.161,0.16,0.821,0.175,0.141,0.159,0.155,0.174,0.54,0.161,0.763,0.288,0.161,0.162,0.595,0.161,0.365,0.271,0.169,0.158,0.166,0.218,0.163,0.159,0.199,0.159,0.155,0.164,0.165,0.172,0.156,0.162,0.483,0.161,0.996,0.172,0.172,0.163,0.197,0.319,0.169,0.16,0.154,0.156,0.157,0.164,0.228,0.164,0.214,0.158,0.165,0.427,0.159,0.166,0.607,0.158,0.168,0.18,0.177,0.161,0.16,0.159,0.164,0.16,0.163,0.164,0.172,0.159,0.156,0.232,0.16,0.178,0.159,0.161,0.173,0.164,0.202,0.161,0.158,0.167,0.177,0.159,0.162,0.16,0.181,0.162,0.161,0.161,0.189,0.165,0.183,0.168,0.174,0.165,0.389,0.167,0.169,0.201,0.164,0.164,0.171,0.653,0.162,0.216,0.175,0.235,0.191,0.173,0.165,0.177,0.162,0.163,0.16,0.486,0.161,0.205,0.168,0.182,0.161,0.221,0.165,0.186,0.163,0.409,0.161,0.193,0.162,0.172,0.165,0.222,0.162,0.159,0.158,0.178,0.161,0.176,0.171,0.184,0.162,0.19,0.163,0.182,0.184,0.309,0.421,0.178,0.443,0.164,0.165,0.166,0.164,0.166,0.159,0.165,0.161,0.164,0.158,0.161,0.161,0.17,0.193,0.168,0.17,0.167,0.159,0.175,0.17
0.00693287,25,0.18,0.164,0.157,0.166,0.174,0.18,0.16,0.166,0.267,0.156,0.162,0.152,0.134,0.193,0.181,0.163,0.175,0.168,0.163,0.157,0.178,0.337,0.213,0.172,0.167,0.162,0.16,0.816,0.176,0.141,0.159,0.155,0.175,0.528,0.164,0.756,0.295,0.162,0.163,0.583,0.161,0.377,0.273,0.17,0.159,0.165,0.219,0.163,0.16,0.202,0.159,0.156,0.165,0.166,0.172,0.156,0.163,0.477,0.161,1.039,0.172,0.173,0.163,0.2,0.329,0.17,0.161,0.154,0.156,0.157,0.164,0.231,0.165,0.216,0.159,0.165,0.418,0.159,0.167,0.629,0.158,0.168,0.181,0.177,0.161,0.16,0.159,0.164,0.16,0.163,0.165,0.172,0.159,0.156,0.235,0.16,0.179,0.159,0.161,0.174,0.17,0.204,0.161,0.158,0.167,0.179,0.16,0.162,0.16,0.182,0.162,0.162,0.161,0.189,0.166,0.185,0.168,0.175,0.165,0.404,0.167,0.17,0.204,0.164,0.165,0.172,0.685,0.162,0.221,0.175,0.24,0.192,0.173,0.165,0.178,0.162,0.164,0.16,0.499,0.162,0.208,0.169,0.183,0.161,0.226,0.163,0.184,0.163,0.421,0.161,0.195,0.162,0.171,0.165,0.226,0.162,0.16,0.158,0.18,0.161,0.179,0.172,0.187,0.163,0.192,0.163,0.18,0.184,0.32,0.409,0.177,0.442,0.164,0.166,0.166,0.164,0.167,0.159,0.165,0.161,0.164,0.158,0.162,0.163,0.17,0.193,0.168,0.17,0.167,0.159,0.174,0.171
0.007418981,25,0.181,0.164,0.157,0.166,0.175,0.182,0.16,0.166,0.274,0.156,0.163,0.152,0.134,0.195,0.182,0.163,0.175,0.169,0.163,0.157,0.178,0.345,0.217,0.173,0.168,0.162,0.16,0.814,0.177,0.141,0.159,0.155,0.176,0.537,0.162,0.749,0.302,0.162,0.163,0.595,0.162,0.389,0.278,0.171,0.158,0.166,0.218,0.163,0.16,0.205,0.159,0.156,0.165,0.166,0.173,0.157,0.163,0.474,0.161,1.081,0.174,0.174,0.164,0.202,0.339,0.171,0.161,0.154,0.156,0.157,0.165,0.235,0.165,0.216,0.158,0.165,0.421,0.159,0.167,0.658,0.159,0.169,0.182,0.179,0.162,0.161,0.159,0.164,0.16,0.164,0.165,0.172,0.159,0.156,0.234,0.16,0.179,0.16,0.161,0.175,0.168,0.208,0.161,0.158,0.168,0.18,0.16,0.162,0.16,0.183,0.162,0.162,0.161,0.191,0.165,0.188,0.168,0.176,0.166,0.419,0.167,0.171,0.207,0.164,0.165,0.172,0.718,0.163,0.223,0.175,0.244,0.194,0.174,0.165,0.18,0.162,0.164,0.16,0.498,0.162,0.212,0.17,0.184,0.161,0.23,0.165,0.187,0.164,0.432,0.161,0.197,0.163,0.172,0.166,0.231,0.163,0.16,0.159,0.181,0.161,0.179,0.172,0.184,0.163,0.194,0.164,0.182,0.185,0.33,0.421,0.178,0.442,0.164,0.166,0.166,0.164,0.167,0.159,0.165,0.161,0.164,0.159,0.162,0.163,0.171,0.193,0.168,0.171,0.167,0.159,0.176,0.171
0.007905093,25,0.183,0.165,0.158,0.167,0.175,0.183,0.161,0.167,0.28,0.157,0.163,0.153,0.134,0.198,0.184,0.163,0.176,0.169,0.163,0.157,0.177,0.353,0.219,0.173,0.168,0.162,0.16,0.816,0.178,0.141,0.16,0.155,0.177,0.52,0.165,0.755,0.31,0.162,0.164,0.589,0.162,0.4,0.279,0.172,0.159,0.166,0.219,0.164,0.16,0.208,0.162,0.156,0.166,0.167,0.174,0.157,0.163,0.47,0.162,1.123,0.174,0.176,0.164,0.205,0.349,0.171,0.161,0.154,0.157,0.157,0.165,0.239,0.165,0.214,0.159,0.165,0.419,0.16,0.167,0.606,0.159,0.169,0.184,0.178,0.162,0.161,0.16,0.164,0.161,0.164,0.166,0.172,0.16,0.156,0.236,0.16,0.18,0.16,0.162,0.176,0.172,0.211,0.161,0.159,0.168,0.181,0.16,0.163,0.161,0.184,0.162,0.162,0.162,0.192,0.166,0.19,0.168,0.176,0.166,0.435,0.168,0.17,0.209,0.164,0.165,0.173,0.75,0.164,0.228,0.175,0.249,0.197,0.175,0.166,0.18,0.163,0.165,0.16,0.502,0.162,0.215,0.171,0.185,0.161,0.235,0.164,0.185,0.163,0.441,0.161,0.199,0.163,0.171,0.166,0.235,0.162,0.16,0.159,0.183,0.161,0.181,0.173,0.187,0.163,0.196,0.165,0.182,0.184,0.34,0.405,0.173,0.448,0.165,0.166,0.166,0.165,0.168,0.16,0.165,0.161,0.165,0.159,0.162,0.163,0.171,0.193,0.169,0.171,0.168,0.16,0.175,0.171
0.008391204,25,0.184,0.165,0.158,0.167,0.176,0.184,0.162,0.167,0.286,0.157,0.163,0.153,0.134,0.2,0.185,0.164,0.176,0.17,0.163,0.157,0.177,0.364,0.224,0.172,0.168,0.163,0.16,0.814,0.18,0.141,0.16,0.155,0.178,0.525,0.163,0.746,0.317,0.162,0.165,0.592,0.162,0.412,0.28,0.172,0.159,0.166,0.221,0.164,0.16,0.211,0.16,0.156,0.166,0.167,0.175,0.158,0.163,0.479,0.162,1.164,0.176,0.177,0.165,0.206,0.359,0.172,0.162,0.155,0.156,0.157,0.165,0.243,0.166,0.217,0.159,0.165,0.417,0.16,0.168,0.63,0.159,0.169,0.185,0.179,0.162,0.161,0.16,0.164,0.161,0.164,0.166,0.173,0.16,0.156,0.232,0.161,0.18,0.16,0.162,0.177,0.171,0.215,0.161,0.159,0.168,0.182,0.16,0.163,0.161,0.185,0.162,0.162,0.162,0.192,0.167,0.192,0.169,0.177,0.166,0.451,0.168,0.172,0.212,0.164,0.165,0.174,0.783,0.164,0.232,0.176,0.254,0.198,0.176,0.166,0.181,0.163,0.165,0.161,0.488,0.162,0.218,0.172,0.187,0.161,0.239,0.164,0.188,0.164,0.454,0.162,0.201,0.163,0.172,0.167,0.239,0.163,0.16,0.159,0.185,0.161,0.181,0.173,0.186,0.163,0.199,0.165,0.184,0.186,0.35,0.408,0.177,0.446,0.165,0.166,0.167,0.164,0.168,0.16,0.166,0.162,0.164,0.159,0.163,0.163,0.172,0.194,0.169,0.172,0.168,0.16,0.176,0.172
0.008877315,25,0.186,0.165,0.158,0.167,0.176,0.185,0.163,0.167,0.292,0.157,0.163,0.153,0.134,0.202,0.186,0.164,0.177,0.17,0.163,0.157,0.179,0.373,0.225,0.173,0.168,0.163,0.16,0.82,0.181,0.141,0.16,0.155,0.179,0.529,0.165,0.75,0.325,0.163,0.165,0.589,0.162,0.423,0.284,0.173,0.159,0.166,0.219,0.165,0.161,0.215,0.162,0.156,0.166,0.167,0.176,0.158,0.164,0.486,0.162,1.205,0.176,0.178,0.165,0.209,0.369,0.172,0.162,0.155,0.157,0.157,0.165,0.247,0.166,0.215,0.159,0.165,0.418,0.16,0.168,0.653,0.159,0.17,0.187,0.178,0.162,0.161,0.16,0.165,0.161,0.164,0.166,0.173,0.16,0.157,0.234,0.16,0.18,0.16,0.162,0.179,0.172,0.218,0.162,0.159,0.168,0.184,0.16,0.163,0.161,0.186,0.162,0.162,0.162,0.194,0.166,0.194,0.169,0.178,0.166,0.466,0.168,0.171,0.215,0.165,0.165,0.174,0.815,0.165,0.235,0.176,0.259,0.2,0.177,0.167,0.183,0.163,0.165,0.161,0.502,0.162,0.222,0.172,0.187,0.161,0.244,0.164,0.185,0.164,0.464,0.162,0.203,0.164,0.172,0.167,0.243,0.163,0.161,0.16,0.186,0.162,0.182,0.174,0.186,0.164,0.201,0.165,0.182,0.184,0.361,0.407,0.173,0.452,0.165,0.166,0.167,0.165,0.169,0.16,0.166,0.162,0.165,0.159,0.163,0.164,0.172,0.194,0.169,0.172,0.168,0.16,0.178,0.172
0.009363426,25,0.187,0.166,0.159,0.168,0.177,0.187,0.163,0.167,0.298,0.157,0.163,0.153,0.134,0.204,0.187,0.164,0.178,0.171,0.164,0.157,0.175,0.383,0.228,0.172,0.169,0.163,0.161,0.808,0.182,0.141,0.16,0.155,0.18,0.533,0.163,0.742,0.333,0.163,0.166,0.586,0.162,0.436,0.287,0.174,0.159,0.166,0.22,0.165,0.161,0.218,0.16,0.156,0.167,0.168,0.178,0.158,0.164,0.478,0.162,1.245,0.178,0.18,0.166,0.211,0.379,0.173,0.162,0.155,0.157,0.158,0.166,0.25,0.166,0.219,0.159,0.166,0.421,0.16,0.169,0.676,0.16,0.17,0.188,0.18,0.163,0.161,0.161,0.165,0.161,0.164,0.167,0.174,0.16,0.157,0.235,0.161,0.18,0.161,0.162,0.18,0.169,0.222,0.162,0.159,0.168,0.185,0.16,0.163,0.161,0.187,0.162,0.163,0.162,0.195,0.167,0.196,0.169,0.179,0.166,0.482,0.169,0.173,0.218,0.165,0.166,0.175,0.849,0.166,0.237,0.177,0.264,0.201,0.178,0.167,0.183,0.163,0.166,0.161,0.493,0.162,0.225,0.173,0.189,0.162,0.249,0.166,0.191,0.164,0.475,0.162,0.205,0.164,0.173,0.168,0.248,0.164,0.161,0.16,0.188,0.162,0.184,0.175,0.186,0.164,0.203,0.166,0.182,0.187,0.371,0.42,0.178,0.442,0.165,0.166,0.167,0.165,0.169,0.16,0.166,0.162,0.165,0.16,0.163,0.163,0.173,0.195,0.17,0.172,0.169,0.16,0.177,0.173
0.009849537,25,0.189,0.166,0.159,0.168,0.177,0.188,0.164,0.167,0.304,0.157,0.164,0.154,0.134,0.207,0.189,0.164,0.178,0.171,0.164,0.158,0.179,0.392,0.231,0.173,0.169,0.164,0.161,0.82,0.183,0.141,0.161,0.156,0.181,0.519,0.163,0.737,0.341,0.163,0.167,0.593,0.163,0.447,0.288,0.175,0.159,0.166,0.221,0.166,0.161,0.221,0.161,0.157,0.167,0.168,0.179,0.159,0.164,0.479,0.162,1.285,0.178,0.181,0.166,0.214,0.388,0.174,0.163,0.155,0.157,0.158,0.166,0.254,0.166,0.217,0.159,0.166,0.417,0.16,0.169,0.699,0.16,0.17,0.19,0.18,0.163,0.161,0.161,0.165,0.161,0.164,0.167,0.174,0.161,0.157,0.237,0.161,0.181,0.16,0.162,0.181,0.172,0.225,0.162,0.16,0.168,0.186,0.16,0.164,0.161,0.188,0.162,0.163,0.162,0.195,0.167,0.199,0.169,0.18,0.167,0.498,0.169,0.173,0.221,0.165,0.166,0.176,0.882,0.166,0.243,0.177,0.269,0.203,0.178,0.168,0.185,0.163,0.166,0.161,0.504,0.163,0.228,0.174,0.189,0.162,0.253,0.165,0.19,0.165,0.482,0.163,0.207,0.164,0.172,0.168,0.252,0.164,0.161,0.161,0.19,0.162,0.186,0.176,0.189,0.165,0.206,0.166,0.182,0.186,0.381,0.404,0.179,0.448,0.166,0.166,0.167,0.165,0.17,0.16,0.167,0.162,0.165,0.16,0.164,0.165,0.174,0.195,0.17,0.173,0.169,0.161,0.179,0.173
0.010335648,25,0.191,0.167,0.159,0.169,0.178,0.189,0.165,0.167,0.311,0.157,0.164,0.154,0.134,0.209,0.19,0.164,0.178,0.172,0.164,0.158,0.178,0.4,0.233,0.174,0.169,0.164,0.161,0.813,0.184,0.142,0.161,0.155,0.182,0.539,0.163,0.748,0.348,0.163,0.167,0.592,0.163,0.459,0.292,0.175,0.159,0.166,0.219,0.166,0.162,0.224,0.16,0.157,0.168,0.169,0.18,0.159,0.165,0.471,0.163,1.324,0.18,0.182,0.167,0.216,0.399,0.175,0.163,0.155,0.157,0.158,0.166,0.258,0.166,0.219,0.159,0.166,0.418,0.161,0.169,0.723,0.16,0.171,0.191,0.18,0.163,0.162,0.162,0.165,0.161,0.164,0.168,0.174,0.161,0.157,0.236,0.161,0.181,0.161,0.162,0.182,0.169,0.229,0.162,0.16,0.169,0.188,0.16,0.163,0.161,0.189,0.163,0.163,0.162,0.197,0.167,0.201,0.17,0.181,0.167,0.514,0.17,0.173,0.224,0.165,0.166,0.177,0.916,0.167,0.245,0.178,0.274,0.205,0.179,0.168,0.185,0.164,0.166,0.162,0.509,0.163,0.232,0.175,0.19,0.162,0.258,0.166,0.192,0.165,0.496,0.163,0.208,0.165,0.172,0.169,0.257,0.165,0.161,0.161,0.191,0.162,0.186,0.176,0.187,0.165,0.208,0.167,0.182,0.186,0.391,0.425,0.178,0.438,0.166,0.167,0.168,0.165,0.17,0.16,0.167,0.162,0.165,0.16,0.164,0.164,0.175,0.195,0.17,0.173,0.169,0.161,0.18,0.173
0.010821759,25,0.192,0.167,0.159,0.169,0.178,0.19,0.166,0.168,0.317,0.157,0.164,0.154,0.134,0.211,0.191,0.164,0.179,0.172,0.164,0.158,0.18,0.409,0.236,0.173,0.17,0.165,0.161,0.817,0.186,0.142,0.161,0.156,0.183,0.52,0.166,0.751,0.357,0.163,0.168,0.579,0.163,0.471,0.298,0.176,0.159,0.166,0.22,0.167,0.162,0.227,0.163,0.157,0.168,0.17,0.181,0.159,0.165,0.472,0.163,1.364,0.18,0.184,0.167,0.219,0.408,0.175,0.163,0.156,0.157,0.158,0.166,0.261,0.167,0.217,0.159,0.166,0.416,0.161,0.17,0.746,0.16,0.171,0.193,0.18,0.163,0.162,0.162,0.165,0.162,0.164,0.168,0.174,0.161,0.157,0.236,0.161,0.181,0.161,0.163,0.183,0.172,0.232,0.162,0.16,0.169,0.189,0.16,0.163,0.161,0.19,0.163,0.163,0.162,0.196,0.167,0.203,0.169,0.181,0.167,0.53,0.17,0.174,0.227,0.165,0.166,0.178,0.949,0.167,0.25,0.178,0.279,0.207,0.18,0.168,0.186,0.164,0.167,0.162,0.509,0.163,0.235,0.175,0.191,0.162,0.263,0.165,0.191,0.165,0.507,0.163,0.21,0.165,0.172,0.169,0.261,0.165,0.161,0.162,0.193,0.163,0.188,0.177,0.189,0.165,0.21,0.167,0.18,0.186,0.402,0.411,0.178,0.452,0.166,0.167,0.168,0.166,0.171,0.161,0.167,0.163,0.166,0.161,0.164,0.166,0.175,0.195,0.171,0.174,0.17,0.161,0.179,0.174
0.01130787,25,0.194,0.168,0.16,0.169,0.179,0.192,0.167,0.168,0.323,0.158,0.165,0.155,0.134,0.214,0.193,0.164,0.18,0.173,0.165,0.158,0.177,0.419,0.24,0.173,0.17,0.165,0.161,0.818,0.187,0.142,0.162,0.156,0.185,0.521,0.165,0.745,0.364,0.164,0.169,0.592,0.163,0.484,0.297,0.177,0.159,0.167,0.22,0.167,0.162,0.23,0.161,0.157,0.169,0.17,0.182,0.16,0.165,0.46,0.164,1.403,0.182,0.185,0.167,0.221,0.419,0.175,0.163,0.156,0.157,0.158,0.167,0.266,0.167,0.219,0.159,0.166,0.415,0.161,0.17,0.769,0.161,0.172,0.195,0.181,0.164,0.162,0.162,0.166,0.162,0.164,0.169,0.175,0.161,0.157,0.233,0.161,0.182,0.161,0.163,0.185,0.172,0.236,0.162,0.16,0.169,0.191,0.16,0.164,0.161,0.192,0.163,0.164,0.162,0.199,0.168,0.206,0.17,0.183,0.167,0.546,0.17,0.174,0.229,0.166,0.167,0.179,0.984,0.168,0.254,0.178,0.283,0.208,0.181,0.169,0.188,0.164,0.167,0.162,0.497,0.163,0.239,0.176,0.192,0.162,0.267,0.167,0.195,0.166,0.517,0.164,0.213,0.166,0.172,0.17,0.265,0.166,0.162,0.162,0.194,0.163,0.189,0.178,0.185,0.165,0.213,0.168,0.181,0.187,0.412,0.426,0.18,0.445,0.167,0.167,0.168,0.166,0.171,0.161,0.168,0.163,0.166,0.161,0.165,0.166,0.176,0.195,0.171,0.175,0.17,0.161,0.179,0.174
0.011793981,25,0.195,0.168,0.16,0.17,0.179,0.193,0.168,0.169,0.33,0.158,0.165,0.155,0.134,0.216,0.194,0.165,0.18,0.173,0.165,0.158,0.179,0.427,0.242,0.175,0.17,0.165,0.162,0.163,0.188,0.142,0.162,0.156,0.186,0.518,0.166,0.754,0.372,0.164,0.17,0.577,0.164,0.494,0.3,0.177,0.159,0.167,0.22,0.168,0.163,0.234,0.164,0.157,0.169,0.17,0.183,0.16,0.166,0.49,0.164,1.442,0.183,0.186,0.168,0.223,0.429,0.176,0.164,0.156,0.157,0.158,0.167,0.269,0.167,0.218,0.16,0.166,0.414,0.161,0.171,0.792,0.161,0.172,0.196,0.179,0.164,0.162,0.163,0.166,0.162,0.165,0.169,0.175,0.162,0.157,0.237,0.161,0.182,0.161,0.163,0.186,0.172,0.24,0.162,0.161,0.169,0.192,0.161,0.164,0.161,0.193,0.163,0.164,0.162,0.2,0.167,0.208,0.17,0.183,0.167,0.563,0.171,0.175,0.232,0.166,0.167,0.179,1.018,0.168,0.258,0.179,0.289,0.21,0.182,0.169,0.188,0.164,0.167,0.162,0.51,0.163,0.242,0.177,0.193,0.162,0.272,0.166,0.19,0.166,0.531,0.164,0.214,0.166,0.173,0.17,0.27,0.166,0.162,0.162,0.196,0.163,0.191,0.179,0.187,0.166,0.215,0.168,0.183,0.187,0.423,0.409,0.174,0.447,0.167,0.167,0.168,0.166,0.172,0.161,0.168,0.163,0.167,0.161,0.165,0.166,0.176,0.195,0.171,0.175,0.17,0.161,0.181,0.175
0.012280093,25,0.197,0.168,0.16,0.17,0.18,0.194,0.168,0.168,0.336,0.158,0.165,0.155,0.134,0.218,0.195,0.165,0.181,0.173,0.165,0.158,0.18,0.437,0.245,0.174,0.17,0.166,0.161,0.163,0.189,0.142,0.162,0.156,0.187,0.526,0.164,0.735,0.38,0.164,0.171,0.579,0.163,0.507,0.302,0.178,0.16,0.167,0.222,0.168,0.163,0.237,0.163,0.157,0.169,0.171,0.184,0.16,0.166,0.468,0.164,1.48,0.184,0.188,0.168,0.225,0.44,0.177,0.164,0.156,0.157,0.158,0.167,0.273,0.168,0.22,0.16,0.166,0.414,0.161,0.171,0.815,0.161,0.172,0.198,0.182,0.164,0.162,0.163,0.166,0.162,0.165,0.169,0.175,0.162,0.157,0.237,0.161,0.182,0.161,0.163,0.187,0.172,0.243,0.162,0.161,0.169,0.193,0.16,0.164,0.162,0.194,0.163,0.164,0.162,0.202,0.168,0.21,0.17,0.184,0.167,0.579,0.171,0.176,0.235,0.166,0.167,0.18,1.053,0.169,0.259,0.179,0.293,0.212,0.183,0.17,0.189,0.164,0.168,0.162,0.495,0.163,0.246,0.178,0.195,0.162,0.277,0.167,0.193,0.166,0.539,0.164,0.216,0.167,0.174,0.17,0.274,0.166,0.162,0.162,0.198,0.163,0.191,0.179,0.186,0.166,0.217,0.169,0.184,0.188,0.433,0.416,0.179,0.454,0.167,0.167,0.168,0.167,0.172,0.161,0.168,0.163,0.166,0.161,0.165,0.166,0.177,0.196,0.172,0.176,0.17,0.161,0.179,0.175
0.012766204,25,0.198,0.169,0.161,0.171,0.181,0.196,0.169,0.169,0.342,0.158,0.165,0.156,0.135,0.22,0.197,0.165,0.181,0.174,0.165,0.158,0.18,0.447,0.248,0.174,0.171,0.166,0.162,0.163,0.19,0.142,0.163,0.156,0.188,0.52,0.165,0.733,0.388,0.164,0.171,0.586,0.164,0.519,0.304,0.179,0.16,0.167,0.222,0.168,0.163,0.24,0.164,0.158,0.17,0.171,0.185,0.161,0.166,0.473,0.164,1.519,0.185,0.189,0.169,0.228,0.449,0.178,0.164,0.156,0.157,0.158,0.168,0.278,0.168,0.219,0.16,0.166,0.415,0.162,0.172,0.839,0.161,0.173,0.199,0.181,0.164,0.162,0.164,0.166,0.162,0.165,0.17,0.175,0.162,0.157,0.238,0.161,0.183,0.162,0.163,0.188,0.172,0.247,0.163,0.161,0.169,0.195,0.161,0.164,0.162,0.195,0.163,0.164,0.163,0.201,0.168,0.213,0.17,0.185,0.167,0.596,0.171,0.176,0.238,0.166,0.168,0.181,1.087,0.169,0.265,0.179,0.298,0.214,0.183,0.17,0.19,0.165,0.168,0.163,0.509,0.163,0.249,0.179,0.196,0.162,0.281,0.166,0.191,0.166,0.548,0.164,0.218,0.167,0.172,0.171,0.279,0.167,0.162,0.163,0.199,0.164,0.193,0.18,0.188,0.166,0.22,0.169,0.182,0.188,0.444,0.416,0.174,0.45,0.167,0.168,0.169,0.166,0.172,0.161,0.168,0.163,0.166,0.161,0.166,0.166,0.178,0.196,0.172,0.176,0.171,0.162,0.182,0.175
0.013252315,25,0.2,0.169,0.161,0.171,0.181,0.198,0.169,0.169,0.349,0.158,0.166,0.156,0.135,0.223,0.198,0.165,0.182,0.175,0.166,0.158,0.181,0.453,0.251,0.174,0.171,0.167,0.162,0.164,0.192,0.142,0.163,0.156,0.19,0.524,0.165,0.74,0.396,0.165,0.172,0.581,0.164,0.532,0.307,0.179,0.16,0.167,0.223,0.169,0.163,0.243,0.162,0.158,0.17,0.172,0.186,0.161,0.167,0.474,0.164,1.556,0.186,0.191,0.169,0.23,0.46,0.178,0.165,0.157,0.158,0.159,0.168,0.281,0.168,0.222,0.16,0.166,0.416,0.162,0.172,0.862,0.161,0.173,0.201,0.182,0.165,0.163,0.164,0.167,0.163,0.165,0.17,0.176,0.163,0.158,0.238,0.161,0.183,0.162,0.163,0.19,0.172,0.251,0.163,0.162,0.169,0.196,0.161,0.164,0.162,0.196,0.164,0.165,0.163,0.203,0.17,0.216,0.17,0.186,0.168,0.613,0.172,0.177,0.241,0.166,0.168,0.182,1.122,0.17,0.267,0.18,0.303,0.216,0.184,0.171,0.191,0.165,0.169,0.163,0.496,0.164,0.253,0.18,0.196,0.163,0.286,0.167,0.196,0.167,0.564,0.165,0.221,0.168,0.173,0.171,0.283,0.168,0.163,0.164,0.201,0.164,0.194,0.181,0.188,0.166,0.222,0.17,0.185,0.188,0.455,0.43,0.179,0.45,0.167,0.168,0.169,0.167,0.173,0.162,0.169,0.164,0.167,0.161,0.166,0.166,0.178,0.197,0.173,0.177,0.171,0.162,0.182,0.176
0.013738426,25,0.202,0.17,0.161,0.171,0.182,0.199,0.17,0.169,0.355,0.158,0.166,0.156,0.134,0.225,0.199,0.165,0.182,0.175,0.166,0.158,0.183,0.465,0.253,0.173,0.171,0.167,0.162,0.164,0.193,0.143,0.163,0.156,0.191,0.511,0.167,0.741,0.404,0.165,0.172,0.584,0.165,0.543,0.312,0.18,0.16,0.167,0.223,0.17,0.164,0.246,0.165,0.158,0.171,0.172,0.187,0.161,0.167,0.476,0.165,1.594,0.187,0.192,0.17,0.233,0.469,0.179,0.165,0.157,0.158,0.159,0.168,0.285,0.168,0.221,0.16,0.166,0.414,0.162,0.172,0.885,0.162,0.173,0.202,0.182,0.165,0.163,0.164,0.166,0.163,0.165,0.171,0.176,0.163,0.158,0.241,0.161,0.183,0.162,0.164,0.191,0.173,0.254,0.163,0.162,0.169,0.198,0.161,0.164,0.162,0.197,0.163,0.165,0.163,0.203,0.168,0.217,0.17,0.187,0.168,0.629,0.172,0.177,0.244,0.166,0.168,0.182,1.157,0.17,0.273,0.18,0.309,0.218,0.185,0.171,0.192,0.165,0.169,0.163,0.511,0.164,0.256,0.18,0.198,0.163,0.291,0.167,0.194,0.167,0.573,0.165,0.223,0.168,0.172,0.172,0.287,0.168,0.163,0.164,0.203,0.164,0.196,0.182,0.191,0.167,0.225,0.17,0.183,0.189,0.465,0.41,0.18,0.45,0.167,0.168,0.169,0.167,0.174,0.162,0.169,0.164,0.168,0.162,0.167,0.167,0.179,0.197,0.173,0.177,0.172,0.162,0.183,0.176
0.014224537,25,0.203,0.17,0.161,0.172,0.182,0.2,0.17,0.169,0.362,0.159,0.166,0.157,0.135,0.227,0.201,0.165,0.183,0.176,0.166,0.159,0.184,0.472,0.257,0.174,0.172,0.167,0.163,0.164,0.194,0.143,0.164,0.156,0.192,0.517,0.166,0.74,0.412,0.165,0.173,0.583,0.165,0.555,0.317,0.181,0.16,0.167,0.222,0.17,0.164,0.249,0.162,0.158,0.171,0.173,0.188,0.162,0.167,0.462,0.165,1.631,0.188,0.196,0.171,0.235,0.48,0.18,0.165,0.157,0.158,0.159,0.168,0.289,0.169,0.223,0.16,0.166,0.417,0.162,0.173,0.909,0.162,0.174,0.204,0.171,0.165,0.163,0.165,0.167,0.163,0.165,0.171,0.176,0.163,0.158,0.238,0.162,0.184,0.162,0.164,0.192,0.169,0.258,0.163,0.162,0.17,0.199,0.161,0.164,0.162,0.199,0.164,0.165,0.163,0.206,0.169,0.22,0.17,0.188,0.168,0.646,0.172,0.178,0.247,0.167,0.168,0.183,1.192,0.171,0.275,0.18,0.314,0.219,0.186,0.172,0.194,0.165,0.169,0.163,0.506,0.164,0.26,0.181,0.199,0.163,0.296,0.167,0.198,0.168,0.585,0.165,0.225,0.168,0.173,0.172,0.292,0.168,0.163,0.165,0.204,0.164,0.197,0.183,0.19,0.167,0.227,0.171,0.185,0.189,0.475,0.43,0.179,0.451,0.168,0.168,0.169,0.168,0.174,0.162,0.169,0.164,0.167,0.162,0.167,0.167,0.18,0.197,0.173,0.178,0.172,0.162,0.181,0.177
0.014710648,25,0.205,0.17,0.162,0.172,0.183,0.201,0.171,0.17,0.368,0.159,0.166,0.157,0.135,0.23,0.202,0.166,0.183,0.176,0.167,0.159,0.184,0.481,0.259,0.174,0.172,0.168,0.163,0.164,0.196,0.143,0.164,0.157,0.193,0.512,0.168,0.744,0.42,0.166,0.174,0.574,0.165,0.567,0.319,0.182,0.16,0.168,0.224,0.171,0.164,0.253,0.165,0.158,0.172,0.173,0.189,0.162,0.168,0.496,0.165,1.668,0.189,0.197,0.171,0.238,0.49,0.18,0.165,0.157,0.158,0.159,0.169,0.293,0.169,0.22,0.16,0.166,0.416,0.162,0.173,0.932,0.162,0.174,0.205,0.172,0.165,0.163,0.165,0.167,0.163,0.166,0.171,0.176,0.163,0.158,0.241,0.162,0.184,0.162,0.164,0.194,0.172,0.262,0.163,0.162,0.17,0.201,0.161,0.165,0.162,0.2,0.164,0.165,0.163,0.205,0.169,0.223,0.17,0.189,0.168,0.663,0.173,0.177,0.25,0.167,0.169,0.184,1.227,0.171,0.28,0.18,0.319,0.221,0.187,0.172,0.194,0.165,0.169,0.164,0.504,0.164,0.264,0.182,0.2,0.163,0.301,0.166,0.194,0.168,0.596,0.166,0.226,0.169,0.172,0.173,0.297,0.169,0.163,0.165,0.206,0.165,0.199,0.183,0.192,0.167,0.23,0.171,0.185,0.188,0.487,0.422,0.175,0.451,0.168,0.168,0.17,0.168,0.175,0.162,0.17,0.165,0.168,0.163,0.167,0.168,0.18,0.197,0.173,0.178,0.172,0.163,0.184,0.177
0.015196759,25,0.207,0.171,0.162,0.172,0.183,0.203,0.171,0.17,0.374,0.159,0.166,0.157,0.135,0.232,0.203,0.166,0.184,0.177,0.167,0.159,0.185,0.491,0.263,0.174,0.172,0.168,0.163,0.165,0.197,0.143,0.165,0.157,0.194,0.519,0.166,0.731,0.427,0.166,0.175,0.584,0.165,0.58,0.32,0.182,0.16,0.168,0.222,0.171,0.165,0.256,0.165,0.158,0.172,0.174,0.19,0.163,0.168,0.479,0.166,1.703,0.191,0.198,0.171,0.24,0.501,0.181,0.166,0.157,0.158,0.159,0.169,0.297,0.169,0.221,0.16,0.167,0.415,0.163,0.174,0.955,0.162,0.175,0.207,0.172,0.166,0.163,0.166,0.167,0.163,0.166,0.172,0.177,0.164,0.158,0.236,0.162,0.184,0.163,0.164,0.195,0.174,0.265,0.163,0.162,0.17,0.202,0.161,0.165,0.162,0.201,0.164,0.165,0.163,0.207,0.169,0.226,0.171,0.19,0.168,0.68,0.173,0.178,0.253,0.167,0.169,0.185,1.262,0.172,0.284,0.181,0.324,0.223,0.188,0.172,0.195,0.166,0.17,0.164,0.493,0.164,0.268,0.183,0.201,0.163,0.306,0.168,0.197,0.168,0.607,0.166,0.229,0.169,0.173,0.173,0.301,0.17,0.164,0.165,0.208,0.165,0.199,0.184,0.188,0.167,0.232,0.172,0.185,0.19,0.497,0.415,0.18,0.454,0.168,0.168,0.17,0.168,0.175,0.162,0.17,0.164,0.167,0.162,0.167,0.167,0.181,0.197,0.174,0.179,0.172,0.163,0.182,0.178
0.01568287,25,0.208,0.171,0.162,0.173,0.184,0.204,0.172,0.17,0.38,0.159,0.167,0.158,0.135,0.234,0.205,0.166,0.184,0.177,0.167,0.159,0.185,0.5,0.266,0.175,0.172,0.169,0.163,0.165,0.198,0.143,0.165,0.157,0.195,0.517,0.169,0.741,0.436,0.166,0.175,0.577,0.165,0.592,0.323,0.183,0.16,0.168,0.223,0.172,0.165,0.259,0.166,0.158,0.172,0.174,0.191,0.163,0.168,0.486,0.166,1.74,0.192,0.2,0.172,0.242,0.511,0.182,0.166,0.158,0.158,0.159,0.169,0.301,0.169,0.221,0.16,0.167,0.415,0.163,0.174,0.978,0.163,0.175,0.209,0.172,0.166,0.163,0.166,0.167,0.163,0.166,0.172,0.177,0.164,0.158,0.237,0.162,0.185,0.163,0.164,0.196,0.172,0.27,0.163,0.163,0.17,0.203,0.161,0.165,0.162,0.203,0.164,0.166,0.164,0.208,0.169,0.228,0.171,0.191,0.168,0.697,0.174,0.179,0.256,0.167,0.169,0.186,1.297,0.172,0.288,0.181,0.329,0.225,0.188,0.173,0.197,0.166,0.171,0.164,0.506,0.164,0.271,0.184,0.202,0.163,0.311,0.168,0.195,0.168,0.619,0.166,0.23,0.169,0.172,0.174,0.305,0.17,0.164,0.166,0.209,0.165,0.2,0.185,0.191,0.168,0.234,0.172,0.185,0.19,0.508,0.417,0.174,0.458,0.169,0.168,0.17,0.168,0.176,0.162,0.17,0.165,0.168,0.163,0.168,0.168,0.182,0.198,0.174,0.179,0.172,0.163,0.184,0.178
0.016168981,25,0.21,0.172,0.163,0.173,0.184,0.205,0.172,0.17,0.387,0.159,0.167,0.158,0.135,0.237,0.206,0.166,0.185,0.178,0.167,0.159,0.187,0.509,0.269,0.174,0.173,0.169,0.163,0.165,0.199,0.143,0.165,0.157,0.196,0.525,0.167,0.729,0.443,0.166,0.176,0.582,0.165,0.604,0.323,0.184,0.161,0.168,0.223,0.172,0.165,0.263,0.163,0.159,0.173,0.175,0.192,0.163,0.168,0.474,0.166,1.775,0.192,0.201,0.172,0.245,0.521,0.182,0.166,0.158,0.158,0.159,0.169,0.304,0.169,0.224,0.16,0.167,0.416,0.163,0.174,1.002,0.163,0.175,0.21,0.172,0.166,0.163,0.166,0.167,0.163,0.166,0.173,0.177,0.164,0.158,0.236,0.162,0.185,0.163,0.165,0.197,0.171,0.274,0.163,0.163,0.17,0.205,0.161,0.165,0.162,0.203,0.164,0.166,0.163,0.21,0.169,0.231,0.171,0.192,0.168,0.714,0.173,0.18,0.259,0.167,0.169,0.186,1.334,0.173,0.289,0.182,0.334,0.227,0.189,0.173,0.197,0.166,0.171,0.164,0.495,0.164,0.275,0.184,0.203,0.163,0.316,0.168,0.2,0.168,0.626,0.167,0.233,0.17,0.174,0.174,0.31,0.171,0.164,0.166,0.211,0.165,0.201,0.186,0.188,0.168,0.237,0.173,0.184,0.191,0.518,0.433,0.179,0.455,0.169,0.169,0.17,0.169,0.176,0.163,0.17,0.165,0.168,0.163,0.168,0.168,0.182,0.198,0.174,0.18,0.173,0.163,0.183,0.179
0.016655093,25,0.211,0.172,0.163,0.174,0.185,0.207,0.172,0.171,0.394,0.159,0.167,0.158,0.135,0.239,0.207,0.167,0.185,0.178,0.168,0.159,0.185,0.519,0.272,0.175,0.173,0.169,0.164,0.165,0.201,0.144,0.165,0.157,0.198,0.521,0.167,0.738,0.452,0.167,0.177,0.576,0.166,0.616,0.326,0.185,0.16,0.169,0.223,0.172,0.165,0.266,0.166,0.159,0.173,0.175,0.193,0.164,0.169,0.482,0.166,1.811,0.193,0.202,0.173,0.247,0.531,0.183,0.167,0.158,0.158,0.16,0.17,0.308,0.17,0.223,0.161,0.167,0.418,0.163,0.175,1.025,0.163,0.176,0.212,0.173,0.166,0.164,0.167,0.168,0.164,0.166,0.173,0.178,0.165,0.158,0.241,0.162,0.186,0.163,0.165,0.199,0.174,0.277,0.164,0.163,0.17,0.206,0.161,0.165,0.162,0.205,0.165,0.166,0.164,0.209,0.17,0.233,0.171,0.193,0.169,0.732,0.174,0.18,0.262,0.168,0.17,0.187,1.369,0.173,0.296,0.182,0.339,0.229,0.19,0.174,0.198,0.166,0.171,0.164,0.502,0.165,0.278,0.185,0.204,0.164,0.321,0.168,0.198,0.168,0.637,0.167,0.235,0.17,0.172,0.175,0.315,0.171,0.164,0.166,0.213,0.165,0.203,0.186,0.194,0.169,0.239,0.173,0.186,0.191,0.53,0.421,0.179,0.457,0.168,0.169,0.171,0.169,0.177,0.163,0.171,0.165,0.168,0.163,0.168,0.169,0.183,0.199,0.175,0.18,0.173,0.163,0.185,0.179
0.017141204,25,0.213,0.173,0.163,0.174,0.186,0.209,0.173,0.17,0.4,0.16,0.168,0.159,0.135,0.242,0.209,0.167,0.186,0.179,0.168,0.159,0.185,0.527,0.274,0.175,0.173,0.17,0.164,0.166,0.202,0.144,0.166,0.157,0.199,0.528,0.167,0.734,0.459,0.167,0.177,0.579,0.166,0.628,0.33,0.185,0.161,0.169,0.224,0.173,0.166,0.269,0.164,0.159,0.174,0.176,0.194,0.164,0.169,0.475,0.166,1.845,0.195,0.204,0.173,0.249,0.541,0.184,0.167,0.158,0.159,0.16,0.17,0.312,0.17,0.226,0.161,0.167,0.418,0.163,0.176,1.048,0.163,0.176,0.213,0.173,0.167,0.164,0.167,0.168,0.164,0.166,0.174,0.178,0.165,0.158,0.24,0.162,0.186,0.163,0.165,0.2,0.173,0.281,0.164,0.163,0.171,0.208,0.161,0.165,0.163,0.206,0.165,0.166,0.164,0.212,0.17,0.236,0.171,0.194,0.169,0.749,0.174,0.181,0.265,0.168,0.17,0.188,1.405,0.173,0.297,0.183,0.344,0.23,0.191,0.174,0.2,0.167,0.172,0.164,0.508,0.165,0.282,0.186,0.206,0.164,0.326,0.169,0.201,0.169,0.651,0.167,0.237,0.171,0.174,0.175,0.319,0.172,0.165,0.167,0.214,0.166,0.204,0.188,0.192,0.169,0.241,0.174,0.185,0.191,0.54,0.431,0.179,0.45,0.169,0.169,0.171,0.169,0.177,0.163,0.171,0.165,0.168,0.163,0.169,0.169,0.184,0.199,0.175,0.18,0.174,0.164,0.187,0.179
0.017627315,25,0.215,0.173,0.164,0.174,0.186,0.21,0.173,0.171,0.406,0.16,0.168,0.159,0.135,0.244,0.21,0.167,0.186,0.179,0.168,0.159,0.187,0.538,0.277,0.174,0.174,0.17,0.164,0.166,0.203,0.144,0.166,0.157,0.2,0.513,0.169,0.743,0.468,0.167,0.178,0.585,0.167,0.64,0.33,0.186,0.161,0.169,0.225,0.173,0.166,0.273,0.166,0.159,0.174,0.176,0.195,0.164,0.17,0.49,0.167,1.881,0.196,0.205,0.174,0.252,0.551,0.184,0.167,0.158,0.159,0.16,0.17,0.317,0.17,0.223,0.161,0.167,0.419,0.164,0.176,1.071,0.163,0.176,0.215,0.173,0.167,0.164,0.168,0.168,0.164,0.166,0.174,0.178,0.165,0.159,0.24,0.162,0.186,0.163,0.165,0.201,0.168,0.285,0.164,0.164,0.171,0.209,0.162,0.165,0.163,0.207,0.165,0.167,0.164,0.212,0.17,0.238,0.171,0.195,0.169,0.766,0.175,0.181,0.268,0.168,0.17,0.189,1.44,0.173,0.303,0.183,0.349,0.232,0.192,0.174,0.2,0.167,0.172,0.165,0.515,0.165,0.286,0.187,0.207,0.164,0.331,0.169,0.196,0.17,0.663,0.168,0.238,0.171,0.173,0.175,0.324,0.172,0.165,0.167,0.216,0.166,0.207,0.188,0.195,0.169,0.244,0.174,0.184,0.192,0.551,0.419,0.176,0.46,0.169,0.169,0.171,0.17,0.178,0.163,0.171,0.166,0.169,0.164,0.169,0.17,0.184,0.199,0.176,0.181,0.174,0.164,0.185,0.18
0.018113426,25,0.216,0.173,0.164,0.175,0.187,0.212,0.174,0.171,0.413,0.16,0.168,0.159,0.136,0.246,0.211,0.167,0.187,0.18,0.169,0.159,0.188,0.545,0.28,0.173,0.174,0.171,0.164,0.166,0.204,0.144,0.166,0.157,0.201,0.525,0.168,0.749,0.476,0.167,0.179,0.594,0.166,0.652,0.336,0.187,0.161,0.169,0.226,0.174,0.166,0.276,0.164,0.159,0.175,0.177,0.196,0.165,0.17,0.472,0.167,1.916,0.197,0.207,0.174,0.254,0.563,0.185,0.168,0.158,0.159,0.16,0.17,0.321,0.17,0.224,0.161,0.167,0.419,0.164,0.176,1.094,0.163,0.177,0.216,0.173,0.167,0.164,0.168,0.168,0.164,0.166,0.174,0.179,0.165,0.159,0.24,0.162,0.187,0.163,0.165,0.202,0.174,0.289,0.164,0.164,0.171,0.211,0.162,0.165,0.163,0.209,0.165,0.167,0.164,0.214,0.17,0.241,0.171,0.197,0.169,0.784,0.175,0.182,0.271,0.168,0.171,0.19,1.477,0.174,0.307,0.183,0.355,0.234,0.193,0.175,0.202,0.167,0.172,0.165,0.501,0.165,0.29,0.187,0.207,0.164,0.336,0.169,0.199,0.169,0.67,0.168,0.241,0.172,0.173,0.176,0.328,0.172,0.165,0.167,0.218,0.166,0.207,0.189,0.191,0.169,0.247,0.175,0.184,0.192,0.562,0.434,0.178,0.461,0.169,0.169,0.171,0.169,0.178,0.163,0.172,0.166,0.169,0.164,0.169,0.17,0.185,0.199,0.176,0.181,0.174,0.164,0.187,0.18
0.018599537,25,0.218,0.173,0.164,0.175,0.187,0.214,0.174,0.172,0.419,0.16,0.168,0.16,0.136,0.249,0.213,0.167,0.187,0.18,0.169,0.16,0.191,0.554,0.283,0.175,0.174,0.171,0.164,0.166,0.206,0.144,0.167,0.157,0.203,0.515,0.17,0.741,0.484,0.168,0.179,0.576,0.166,0.665,0.338,0.187,0.161,0.169,0.226,0.174,0.167,0.279,0.167,0.16,0.175,0.177,0.197,0.165,0.17,0.472,0.167,1.95,0.198,0.208,0.175,0.257,0.572,0.186,0.168,0.159,0.159,0.16,0.171,0.324,0.171,0.223,0.161,0.168,0.421,0.164,0.177,1.117,0.164,0.177,0.218,0.173,0.168,0.164,0.168,0.168,0.165,0.166,0.175,0.179,0.166,0.159,0.242,0.162,0.187,0.164,0.166,0.204,0.169,0.293,0.164,0.164,0.171,0.212,0.162,0.166,0.163,0.21,0.165,0.167,0.164,0.215,0.171,0.244,0.171,0.198,0.169,0.801,0.175,0.181,0.274,0.169,0.171,0.19,1.513,0.174,0.311,0.184,0.36,0.236,0.194,0.175,0.202,0.167,0.173,0.165,0.507,0.165,0.294,0.189,0.209,0.164,0.341,0.168,0.198,0.17,0.685,0.168,0.243,0.172,0.173,0.176,0.333,0.173,0.165,0.168,0.22,0.166,0.209,0.19,0.192,0.17,0.249,0.175,0.186,0.192,0.574,0.424,0.177,0.462,0.17,0.17,0.172,0.17,0.179,0.164,0.172,0.166,0.17,0.164,0.17,0.171,0.186,0.199,0.176,0.182,0.174,0.164,0.188,0.181
0.019085648,25,0.22,0.174,0.164,0.176,0.188,0.214,0.174,0.171,0.426,0.16,0.169,0.16,0.136,0.251,0.214,0.167,0.188,0.181,0.169,0.16,0.191,0.565,0.286,0.174,0.174,0.172,0.164,0.167,0.207,0.144,0.167,0.158,0.204,0.52,0.169,0.732,0.491,0.168,0.181,0.59,0.166,0.677,0.339,0.188,0.162,0.169,0.224,0.175,0.167,0.282,0.167,0.16,0.175,0.178,0.199,0.165,0.171,0.488,0.167,1.982,0.199,0.21,0.175,0.259,0.583,0.186,0.168,0.159,0.159,0.16,0.171,0.328,0.171,0.223,0.161,0.168,0.421,0.164,0.177,1.14,0.164,0.178,0.22,0.173,0.168,0.164,0.169,0.169,0.165,0.167,0.175,0.179,0.166,0.159,0.238,0.162,0.187,0.164,0.165,0.205,0.172,0.297,0.164,0.164,0.171,0.213,0.162,0.166,0.163,0.211,0.165,0.167,0.164,0.216,0.171,0.247,0.171,0.199,0.17,0.819,0.176,0.183,0.277,0.169,0.171,0.191,1.55,0.174,0.312,0.184,0.365,0.238,0.194,0.176,0.204,0.167,0.173,0.165,0.498,0.165,0.298,0.189,0.21,0.164,0.346,0.169,0.199,0.17,0.698,0.169,0.245,0.172,0.174,0.177,0.338,0.174,0.166,0.168,0.222,0.166,0.21,0.191,0.193,0.17,0.252,0.176,0.186,0.193,0.584,0.421,0.179,0.465,0.17,0.169,0.172,0.17,0.179,0.164,0.172,0.166,0.169,0.164,0.17,0.17,0.186,0.199,0.177,0.182,0.175,0.164,0.189,0.181
0.019571759,25,0.221,0.174,0.165,0.176,0.189,0.215,0.174,0.172,0.432,0.16,0.169,0.16,0.136,0.254,0.215,0.167,0.188,0.181,0.169,0.16,0.188,0.575,0.289,0.174,0.175,0.172,0.165,0.167,0.208,0.145,0.167,0.158,0.205,0.524,0.169,0.749,0.5,0.168,0.181,0.581,0.167,0.689,0.344,0.189,0.162,0.169,0.227,0.175,0.167,0.286,0.167,0.16,0.176,0.178,0.2,0.166,0.171,0.484,0.168,2.017,0.2,0.211,0.176,0.261,0.593,0.187,0.169,0.159,0.159,0.16,0.171,0.332,0.171,0.223,0.161,0.168,0.418,0.164,0.178,1.163,0.164,0.178,0.221,0.173,0.168,0.165,0.169,0.169,0.165,0.167,0.176,0.179,0.166,0.159,0.243,0.163,0.188,0.164,0.166,0.206,0.174,0.301,0.164,0.165,0.171,0.215,0.162,0.166,0.163,0.212,0.165,0.168,0.165,0.217,0.171,0.249,0.172,0.2,0.17,0.836,0.176,0.183,0.28,0.169,0.171,0.192,1.587,0.174,0.319,0.184,0.37,0.239,0.195,0.176,0.205,0.168,0.174,0.165,0.504,0.165,0.301,0.19,0.213,0.164,0.351,0.169,0.2,0.17,0.71,0.169,0.247,0.173,0.173,0.177,0.342,0.174,0.166,0.169,0.223,0.167,0.211,0.191,0.197,0.17,0.254,0.177,0.185,0.192,0.595,0.423,0.176,0.459,0.17,0.17,0.172,0.169,0.18,0.164,0.172,0.166,0.169,0.165,0.17,0.171,0.187,0.2,0.177,0.183,0.175,0.164,0.189,0.182
0.02005787,25,0.223,0.175,0.165,0.177,0.189,0.217,0.175,0.172,0.439,0.161,0.17,0.16,0.136,0.256,0.217,0.168,0.189,0.182,0.169,0.16,0.189,0.582,0.292,0.175,0.175,0.172,0.165,0.167,0.209,0.145,0.167,0.158,0.206,0.519,0.169,0.734,0.507,0.168,0.182,0.595,0.167,0.702,0.344,0.19,0.162,0.17,0.225,0.176,0.168,0.289,0.165,0.16,0.176,0.179,0.201,0.166,0.171,0.477,0.168,2.05,0.202,0.213,0.176,0.264,0.604,0.188,0.169,0.159,0.159,0.16,0.172,0.336,0.171,0.226,0.161,0.168,0.418,0.165,0.178,1.186,0.164,0.178,0.223,0.174,0.168,0.165,0.17,0.169,0.165,0.167,0.176,0.18,0.166,0.159,0.242,0.163,0.188,0.164,0.166,0.207,0.174,0.306,0.165,0.165,0.172,0.216,0.162,0.166,0.163,0.214,0.166,0.168,0.165,0.218,0.171,0.252,0.172,0.201,0.17,0.854,0.176,0.184,0.283,0.169,0.172,0.193,1.624,0.175,0.32,0.185,0.376,0.242,0.196,0.177,0.206,0.168,0.174,0.166,0.512,0.166,0.305,0.191,0.213,0.165,0.357,0.17,0.203,0.171,0.722,0.169,0.249,0.173,0.175,0.178,0.347,0.175,0.166,0.169,0.226,0.167,0.212,0.192,0.196,0.171,0.257,0.177,0.186,0.192,0.605,0.432,0.179,0.458,0.17,0.17,0.172,0.171,0.181,0.164,0.173,0.166,0.169,0.165,0.171,0.171,0.188,0.2,0.177,0.183,0.175,0.165,0.189,0.182
0.020543981,25,0.225,0.175,0.165,0.177,0.19,0.218,0.175,0.172,0.446,0.161,0.17,0.161,0.136,0.259,0.218,0.168,0.19,0.183,0.17,0.16,0.189,0.591,0.295,0.176,0.175,0.173,0.165,0.168,0.211,0.145,0.168,0.158,0.207,0.52,0.17,0.759,0.516,0.169,0.183,0.583,0.168,0.714,0.349,0.191,0.162,0.17,0.224,0.176,0.168,0.293,0.166,0.16,0.177,0.179,0.202,0.167,0.172,0.491,0.168,2.083,0.203,0.214,0.177,0.266,0.613,0.188,0.169,0.159,0.159,0.161,0.172,0.34,0.172,0.223,0.162,0.168,0.421,0.165,0.179,1.209,0.165,0.179,0.225,0.174,0.169,0.165,0.17,0.169,0.165,0.167,0.176,0.18,0.167,0.159,0.245,0.163,0.189,0.164,0.166,0.209,0.173,0.31,0.165,0.165,0.172,0.218,0.162,0.166,0.164,0.215,0.166,0.168,0.165,0.219,0.171,0.255,0.172,0.202,0.17,0.872,0.177,0.184,0.286,0.17,0.172,0.194,1.659,0.175,0.327,0.185,0.381,0.243,0.197,0.177,0.206,0.168,0.174,0.166,0.511,0.166,0.309,0.192,0.215,0.165,0.362,0.17,0.201,0.171,0.728,0.169,0.251,0.173,0.174,0.178,0.352,0.175,0.166,0.169,0.227,0.167,0.215,0.193,0.196,0.171,0.259,0.178,0.186,0.195,0.617,0.418,0.179,0.465,0.17,0.17,0.172,0.171,0.181,0.164,0.173,0.167,0.17,0.165,0.171,0.173,0.188,0.201,0.178,0.184,0.176,0.165,0.19,0.182
0.021030093,25,0.226,0.176,0.165,0.177,0.19,0.22,0.176,0.172,0.452,0.161,0.17,0.161,0.136,0.261,0.219,0.168,0.19,0.183,0.17,0.16,0.19,0.6,0.299,0.174,0.175,0.173,0.165,0.168,0.212,0.145,0.168,0.158,0.208,0.527,0.17,0.754,0.524,0.169,0.183,0.578,0.168,0.726,0.351,0.191,0.162,0.17,0.22,0.177,0.168,0.296,0.165,0.16,0.177,0.179,0.203,0.167,0.172,0.476,0.168,2.116,0.204,0.216,0.177,0.271,0.624,0.189,0.17,0.16,0.159,0.161,0.172,0.344,0.172,0.225,0.162,0.168,0.423,0.165,0.179,1.231,0.165,0.179,0.226,0.174,0.169,0.165,0.17,0.169,0.166,0.167,0.177,0.18,0.167,0.159,0.243,0.163,0.189,0.164,0.166,0.21,0.172,0.314,0.165,0.165,0.172,0.219,0.162,0.166,0.163,0.216,0.166,0.168,0.165,0.22,0.172,0.258,0.172,0.203,0.17,0.889,0.177,0.185,0.289,0.17,0.172,0.194,1.697,0.175,0.331,0.186,0.386,0.245,0.198,0.178,0.208,0.168,0.175,0.166,0.511,0.166,0.313,0.192,0.215,0.165,0.367,0.17,0.204,0.171,0.744,0.17,0.253,0.174,0.174,0.179,0.356,0.176,0.167,0.17,0.229,0.167,0.215,0.194,0.196,0.171,0.262,0.178,0.186,0.195,0.627,0.43,0.18,0.464,0.171,0.17,0.172,0.171,0.182,0.164,0.173,0.167,0.17,0.165,0.171,0.172,0.189,0.2,0.178,0.184,0.176,0.165,0.19,0.183
0.021516204,25,0.228,0.176,0.166,0.178,0.191,0.222,0.176,0.173,0.459,0.161,0.17,0.161,0.136,0.263,0.221,0.168,0.19,0.183,0.17,0.16,0.191,0.609,0.301,0.177,0.176,0.173,0.166,0.168,0.213,0.145,0.169,0.158,0.209,0.521,0.171,0.76,0.532,0.169,0.184,0.589,0.169,0.739,0.356,0.192,0.162,0.17,0.224,0.177,0.169,0.299,0.168,0.16,0.178,0.18,0.204,0.167,0.172,0.488,0.169,2.148,0.205,0.217,0.178,0.274,0.634,0.19,0.17,0.16,0.16,0.161,0.173,0.348,0.172,0.223,0.162,0.168,0.42,0.166,0.18,1.254,0.165,0.179,0.228,0.174,0.169,0.165,0.171,0.17,0.166,0.167,0.177,0.18,0.167,0.159,0.246,0.163,0.189,0.164,0.166,0.211,0.167,0.318,0.165,0.166,0.172,0.221,0.163,0.166,0.164,0.218,0.166,0.169,0.165,0.221,0.172,0.261,0.172,0.204,0.17,0.907,0.178,0.184,0.292,0.17,0.173,0.195,1.732,0.175,0.335,0.186,0.392,0.247,0.199,0.178,0.209,0.168,0.175,0.166,0.51,0.166,0.317,0.193,0.217,0.165,0.372,0.169,0.203,0.172,0.753,0.17,0.255,0.174,0.174,0.179,0.361,0.176,0.166,0.17,0.231,0.168,0.217,0.195,0.197,0.171,0.264,0.179,0.185,0.193,0.639,0.435,0.178,0.468,0.171,0.171,0.173,0.172,0.182,0.164,0.174,0.168,0.171,0.166,0.172,0.173,0.19,0.201,0.178,0.185,0.176,0.165,0.19,0.183
0.022002315,25,0.23,0.176,0.166,0.178,0.192,0.223,0.176,0.173,0.466,0.161,0.17,0.162,0.137,0.266,0.222,0.169,0.191,0.184,0.171,0.161,0.194,0.62,0.304,0.175,0.176,0.174,0.166,0.169,0.215,0.145,0.169,0.158,0.211,0.525,0.171,0.735,0.54,0.17,0.185,0.587,0.168,0.751,0.357,0.193,0.162,0.17,0.222,0.178,0.169,0.303,0.166,0.161,0.178,0.181,0.205,0.168,0.173,0.474,0.169,2.18,0.206,0.219,0.179,0.276,0.646,0.19,0.17,0.16,0.16,0.161,0.173,0.352,0.172,0.225,0.162,0.168,0.418,0.166,0.18,1.277,0.166,0.18,0.23,0.174,0.169,0.165,0.171,0.17,0.166,0.167,0.178,0.181,0.168,0.16,0.245,0.163,0.19,0.165,0.167,0.213,0.173,0.322,0.165,0.166,0.172,0.223,0.162,0.167,0.164,0.22,0.166,0.169,0.165,0.224,0.172,0.264,0.172,0.206,0.171,0.925,0.178,0.186,0.296,0.17,0.173,0.196,1.77,0.176,0.339,0.186,0.397,0.25,0.2,0.179,0.21,0.169,0.176,0.167,0.508,0.166,0.321,0.194,0.218,0.165,0.377,0.17,0.203,0.172,0.764,0.171,0.258,0.175,0.174,0.18,0.366,0.177,0.167,0.17,0.233,0.168,0.217,0.196,0.197,0.172,0.267,0.179,0.186,0.197,0.649,0.428,0.179,0.47,0.171,0.171,0.173,0.171,0.182,0.165,0.174,0.168,0.171,0.167,0.172,0.173,0.191,0.2,0.179,0.185,0.177,0.165,0.19,0.184
0.022488426,25,0.231,0.177,0.166,0.178,0.192,0.224,0.176,0.173,0.472,0.161,0.171,0.162,0.136,0.268,0.224,0.169,0.192,0.184,0.171,0.161,0.194,0.625,0.306,0.174,0.176,0.174,0.166,0.169,0.216,0.146,0.169,0.158,0.212,0.528,0.171,0.751,0.548,0.17,0.186,0.601,0.169,0.764,0.361,0.193,0.163,0.17,0.221,0.179,0.169,0.306,0.168,0.161,0.179,0.181,0.206,0.168,0.173,0.474,0.169,2.213,0.207,0.22,0.179,0.278,0.655,0.191,0.17,0.16,0.16,0.161,0.173,0.355,0.173,0.223,0.162,0.168,0.418,0.166,0.181,1.3,0.166,0.18,0.231,0.175,0.17,0.165,0.172,0.17,0.166,0.167,0.179,0.181,0.168,0.16,0.246,0.163,0.19,0.165,0.167,0.214,0.17,0.326,0.165,0.166,0.172,0.224,0.163,0.167,0.164,0.221,0.166,0.169,0.165,0.224,0.174,0.266,0.172,0.207,0.171,0.943,0.178,0.186,0.298,0.17,0.173,0.197,1.807,0.176,0.342,0.187,0.402,0.251,0.201,0.179,0.212,0.169,0.176,0.167,0.511,0.166,0.325,0.195,0.219,0.165,0.382,0.17,0.205,0.172,0.779,0.171,0.259,0.175,0.174,0.18,0.37,0.177,0.167,0.171,0.234,0.168,0.219,0.196,0.197,0.172,0.269,0.18,0.188,0.194,0.661,0.432,0.176,0.473,0.171,0.171,0.173,0.172,0.183,0.165,0.174,0.168,0.17,0.166,0.172,0.173,0.191,0.201,0.179,0.186,0.177,0.165,0.192,0.184
0.022974537,25,0.233,0.177,0.167,0.179,0.193,0.226,0.177,0.173,0.479,0.161,0.171,0.162,0.136,0.271,0.225,0.169,0.192,0.185,0.171,0.161,0.195,0.637,0.31,0.176,0.177,0.175,0.166,0.169,0.217,0.145,0.169,0.158,0.213,0.52,0.171,0.734,0.556,0.17,0.187,0.572,0.168,0.776,0.361,0.194,0.163,0.171,0.224,0.179,0.169,0.31,0.166,0.161,0.179,0.181,0.207,0.169,0.173,0.466,0.17,2.244,0.208,0.222,0.179,0.281,0.666,0.192,0.171,0.16,0.16,0.161,0.173,0.36,0.173,0.222,0.162,0.168,0.42,0.166,0.181,1.322,0.166,0.181,0.233,0.175,0.17,0.166,0.172,0.17,0.166,0.168,0.179,0.181,0.168,0.16,0.245,0.163,0.191,0.165,0.167,0.215,0.175,0.331,0.166,0.167,0.172,0.225,0.163,0.167,0.164,0.222,0.167,0.169,0.165,0.223,0.174,0.27,0.172,0.208,0.171,0.961,0.179,0.188,0.302,0.171,0.174,0.198,1.844,0.176,0.343,0.187,0.407,0.254,0.201,0.179,0.212,0.169,0.176,0.167,0.503,0.166,0.329,0.196,0.22,0.165,0.388,0.17,0.206,0.172,0.789,0.171,0.262,0.176,0.176,0.181,0.375,0.178,0.167,0.171,0.236,0.168,0.22,0.197,0.199,0.172,0.272,0.18,0.185,0.198,0.671,0.429,0.179,0.48,0.172,0.171,0.173,0.172,0.184,0.165,0.175,0.168,0.171,0.166,0.173,0.173,0.192,0.201,0.179,0.186,0.177,0.166,0.191,0.185
0.023460648,25,0.235,0.178,0.167,0.179,0.193,0.227,0.177,0.174,0.485,0.161,0.171,0.163,0.136,0.273,0.226,0.169,0.193,0.186,0.171,0.161,0.195,0.645,0.313,0.175,0.177,0.175,0.167,0.169,0.219,0.146,0.17,0.158,0.214,0.534,0.171,0.74,0.565,0.17,0.187,0.588,0.17,0.788,0.363,0.195,0.163,0.171,0.222,0.179,0.17,0.313,0.168,0.161,0.18,0.182,0.209,0.169,0.174,0.469,0.17,2.275,0.209,0.223,0.18,0.283,0.676,0.192,0.171,0.16,0.16,0.161,0.173,0.363,0.173,0.226,0.162,0.168,0.422,0.166,0.181,1.345,0.166,0.181,0.234,0.175,0.17,0.166,0.172,0.17,0.166,0.168,0.179,0.182,0.168,0.16,0.243,0.163,0.191,0.165,0.167,0.217,0.176,0.335,0.166,0.167,0.173,0.227,0.163,0.167,0.164,0.223,0.166,0.17,0.165,0.225,0.173,0.272,0.173,0.21,0.171,0.979,0.179,0.188,0.305,0.171,0.173,0.198,1.881,0.177,0.35,0.188,0.413,0.255,0.203,0.18,0.213,0.169,0.177,0.168,0.498,0.167,0.333,0.196,0.221,0.165,0.393,0.171,0.205,0.173,0.801,0.172,0.264,0.176,0.174,0.181,0.38,0.178,0.168,0.171,0.238,0.169,0.223,0.198,0.2,0.172,0.274,0.181,0.187,0.196,0.682,0.426,0.179,0.479,0.172,0.171,0.174,0.172,0.184,0.165,0.175,0.168,0.171,0.167,0.173,0.174,0.193,0.202,0.18,0.187,0.178,0.166,0.194,0.185
0.023946759,25,0.236,0.178,0.167,0.18,0.194,0.229,0.177,0.173,0.492,0.162,0.171,0.163,0.137,0.276,0.228,0.169,0.193,0.186,0.172,0.161,0.196,0.651,0.315,0.176,0.177,0.176,0.167,0.17,0.22,0.146,0.17,0.159,0.216,0.52,0.172,0.755,0.573,0.171,0.188,0.585,0.17,0.801,0.361,0.196,0.163,0.171,0.224,0.18,0.17,0.317,0.166,0.161,0.18,0.183,0.21,0.169,0.174,0.474,0.17,2.306,0.211,0.225,0.181,0.286,0.686,0.193,0.171,0.161,0.16,0.162,0.174,0.367,0.173,0.222,0.162,0.169,0.419,0.167,0.182,1.367,0.166,0.181,0.236,0.175,0.17,0.166,0.173,0.17,0.167,0.168,0.18,0.182,0.168,0.16,0.245,0.163,0.191,0.165,0.167,0.218,0.176,0.339,0.166,0.167,0.173,0.228,0.163,0.167,0.164,0.225,0.167,0.17,0.166,0.227,0.175,0.276,0.172,0.211,0.171,0.996,0.179,0.189,0.308,0.171,0.174,0.199,1.918,0.177,0.351,0.188,0.418,0.257,0.203,0.18,0.215,0.169,0.177,0.168,0.515,0.167,0.337,0.197,0.222,0.165,0.398,0.171,0.209,0.172,0.813,0.172,0.266,0.177,0.176,0.182,0.385,0.179,0.168,0.172,0.239,0.169,0.223,0.199,0.199,0.173,0.277,0.181,0.19,0.199,0.693,0.427,0.178,0.476,0.172,0.172,0.174,0.172,0.185,0.165,0.175,0.168,0.171,0.167,0.173,0.174,0.193,0.202,0.18,0.187,0.178,0.166,0.194,0.186
0.02443287,25,0.238,0.178,0.168,0.18,0.195,0.231,0.177,0.174,0.498,0.162,0.172,0.163,0.137,0.278,0.228,0.169,0.194,0.187,0.172,0.161,0.195,0.663,0.318,0.175,0.177,0.176,0.167,0.17,0.221,0.146,0.17,0.159,0.217,0.545,0.172,0.77,0.581,0.171,0.189,0.6,0.17,0.813,0.366,0.197,0.163,0.171,0.225,0.18,0.17,0.32,0.169,0.162,0.18,0.183,0.211,0.17,0.174,0.472,0.17,2.337,0.212,0.226,0.181,0.288,0.696,0.194,0.172,0.161,0.16,0.162,0.174,0.371,0.174,0.222,0.163,0.169,0.422,0.167,0.183,1.39,0.166,0.182,0.238,0.175,0.171,0.166,0.173,0.171,0.167,0.168,0.18,0.182,0.169,0.16,0.243,0.163,0.192,0.165,0.167,0.22,0.172,0.344,0.166,0.167,0.172,0.23,0.163,0.167,0.164,0.226,0.167,0.17,0.166,0.229,0.173,0.278,0.173,0.212,0.171,1.014,0.18,0.189,0.311,0.171,0.174,0.2,1.955,0.176,0.358,0.188,0.424,0.259,0.204,0.181,0.216,0.17,0.177,0.168,0.491,0.167,0.341,0.198,0.223,0.165,0.403,0.171,0.207,0.173,0.823,0.172,0.267,0.177,0.175,0.182,0.389,0.18,0.168,0.173,0.241,0.169,0.225,0.2,0.199,0.173,0.28,0.182,0.19,0.198,0.704,0.438,0.178,0.485,0.172,0.172,0.174,0.173,0.185,0.165,0.176,0.169,0.172,0.167,0.174,0.176,0.194,0.202,0.18,0.187,0.178,0.166,0.196,0.186
0.024918981,25,0.239,0.179,0.168,0.18,0.196,0.232,0.178,0.174,0.505,0.162,0.172,0.164,0.137,0.28,0.231,0.169,0.194,0.187,0.172,0.161,0.196,0.672,0.321,0.175,0.178,0.177,0.167,0.17,0.222,0.146,0.171,0.159,0.218,0.537,0.172,0.768,0.589,0.171,0.189,0.602,0.17,0.826,0.369,0.197,0.163,0.171,0.223,0.181,0.17,0.323,0.17,0.162,0.181,0.184,0.212,0.17,0.175,0.469,0.171,2.368,0.213,0.228,0.182,0.291,0.707,0.195,0.172,0.161,0.16,0.162,0.174,0.375,0.174,0.221,0.163,0.169,0.427,0.167,0.183,1.412,0.167,0.182,0.239,0.176,0.171,0.166,0.174,0.171,0.167,0.168,0.18,0.183,0.169,0.16,0.239,0.163,0.192,0.165,0.168,0.221,0.175,0.348,0.166,0.168,0.173,0.231,0.163,0.167,0.164,0.227,0.167,0.17,0.166,0.229,0.173,0.282,0.173,0.214,0.171,1.032,0.18,0.19,0.314,0.172,0.174,0.201,1.992,0.177,0.361,0.189,0.429,0.261,0.205,0.181,0.216,0.17,0.178,0.168,0.483,0.167,0.345,0.199,0.222,0.166,0.409,0.171,0.208,0.174,0.834,0.173,0.27,0.177,0.174,0.183,0.394,0.18,0.168,0.173,0.243,0.169,0.225,0.2,0.2,0.173,0.282,0.182,0.19,0.201,0.715,0.425,0.18,0.48,0.172,0.172,0.174,0.173,0.186,0.165,0.176,0.169,0.172,0.167,0.174,0.174,0.195,0.202,0.181,0.188,0.178,0.166,0.193,0.186
0.025405093,25,0.241,0.179,0.168,0.181,0.196,0.234,0.177,0.174,0.511,0.162,0.172,0.164,0.137,0.283,0.231,0.169,0.194,0.188,0.172,0.161,0.197,0.677,0.324,0.175,0.178,0.177,0.168,0.17,0.224,0.147,0.171,0.159,0.219,0.551,0.172,0.8,0.597,0.171,0.189,0.602,0.171,0.838,0.371,0.198,0.163,0.172,0.226,0.181,0.171,0.327,0.169,0.162,0.181,0.184,0.213,0.17,0.175,0.505,0.171,2.397,0.215,0.229,0.182,0.293,0.717,0.195,0.172,0.161,0.16,0.162,0.174,0.379,0.174,0.222,0.163,0.169,0.423,0.167,0.184,1.435,0.167,0.182,0.241,0.176,0.171,0.167,0.174,0.171,0.167,0.168,0.181,0.183,0.169,0.16,0.239,0.164,0.193,0.165,0.168,0.222,0.176,0.352,0.166,0.168,0.173,0.233,0.163,0.167,0.164,0.229,0.167,0.171,0.166,0.23,0.173,0.285,0.173,0.215,0.172,1.05,0.18,0.19,0.318,0.172,0.175,0.201,2.029,0.177,0.366,0.189,0.434,0.263,0.206,0.181,0.218,0.17,0.178,0.168,0.499,0.167,0.349,0.2,0.224,0.166,0.414,0.172,0.206,0.174,0.84,0.173,0.272,0.178,0.175,0.183,0.399,0.18,0.169,0.173,0.245,0.169,0.226,0.201,0.202,0.173,0.285,0.183,0.189,0.201,0.726,0.438,0.179,0.49,0.173,0.172,0.174,0.173,0.186,0.166,0.176,0.169,0.172,0.168,0.174,0.176,0.196,0.203,0.181,0.188,0.179,0.166,0.194,0.187
0.025891204,25,0.243,0.18,0.168,0.181,0.197,0.235,0.178,0.174,0.518,0.162,0.173,0.165,0.137,0.285,0.233,0.17,0.195,0.188,0.172,0.161,0.198,0.689,0.327,0.175,0.178,0.177,0.168,0.171,0.225,0.147,0.172,0.159,0.22,0.547,0.172,0.784,0.605,0.171,0.191,0.608,0.17,0.851,0.375,0.199,0.163,0.172,0.223,0.182,0.171,0.33,0.17,0.162,0.182,0.184,0.214,0.171,0.175,0.494,0.171,2.427,0.216,0.231,0.182,0.296,0.728,0.196,0.173,0.161,0.16,0.162,0.175,0.383,0.174,0.218,0.163,0.169,0.434,0.168,0.184,1.457,0.167,0.183,0.243,0.176,0.171,0.167,0.175,0.171,0.167,0.168,0.181,0.183,0.17,0.161,0.242,0.164,0.193,0.166,0.168,0.223,0.174,0.357,0.166,0.168,0.173,0.234,0.163,0.168,0.165,0.23,0.168,0.171,0.166,0.23,0.175,0.288,0.173,0.216,0.172,1.068,0.181,0.191,0.32,0.172,0.175,0.202,2.067,0.178,0.368,0.189,0.439,0.265,0.207,0.182,0.219,0.17,0.179,0.169,0.479,0.167,0.353,0.2,0.224,0.166,0.42,0.172,0.206,0.173,0.856,0.173,0.274,0.178,0.176,0.184,0.403,0.181,0.169,0.173,0.247,0.17,0.228,0.202,0.201,0.174,0.287,0.184,0.192,0.201,0.737,0.423,0.18,0.491,0.173,0.172,0.175,0.173,0.187,0.166,0.177,0.169,0.172,0.168,0.175,0.175,0.196,0.203,0.182,0.19,0.179,0.167,0.195,0.187
0.026377315,25,0.245,0.18,0.169,0.182,0.197,0.237,0.178,0.174,0.525,0.162,0.173,0.165,0.137,0.288,0.235,0.17,0.196,0.189,0.173,0.162,0.198,0.698,0.33,0.175,0.178,0.178,0.168,0.171,0.226,0.147,0.172,0.159,0.221,0.559,0.173,0.809,0.613,0.172,0.191,0.62,0.172,0.863,0.375,0.2,0.163,0.172,0.225,0.182,0.171,0.334,0.17,0.162,0.182,0.185,0.215,0.171,0.176,0.499,0.172,2.457,0.217,0.232,0.183,0.298,0.738,0.197,0.173,0.161,0.161,0.162,0.175,0.386,0.174,0.218,0.164,0.169,0.431,0.168,0.184,1.479,0.167,0.183,0.244,0.176,0.172,0.167,0.175,0.171,0.168,0.168,0.182,0.184,0.17,0.161,0.238,0.164,0.193,0.166,0.168,0.225,0.176,0.361,0.167,0.169,0.173,0.236,0.163,0.168,0.165,0.231,0.168,0.171,0.166,0.232,0.173,0.291,0.173,0.217,0.172,1.086,0.181,0.191,0.324,0.172,0.176,0.203,2.104,0.177,0.373,0.19,0.445,0.266,0.208,0.182,0.22,0.17,0.179,0.169,0.46,0.167,0.357,0.201,0.227,0.166,0.425,0.172,0.203,0.174,0.855,0.173,0.276,0.179,0.175,0.184,0.408,0.182,0.169,0.174,0.248,0.17,0.229,0.203,0.204,0.174,0.29,0.184,0.19,0.198,0.748,0.432,0.178,0.489,0.173,0.172,0.175,0.174,0.187,0.166,0.177,0.169,0.173,0.168,0.175,0.176,0.197,0.203,0.182,0.19,0.179,0.167,0.196,0.188
0.026863426,25,0.246,0.18,0.169,0.182,0.197,0.238,0.178,0.174,0.531,0.162,0.173,0.165,0.137,0.29,0.236,0.17,0.196,0.189,0.173,0.162,0.201,0.708,0.333,0.175,0.179,0.178,0.169,0.171,0.227,0.147,0.172,0.159,0.223,0.556,0.173,0.789,0.621,0.172,0.192,0.621,0.17,0.876,0.378,0.2,0.163,0.172,0.226,0.183,0.172,0.337,0.169,0.162,0.183,0.185,0.216,0.171,0.176,0.501,0.172,2.487,0.218,0.234,0.183,0.3,0.748,0.197,0.173,0.161,0.161,0.162,0.175,0.39,0.174,0.217,0.164,0.169,0.436,0.168,0.185,1.501,0.168,0.183,0.246,0.176,0.172,0.167,0.175,0.172,0.168,0.168,0.182,0.184,0.17,0.161,0.241,0.164,0.194,0.166,0.168,0.226,0.176,0.366,0.167,0.169,0.173,0.237,0.163,0.168,0.165,0.233,0.168,0.172,0.166,0.232,0.174,0.294,0.173,0.219,0.172,1.105,0.181,0.191,0.327,0.172,0.176,0.204,2.141,0.178,0.377,0.19,0.45,0.268,0.208,0.182,0.221,0.171,0.18,0.169,0.461,0.167,0.361,0.202,0.227,0.166,0.43,0.172,0.205,0.174,0.877,0.174,0.278,0.179,0.175,0.185,0.413,0.182,0.169,0.174,0.25,0.17,0.23,0.204,0.204,0.174,0.292,0.185,0.191,0.199,0.758,0.441,0.179,0.491,0.173,0.172,0.175,0.173,0.188,0.166,0.177,0.17,0.173,0.168,0.175,0.176,0.198,0.203,0.183,0.19,0.18,0.167,0.196,0.188
0.027349537,25,0.248,0.181,0.169,0.182,0.198,0.24,0.178,0.175,0.538,0.163,0.173,0.165,0.137,0.293,0.237,0.17,0.196,0.19,0.173,0.162,0.199,0.715,0.335,0.176,0.179,0.179,0.169,0.171,0.229,0.147,0.173,0.159,0.224,0.56,0.173,0.804,0.629,0.172,0.192,0.64,0.172,0.888,0.379,0.201,0.164,0.172,0.226,0.183,0.172,0.34,0.17,0.162,0.183,0.186,0.217,0.172,0.176,0.501,0.172,2.517,0.219,0.235,0.184,0.303,0.758,0.198,0.173,0.162,0.161,0.162,0.176,0.394,0.174,0.217,0.164,0.169,0.432,0.168,0.185,1.524,0.168,0.184,0.248,0.177,0.172,0.167,0.176,0.172,0.168,0.169,0.183,0.184,0.17,0.161,0.239,0.164,0.194,0.166,0.169,0.228,0.175,0.37,0.167,0.169,0.173,0.239,0.163,0.168,0.165,0.234,0.168,0.172,0.167,0.233,0.174,0.297,0.173,0.22,0.172,1.123,0.182,0.192,0.33,0.173,0.176,0.205,2.179,0.177,0.381,0.191,0.456,0.27,0.209,0.183,0.222,0.171,0.18,0.169,0.454,0.168,0.365,0.203,0.228,0.166,0.436,0.172,0.204,0.175,0.879,0.174,0.28,0.179,0.175,0.185,0.417,0.183,0.17,0.174,0.252,0.171,0.231,0.205,0.206,0.175,0.295,0.185,0.191,0.199,0.77,0.578,0.179,0.493,0.173,0.173,0.176,0.174,0.188,0.166,0.177,0.17,0.173,0.169,0.176,0.178,0.199,0.204,0.183,0.191,0.18,0.167,0.197,0.189
0.027835648,25,0.25,0.181,0.169,0.183,0.199,0.241,0.179,0.175,0.545,0.163,0.173,0.166,0.138,0.295,0.238,0.17,0.197,0.191,0.173,0.162,0.2,0.726,0.339,0.174,0.179,0.179,0.169,0.172,0.23,0.147,0.173,0.159,0.225,0.565,0.174,0.804,0.637,0.172,0.193,0.632,0.172,0.9,0.386,0.202,0.164,0.172,0.228,0.184,0.172,0.344,0.171,0.163,0.184,0.186,0.219,0.172,0.177,0.492,0.172,2.546,0.22,0.237,0.185,0.305,0.768,0.199,0.174,0.162,0.161,0.163,0.176,0.398,0.175,0.217,0.164,0.17,0.437,0.168,0.186,1.546,0.168,0.184,0.249,0.177,0.172,0.167,0.176,0.172,0.168,0.169,0.183,0.184,0.17,0.161,0.241,0.164,0.195,0.166,0.169,0.229,0.177,0.375,0.167,0.17,0.173,0.24,0.163,0.168,0.165,0.235,0.168,0.172,0.167,0.235,0.175,0.301,0.173,0.222,0.172,1.141,0.182,0.193,0.333,0.173,0.177,0.205,2.216,0.178,0.385,0.191,0.461,0.272,0.21,0.183,0.223,0.171,0.18,0.169,0.467,0.168,0.369,0.203,0.229,0.166,0.441,0.172,0.205,0.174,0.891,0.174,0.282,0.18,0.175,0.185,0.422,0.183,0.17,0.175,0.254,0.171,0.233,0.206,0.203,0.175,0.297,0.186,0.192,0.201,0.78,0.589,0.18,0.491,0.173,0.173,0.176,0.174,0.189,0.167,0.178,0.17,0.174,0.169,0.176,0.177,0.199,0.204,0.184,0.191,0.18,0.168,0.197,0.189
0.028321759,25,0.251,0.182,0.17,0.183,0.199,0.243,0.179,0.175,0.552,0.163,0.174,0.166,0.138,0.298,0.239,0.17,0.198,0.191,0.174,0.162,0.2,0.736,0.342,0.176,0.179,0.179,0.169,0.172,0.232,0.148,0.173,0.159,0.226,0.558,0.174,0.809,0.645,0.173,0.194,0.632,0.172,0.912,0.385,0.203,0.164,0.173,0.227,0.185,0.173,0.347,0.17,0.163,0.184,0.187,0.22,0.173,0.177,0.502,0.172,2.574,0.222,0.238,0.185,0.308,0.778,0.2,0.174,0.162,0.161,0.163,0.176,0.402,0.175,0.219,0.164,0.169,0.433,0.168,0.186,1.568,0.168,0.184,0.251,0.177,0.173,0.167,0.177,0.172,0.168,0.169,0.184,0.185,0.171,0.161,0.239,0.164,0.195,0.166,0.169,0.23,0.176,0.379,0.167,0.17,0.174,0.242,0.163,0.169,0.165,0.236,0.168,0.172,0.167,0.235,0.174,0.304,0.173,0.223,0.173,1.159,0.182,0.192,0.336,0.173,0.177,0.206,2.253,0.178,0.389,0.191,0.466,0.274,0.211,0.184,0.224,0.171,0.18,0.17,0.46,0.168,0.373,0.204,0.23,0.167,0.446,0.171,0.204,0.175,0.899,0.175,0.284,0.18,0.175,0.186,0.427,0.184,0.171,0.175,0.256,0.171,0.234,0.206,0.206,0.175,0.3,0.186,0.192,0.199,0.792,0.591,0.178,0.496,0.174,0.173,0.176,0.174,0.189,0.167,0.178,0.171,0.174,0.169,0.176,0.178,0.2,0.205,0.184,0.192,0.181,0.168,0.198,0.19
0.02880787,25,0.253,0.182,0.17,0.183,0.2,0.244,0.179,0.175,0.558,0.163,0.174,0.166,0.138,0.3,0.241,0.171,0.198,0.191,0.174,0.162,0.201,0.743,0.346,0.175,0.18,0.18,0.169,0.172,0.233,0.148,0.173,0.159,0.228,0.569,0.174,0.803,0.653,0.173,0.195,0.633,0.172,0.925,0.392,0.203,0.164,0.173,0.229,0.185,0.173,0.351,0.171,0.163,0.184,0.187,0.221,0.173,0.177,0.482,0.173,2.602,0.223,0.24,0.185,0.31,0.789,0.2,0.174,0.162,0.161,0.163,0.176,0.407,0.175,0.215,0.164,0.17,0.432,0.169,0.187,1.59,0.169,0.185,0.252,0.177,0.173,0.167,0.177,0.172,0.168,0.169,0.184,0.185,0.171,0.161,0.239,0.164,0.195,0.166,0.169,0.231,0.177,0.384,0.167,0.17,0.174,0.243,0.163,0.169,0.165,0.238,0.168,0.172,0.167,0.239,0.175,0.307,0.173,0.224,0.172,1.177,0.183,0.193,0.34,0.173,0.177,0.207,2.288,0.178,0.392,0.192,0.472,0.276,0.212,0.184,0.225,0.171,0.181,0.17,0.461,0.168,0.377,0.205,0.231,0.166,0.452,0.172,0.205,0.175,0.911,0.175,0.286,0.181,0.176,0.186,0.432,0.184,0.171,0.175,0.258,0.171,0.235,0.207,0.205,0.175,0.302,0.187,0.191,0.202,0.802,0.581,0.18,0.493,0.174,0.173,0.176,0.174,0.19,0.167,0.178,0.17,0.174,0.169,0.176,0.177,0.201,0.204,0.184,0.193,0.181,0.168,0.197,0.19
0.029293981,25,0.255,0.182,0.17,0.184,0.201,0.246,0.179,0.176,0.565,0.163,0.174,0.166,0.138,0.302,0.242,0.171,0.198,0.192,0.174,0.162,0.201,0.752,0.348,0.176,0.18,0.18,0.17,0.172,0.234,0.148,0.174,0.159,0.229,0.569,0.174,0.802,0.661,0.173,0.195,0.637,0.173,0.937,0.393,0.204,0.164,0.173,0.229,0.185,0.173,0.354,0.171,0.163,0.185,0.188,0.222,0.173,0.178,0.488,0.173,2.63,0.224,0.241,0.186,0.312,0.799,0.201,0.175,0.162,0.161,0.163,0.177,0.41,0.175,0.217,0.164,0.17,0.43,0.169,0.187,1.612,0.169,0.185,0.254,0.177,0.173,0.168,0.177,0.172,0.169,0.169,0.184,0.185,0.171,0.161,0.239,0.164,0.196,0.166,0.169,0.233,0.177,0.388,0.167,0.17,0.174,0.245,0.164,0.169,0.165,0.239,0.168,0.173,0.167,0.239,0.175,0.31,0.173,0.226,0.173,1.195,0.183,0.193,0.343,0.173,0.177,0.207,2.327,0.178,0.397,0.192,0.477,0.278,0.213,0.185,0.226,0.171,0.181,0.17,0.458,0.168,0.381,0.206,0.234,0.167,0.457,0.171,0.203,0.176,0.926,0.175,0.288,0.181,0.175,0.187,0.436,0.185,0.171,0.176,0.259,0.171,0.237,0.208,0.207,0.176,0.305,0.187,0.192,0.202,0.814,0.589,0.179,0.509,0.174,0.173,0.176,0.175,0.19,0.167,0.179,0.171,0.174,0.169,0.177,0.178,0.201,0.204,0.185,0.193,0.181,0.168,0.2,0.19
0.029780093,25,0.256,0.183,0.171,0.184,0.201,0.248,0.179,0.176,0.571,0.163,0.175,0.167,0.138,0.305,0.244,0.171,0.199,0.192,0.174,0.162,0.201,0.763,0.352,0.176,0.18,0.181,0.17,0.173,0.235,0.148,0.174,0.16,0.23,0.573,0.174,0.806,0.669,0.173,0.196,0.64,0.172,0.95,0.396,0.205,0.164,0.173,0.228,0.186,0.174,0.357,0.172,0.163,0.185,0.188,0.223,0.174,0.178,0.505,0.173,2.659,0.225,0.243,0.186,0.315,0.809,0.202,0.175,0.162,0.161,0.163,0.177,0.414,0.176,0.217,0.164,0.17,0.437,0.169,0.188,1.633,0.169,0.185,0.256,0.177,0.173,0.168,0.178,0.173,0.169,0.169,0.185,0.185,0.171,0.161,0.241,0.164,0.196,0.166,0.169,0.234,0.177,0.393,0.168,0.171,0.174,0.247,0.164,0.169,0.165,0.241,0.169,0.173,0.167,0.241,0.176,0.314,0.173,0.227,0.173,1.213,0.183,0.194,0.346,0.173,0.178,0.208,2.364,0.179,0.4,0.192,0.483,0.28,0.214,0.185,0.227,0.171,0.182,0.17,0.461,0.168,0.385,0.207,0.235,0.167,0.462,0.173,0.205,0.175,0.937,0.175,0.29,0.182,0.176,0.187,0.441,0.185,0.171,0.176,0.261,0.172,0.238,0.209,0.206,0.176,0.308,0.188,0.19,0.202,0.825,0.593,0.181,0.492,0.174,0.173,0.177,0.175,0.191,0.167,0.179,0.171,0.175,0.17,0.177,0.178,0.202,0.205,0.185,0.194,0.181,0.168,0.2,0.191
0.030266204,25,0.258,0.183,0.171,0.185,0.202,0.249,0.179,0.176,0.578,0.163,0.175,0.167,0.138,0.307,0.245,0.171,0.2,0.193,0.175,0.163,0.201,0.774,0.354,0.176,0.18,0.181,0.17,0.173,0.237,0.148,0.174,0.16,0.231,0.566,0.175,0.823,0.677,0.174,0.197,0.648,0.174,0.962,0.398,0.206,0.165,0.173,0.23,0.186,0.174,0.361,0.171,0.163,0.186,0.189,0.224,0.174,0.178,0.515,0.174,2.686,0.227,0.244,0.187,0.317,0.82,0.202,0.175,0.163,0.161,0.163,0.177,0.417,0.176,0.215,0.165,0.17,0.435,0.169,0.188,1.655,0.169,0.186,0.258,0.178,0.174,0.168,0.178,0.173,0.169,0.169,0.185,0.186,0.172,0.162,0.242,0.164,0.196,0.166,0.169,0.236,0.177,0.398,0.168,0.171,0.174,0.248,0.164,0.169,0.165,0.242,0.169,0.173,0.167,0.24,0.175,0.317,0.174,0.229,0.173,1.231,0.184,0.195,0.349,0.174,0.178,0.209,2.401,0.178,0.405,0.193,0.488,0.282,0.215,0.186,0.228,0.172,0.182,0.17,0.453,0.169,0.39,0.208,0.237,0.167,0.468,0.173,0.205,0.175,0.946,0.176,0.293,0.182,0.176,0.188,0.446,0.186,0.172,0.177,0.263,0.172,0.24,0.21,0.208,0.176,0.311,0.189,0.193,0.201,0.835,0.594,0.18,0.499,0.175,0.173,0.177,0.175,0.191,0.167,0.179,0.171,0.175,0.17,0.177,0.178,0.203,0.206,0.185,0.194,0.182,0.168,0.201,0.191
0.030752315,25,0.26,0.183,0.171,0.185,0.202,0.251,0.179,0.176,0.585,0.163,0.175,0.167,0.138,0.31,0.246,0.171,0.2,0.194,0.175,0.163,0.202,0.78,0.357,0.174,0.181,0.181,0.17,0.173,0.238,0.148,0.175,0.16,0.232,0.571,0.175,0.824,0.685,0.174,0.198,0.645,0.174,0.974,0.4,0.206,0.165,0.173,0.228,0.187,0.174,0.364,0.171,0.164,0.186,0.189,0.225,0.174,0.179,0.509,0.174,2.711,0.228,0.246,0.188,0.32,0.83,0.203,0.175,0.163,0.161,0.163,0.178,0.422,0.176,0.219,0.165,0.17,0.438,0.169,0.189,1.677,0.169,0.186,0.259,0.178,0.174,0.168,0.179,0.173,0.169,0.169,0.186,0.186,0.172,0.162,0.243,0.164,0.197,0.166,0.17,0.237,0.176,0.402,0.168,0.171,0.175,0.25,0.164,0.169,0.165,0.243,0.169,0.174,0.167,0.242,0.176,0.32,0.174,0.23,0.173,1.249,0.184,0.196,0.352,0.174,0.178,0.21,2.436,0.179,0.408,0.193,0.494,0.284,0.216,0.186,0.229,0.172,0.182,0.171,0.454,0.169,0.394,0.208,0.237,0.167,0.473,0.173,0.206,0.175,0.96,0.176,0.295,0.183,0.176,0.188,0.451,0.186,0.171,0.177,0.265,0.172,0.241,0.211,0.209,0.176,0.313,0.189,0.192,0.203,0.846,0.583,0.181,0.49,0.175,0.174,0.177,0.176,0.192,0.167,0.18,0.172,0.175,0.17,0.178,0.179,0.204,0.205,0.186,0.195,0.182,0.169,0.2,0.192
0.031238426,25,0.261,0.184,0.172,0.185,0.203,0.253,0.18,0.177,0.591,0.164,0.175,0.168,0.139,0.312,0.248,0.172,0.201,0.194,0.175,0.163,0.201,0.791,0.361,0.176,0.181,0.182,0.17,0.174,0.239,0.149,0.176,0.16,0.234,0.573,0.176,0.822,0.694,0.174,0.198,0.636,0.174,0.987,0.402,0.207,0.165,0.173,0.23,0.188,0.175,0.368,0.172,0.164,0.187,0.19,0.226,0.175,0.179,0.503,0.174,2.744,0.229,0.248,0.188,0.322,0.84,0.204,0.176,0.163,0.162,0.164,0.178,0.425,0.177,0.215,0.165,0.17,0.432,0.17,0.189,1.699,0.17,0.187,0.261,0.178,0.174,0.168,0.179,0.173,0.169,0.169,0.186,0.186,0.172,0.162,0.243,0.164,0.197,0.166,0.17,0.238,0.175,0.407,0.168,0.172,0.175,0.251,0.164,0.169,0.166,0.245,0.169,0.174,0.167,0.243,0.175,0.323,0.174,0.231,0.173,1.268,0.184,0.195,0.356,0.174,0.178,0.211,2.474,0.179,0.413,0.194,0.499,0.286,0.216,0.187,0.231,0.172,0.183,0.171,0.455,0.169,0.398,0.209,0.239,0.167,0.479,0.172,0.207,0.177,0.973,0.176,0.297,0.183,0.176,0.189,0.456,0.187,0.172,0.178,0.267,0.172,0.243,0.211,0.209,0.177,0.316,0.19,0.193,0.202,0.857,0.591,0.18,0.499,0.175,0.174,0.177,0.176,0.193,0.168,0.18,0.172,0.176,0.17,0.178,0.179,0.204,0.206,0.186,0.195,0.182,0.169,0.202,0.192
0.031724537,25,0.263,0.184,0.172,0.186,0.204,0.254,0.18,0.177,0.598,0.164,0.176,0.168,0.139,0.315,0.249,0.172,0.201,0.195,0.176,0.163,0.204,0.797,0.365,0.175,0.181,0.182,0.171,0.174,0.24,0.149,0.175,0.16,0.235,0.575,0.176,0.831,0.702,0.174,0.199,0.62,0.173,0.999,0.405,0.208,0.165,0.173,0.228,0.188,0.175,0.371,0.172,0.164,0.187,0.19,0.227,0.175,0.179,0.51,0.174,2.766,0.23,0.249,0.189,0.325,0.85,0.204,0.176,0.163,0.162,0.163,0.178,0.43,0.177,0.216,0.165,0.171,0.434,0.17,0.189,1.72,0.17,0.187,0.262,0.178,0.174,0.168,0.179,0.173,0.169,0.17,0.186,0.186,0.172,0.162,0.241,0.164,0.197,0.167,0.17,0.24,0.178,0.411,0.168,0.172,0.175,0.253,0.164,0.169,0.166,0.246,0.169,0.174,0.167,0.245,0.177,0.327,0.174,0.233,0.173,1.286,0.185,0.197,0.359,0.175,0.179,0.212,2.511,0.179,0.416,0.194,0.505,0.288,0.217,0.187,0.232,0.172,0.183,0.171,0.47,0.169,0.402,0.21,0.24,0.167,0.484,0.173,0.209,0.176,0.983,0.177,0.299,0.183,0.176,0.189,0.461,0.187,0.172,0.177,0.269,0.173,0.244,0.212,0.208,0.177,0.318,0.19,0.191,0.202,0.868,0.589,0.18,0.489,0.176,0.174,0.178,0.176,0.193,0.168,0.18,0.172,0.176,0.171,0.178,0.179,0.205,0.206,0.187,0.196,0.183,0.169,0.2,0.193
0.032210648,25,0.265,0.185,0.172,0.186,0.204,0.256,0.18,0.177,0.605,0.164,0.176,0.168,0.139,0.317,0.25,0.172,0.202,0.195,0.176,0.163,0.204,0.809,0.367,0.176,0.182,0.183,0.171,0.174,0.242,0.149,0.176,0.16,0.236,0.561,0.176,0.82,0.71,0.175,0.2,0.636,0.175,1.011,0.411,0.208,0.165,0.174,0.23,0.189,0.175,0.375,0.172,0.164,0.188,0.191,0.229,0.176,0.18,0.208,0.175,2.791,0.232,0.251,0.189,0.327,0.86,0.205,0.177,0.163,0.162,0.164,0.178,0.433,0.177,0.217,0.165,0.171,0.434,0.17,0.19,1.741,0.17,0.188,0.264,0.178,0.175,0.168,0.18,0.174,0.17,0.17,0.187,0.187,0.173,0.162,0.245,0.165,0.198,0.167,0.17,0.241,0.175,0.416,0.168,0.172,0.175,0.254,0.164,0.17,0.166,0.248,0.169,0.174,0.168,0.245,0.176,0.33,0.174,0.234,0.174,1.303,0.185,0.196,0.362,0.175,0.179,0.213,2.549,0.179,0.42,0.194,0.51,0.289,0.218,0.188,0.233,0.172,0.184,0.171,0.466,0.169,0.406,0.211,0.242,0.167,0.49,0.172,0.209,0.177,1,0.177,0.301,0.184,0.176,0.19,0.465,0.188,0.172,0.178,0.271,0.173,0.245,0.213,0.21,0.177,0.321,0.191,0.193,0.202,0.88,0.593,0.181,0.501,0.176,0.174,0.178,0.177,0.193,0.168,0.181,0.172,0.176,0.171,0.179,0.18,0.206,0.206,0.187,0.196,0.183,0.169,0.202,0.193
0.032696759,25,0.266,0.185,0.172,0.187,0.205,0.258,0.18,0.177,0.611,0.164,0.176,0.169,0.139,0.32,0.252,0.172,0.202,0.196,0.176,0.163,0.204,0.817,0.369,0.175,0.182,0.183,0.171,0.174,0.243,0.149,0.176,0.16,0.237,0.57,0.176,0.811,0.718,0.175,0.201,0.62,0.174,1.024,0.415,0.209,0.165,0.174,0.229,0.19,0.176,0.378,0.173,0.164,0.188,0.192,0.23,0.176,0.18,0.209,0.175,2.821,0.233,0.252,0.19,0.33,0.871,0.206,0.177,0.163,0.162,0.164,0.179,0.438,0.177,0.22,0.165,0.171,0.431,0.17,0.191,1.763,0.17,0.188,0.266,0.179,0.175,0.169,0.18,0.174,0.17,0.17,0.188,0.187,0.173,0.162,0.244,0.165,0.198,0.167,0.17,0.242,0.179,0.421,0.168,0.172,0.175,0.256,0.164,0.17,0.166,0.249,0.17,0.175,0.168,0.246,0.177,0.334,0.174,0.236,0.174,1.321,0.185,0.198,0.366,0.175,0.179,0.213,2.586,0.179,0.424,0.195,0.516,0.292,0.219,0.188,0.234,0.173,0.184,0.172,0.467,0.169,0.41,0.212,0.242,0.168,0.495,0.174,0.209,0.176,1.009,0.178,0.303,0.184,0.176,0.19,0.47,0.189,0.172,0.178,0.273,0.173,0.247,0.214,0.209,0.178,0.324,0.191,0.192,0.204,0.89,0.577,0.18,0.498,0.176,0.174,0.178,0.176,0.194,0.168,0.181,0.172,0.176,0.171,0.179,0.18,0.206,0.206,0.187,0.196,0.183,0.169,0.201,0.194
0.03318287,25,0.268,0.186,0.173,0.187,0.205,0.259,0.181,0.177,0.618,0.164,0.176,0.169,0.139,0.322,0.253,0.172,0.203,0.196,0.176,0.163,0.204,0.826,0.373,0.176,0.182,0.184,0.171,0.175,0.244,0.149,0.177,0.16,0.238,0.565,0.177,0.81,0.726,0.175,0.202,0.638,0.174,1.036,0.414,0.21,0.165,0.174,0.229,0.19,0.176,0.382,0.173,0.165,0.191,0.192,0.231,0.176,0.18,0.21,0.176,2.847,0.234,0.254,0.19,0.332,0.881,0.206,0.177,0.164,0.162,0.164,0.179,0.441,0.177,0.218,0.165,0.171,0.436,0.171,0.191,1.784,0.17,0.189,0.268,0.179,0.175,0.169,0.181,0.174,0.17,0.17,0.188,0.187,0.173,0.162,0.241,0.165,0.199,0.167,0.171,0.244,0.177,0.425,0.169,0.173,0.175,0.257,0.164,0.17,0.166,0.251,0.17,0.175,0.168,0.246,0.177,0.337,0.174,0.237,0.174,1.339,0.186,0.198,0.369,0.175,0.18,0.214,2.624,0.179,0.429,0.195,0.521,0.293,0.22,0.189,0.235,0.173,0.185,0.172,0.465,0.17,0.415,0.213,0.245,0.168,0.5,0.174,0.209,0.177,1.019,0.178,0.305,0.185,0.176,0.191,0.475,0.189,0.173,0.179,0.274,0.173,0.248,0.215,0.21,0.178,0.326,0.192,0.194,0.204,0.902,0.641,0.18,0.495,0.176,0.175,0.178,0.176,0.194,0.168,0.181,0.172,0.176,0.172,0.179,0.18,0.207,0.207,0.188,0.197,0.184,0.17,0.204,0.194
0.033668981,25,0.27,0.186,0.173,0.188,0.206,0.261,0.18,0.178,0.624,0.165,0.177,0.17,0.139,0.325,0.255,0.172,0.203,0.197,0.177,0.163,0.206,0.837,0.376,0.176,0.182,0.184,0.171,0.175,0.246,0.149,0.177,0.16,0.24,0.569,0.177,0.805,0.734,0.175,0.203,0.628,0.175,1.048,0.419,0.211,0.165,0.174,0.23,0.191,0.176,0.385,0.173,0.165,0.192,0.192,0.232,0.177,0.181,0.211,0.176,2.875,0.235,0.256,0.191,0.335,0.891,0.207,0.177,0.164,0.162,0.164,0.179,0.446,0.178,0.222,0.165,0.171,0.435,0.171,0.191,1.805,0.171,0.189,0.269,0.179,0.176,0.169,0.181,0.174,0.17,0.17,0.188,0.188,0.174,0.162,0.246,0.165,0.199,0.167,0.171,0.245,0.178,0.43,0.169,0.173,0.175,0.259,0.164,0.17,0.166,0.252,0.17,0.175,0.168,0.248,0.177,0.34,0.174,0.238,0.174,1.357,0.186,0.199,0.372,0.175,0.18,0.215,2.66,0.18,0.432,0.196,0.527,0.295,0.221,0.189,0.236,0.173,0.185,0.172,0.473,0.17,0.419,0.213,0.246,0.168,0.506,0.174,0.21,0.176,1.035,0.178,0.307,0.185,0.177,0.191,0.48,0.19,0.173,0.179,0.276,0.173,0.25,0.216,0.211,0.178,0.329,0.192,0.192,0.205,0.912,0.638,0.18,0.498,0.176,0.175,0.179,0.177,0.195,0.168,0.182,0.173,0.177,0.172,0.18,0.181,0.208,0.207,0.188,0.197,0.184,0.17,0.204,0.195
0.034155093,25,0.272,0.187,0.173,0.188,0.206,0.263,0.18,0.178,0.63,0.165,0.177,0.17,0.139,0.327,0.256,0.173,0.204,0.197,0.177,0.163,0.205,0.847,0.379,0.177,0.183,0.184,0.172,0.175,0.247,0.149,0.178,0.16,0.241,0.562,0.177,0.809,0.742,0.176,0.203,0.626,0.175,1.06,0.422,0.211,0.166,0.174,0.228,0.191,0.177,0.389,0.173,0.165,0.191,0.193,0.233,0.177,0.181,0.212,0.176,2.9,0.236,0.257,0.192,0.337,0.901,0.208,0.178,0.164,0.162,0.164,0.179,0.449,0.178,0.217,0.165,0.171,0.427,0.171,0.192,1.827,0.171,0.189,0.271,0.179,0.176,0.169,0.182,0.174,0.171,0.17,0.189,0.188,0.174,0.162,0.244,0.165,0.199,0.167,0.171,0.246,0.173,0.435,0.169,0.173,0.175,0.26,0.165,0.17,0.166,0.254,0.17,0.175,0.168,0.249,0.177,0.343,0.175,0.24,0.174,1.375,0.186,0.199,0.375,0.176,0.18,0.216,2.696,0.179,0.437,0.196,0.532,0.297,0.223,0.189,0.237,0.173,0.185,0.172,0.467,0.17,0.423,0.214,0.248,0.168,0.511,0.174,0.212,0.178,1.047,0.178,0.309,0.186,0.177,0.192,0.485,0.191,0.173,0.18,0.278,0.174,0.251,0.216,0.213,0.179,0.331,0.193,0.194,0.205,0.923,0.586,0.181,0.492,0.176,0.175,0.179,0.177,0.195,0.168,0.182,0.173,0.177,0.172,0.18,0.181,0.209,0.208,0.188,0.198,0.184,0.17,0.205,0.195
0.034641204,25,0.273,0.187,0.173,0.189,0.207,0.264,0.181,0.178,0.637,0.165,0.177,0.17,0.14,0.33,0.257,0.173,0.204,0.198,0.177,0.164,0.205,0.854,0.381,0.177,0.183,0.185,0.172,0.175,0.248,0.149,0.178,0.161,0.242,0.559,0.178,0.823,0.75,0.176,0.204,0.626,0.176,1.072,0.425,0.212,0.166,0.174,0.228,0.192,0.177,0.392,0.174,0.165,0.193,0.194,0.234,0.178,0.181,0.213,0.176,2.922,0.237,0.259,0.192,0.339,0.911,0.208,0.178,0.164,0.162,0.164,0.18,0.454,0.178,0.221,0.166,0.171,0.432,0.171,0.193,1.848,0.171,0.19,0.273,0.179,0.176,0.169,0.182,0.175,0.171,0.17,0.189,0.188,0.174,0.162,0.245,0.165,0.2,0.167,0.171,0.248,0.177,0.44,0.169,0.173,0.175,0.262,0.164,0.17,0.166,0.255,0.17,0.176,0.168,0.252,0.178,0.347,0.174,0.241,0.174,1.393,0.187,0.2,0.379,0.176,0.18,0.216,2.732,0.179,0.44,0.197,0.523,0.299,0.223,0.19,0.238,0.173,0.186,0.172,0.485,0.17,0.427,0.215,0.248,0.168,0.517,0.174,0.212,0.177,1.057,0.179,0.311,0.186,0.177,0.192,0.489,0.191,0.174,0.18,0.28,0.174,0.252,0.217,0.212,0.179,0.334,0.194,0.191,0.205,0.934,0.636,0.181,0.496,0.177,0.175,0.179,0.177,0.196,0.169,0.182,0.173,0.177,0.172,0.18,0.181,0.209,0.207,0.189,0.198,0.184,0.17,0.204,0.196
0.035127315,25,0.275,0.187,0.174,0.189,0.208,0.266,0.18,0.178,0.643,0.165,0.177,0.17,0.139,0.332,0.258,0.173,0.205,0.198,0.177,0.164,0.208,0.864,0.385,0.177,0.183,0.185,0.172,0.176,0.25,0.15,0.178,0.161,0.243,0.562,0.178,0.799,0.758,0.176,0.204,0.634,0.175,1.084,0.428,0.213,0.166,0.174,0.228,0.192,0.177,0.395,0.173,0.165,0.193,0.194,0.235,0.178,0.182,0.214,0.177,2.957,0.239,0.26,0.192,0.342,0.922,0.209,0.178,0.164,0.162,0.164,0.18,0.458,0.179,0.219,0.165,0.171,0.429,0.171,0.193,1.869,0.171,0.19,0.274,0.179,0.176,0.169,0.182,0.175,0.171,0.17,0.19,0.188,0.174,0.163,0.247,0.165,0.2,0.167,0.171,0.249,0.173,0.444,0.169,0.174,0.176,0.264,0.165,0.17,0.166,0.256,0.17,0.176,0.168,0.253,0.178,0.35,0.174,0.243,0.174,1.411,0.187,0.199,0.382,0.176,0.18,0.217,2.771,0.179,0.445,0.197,0.528,0.301,0.224,0.19,0.239,0.173,0.186,0.172,0.478,0.17,0.431,0.216,0.25,0.168,0.522,0.173,0.212,0.179,1.074,0.179,0.313,0.186,0.177,0.193,0.494,0.192,0.174,0.181,0.282,0.174,0.254,0.218,0.213,0.179,0.337,0.194,0.194,0.206,0.945,0.647,0.182,0.497,0.177,0.175,0.179,0.178,0.196,0.169,0.182,0.173,0.177,0.172,0.18,0.182,0.21,0.208,0.189,0.199,0.185,0.17,0.205,0.196
0.035613426,25,0.277,0.188,0.174,0.189,0.208,0.268,0.181,0.178,0.65,0.165,0.178,0.171,0.14,0.335,0.26,0.173,0.205,0.199,0.178,0.164,0.207,0.873,0.388,0.177,0.184,0.186,0.172,0.176,0.251,0.15,0.178,0.161,0.244,0.567,0.178,0.809,0.766,0.176,0.205,0.629,0.175,1.097,0.43,0.213,0.166,0.175,0.228,0.193,0.178,0.399,0.174,0.165,0.194,0.194,0.237,0.178,0.182,0.216,0.177,2.979,0.24,0.262,0.193,0.344,0.932,0.21,0.179,0.165,0.163,0.165,0.18,0.461,0.179,0.219,0.166,0.171,0.431,0.172,0.193,1.89,0.172,0.19,0.276,0.18,0.177,0.17,0.183,0.175,0.171,0.171,0.19,0.189,0.175,0.163,0.247,0.165,0.2,0.168,0.171,0.251,0.178,0.449,0.169,0.174,0.176,0.265,0.165,0.17,0.166,0.258,0.17,0.176,0.168,0.253,0.178,0.354,0.175,0.245,0.175,1.43,0.188,0.201,0.385,0.176,0.181,0.218,2.808,0.18,0.448,0.197,0.534,0.303,0.225,0.191,0.241,0.174,0.187,0.173,0.487,0.17,0.436,0.217,0.25,0.169,0.528,0.175,0.213,0.178,1.085,0.18,0.316,0.187,0.178,0.193,0.499,0.192,0.174,0.18,0.284,0.174,0.255,0.219,0.214,0.179,0.339,0.195,0.192,0.203,0.956,0.647,0.181,0.499,0.177,0.175,0.179,0.178,0.197,0.169,0.183,0.173,0.178,0.173,0.181,0.182,0.21,0.208,0.19,0.2,0.185,0.17,0.205,0.196
0.036099537,25,0.279,0.188,0.174,0.19,0.209,0.269,0.181,0.179,0.657,0.165,0.178,0.171,0.14,0.337,0.261,0.173,0.206,0.2,0.178,0.164,0.208,0.883,0.391,0.177,0.184,0.186,0.172,0.176,0.252,0.15,0.179,0.161,0.246,0.568,0.178,0.814,0.774,0.177,0.206,0.623,0.176,1.109,0.436,0.214,0.166,0.175,0.226,0.193,0.178,0.402,0.174,0.166,0.194,0.195,0.238,0.179,0.183,0.217,0.177,3,0.241,0.263,0.194,0.347,0.942,0.21,0.179,0.165,0.163,0.165,0.181,0.465,0.179,0.219,0.166,0.171,0.432,0.172,0.194,1.911,0.172,0.191,0.278,0.18,0.177,0.17,0.183,0.175,0.171,0.171,0.191,0.189,0.175,0.163,0.245,0.165,0.201,0.168,0.172,0.252,0.176,0.454,0.169,0.174,0.176,0.267,0.165,0.17,0.167,0.259,0.17,0.176,0.169,0.255,0.178,0.357,0.175,0.246,0.175,1.447,0.188,0.2,0.389,0.176,0.181,0.219,2.841,0.18,0.451,0.198,0.539,0.305,0.226,0.191,0.241,0.174,0.187,0.173,0.486,0.171,0.44,0.217,0.253,0.169,0.533,0.173,0.213,0.179,1.099,0.18,0.318,0.187,0.178,0.194,0.504,0.192,0.174,0.181,0.286,0.175,0.256,0.22,0.213,0.18,0.342,0.195,0.192,0.205,0.967,0.647,0.182,0.498,0.177,0.176,0.18,0.178,0.197,0.169,0.183,0.174,0.178,0.173,0.181,0.182,0.211,0.208,0.19,0.2,0.185,0.171,0.208,0.197
0.036585648,25,0.28,0.188,0.175,0.19,0.209,0.271,0.181,0.179,0.663,0.165,0.178,0.171,0.14,0.34,0.263,0.174,0.206,0.2,0.178,0.164,0.209,0.893,0.395,0.178,0.184,0.186,0.172,0.176,0.254,0.15,0.179,0.161,0.247,0.569,0.179,0.807,0.782,0.177,0.207,0.615,0.175,1.121,0.438,0.215,0.166,0.175,0.229,0.194,0.178,0.406,0.175,0.166,0.195,0.195,0.239,0.179,0.183,0.219,0.178,3.029,0.242,0.265,0.194,0.349,0.952,0.211,0.179,0.165,0.163,0.165,0.181,0.469,0.179,0.222,0.166,0.171,0.431,0.172,0.194,1.932,0.172,0.191,0.279,0.18,0.177,0.17,0.184,0.175,0.171,0.171,0.191,0.189,0.175,0.163,0.249,0.165,0.201,0.168,0.172,0.253,0.179,0.459,0.17,0.174,0.176,0.268,0.165,0.171,0.167,0.261,0.171,0.177,0.169,0.256,0.178,0.361,0.175,0.248,0.175,1.466,0.188,0.202,0.392,0.177,0.182,0.22,2.879,0.18,0.456,0.198,0.545,0.307,0.227,0.191,0.243,0.174,0.188,0.173,0.487,0.17,0.444,0.218,0.255,0.169,0.538,0.175,0.215,0.178,1.111,0.18,0.32,0.187,0.178,0.194,0.508,0.193,0.174,0.181,0.288,0.175,0.258,0.221,0.215,0.18,0.344,0.196,0.194,0.207,0.977,0.636,0.181,0.492,0.178,0.176,0.18,0.178,0.198,0.169,0.183,0.174,0.178,0.173,0.181,0.182,0.212,0.208,0.19,0.2,0.186,0.171,0.209,0.197
0.037071759,25,0.282,0.189,0.175,0.191,0.21,0.273,0.181,0.179,0.67,0.166,0.179,0.171,0.139,0.342,0.264,0.174,0.207,0.201,0.178,0.164,0.209,0.899,0.398,0.177,0.184,0.187,0.172,0.177,0.255,0.15,0.179,0.161,0.248,0.566,0.179,0.807,0.79,0.177,0.208,0.623,0.176,1.134,0.441,0.216,0.166,0.175,0.227,0.194,0.179,0.409,0.174,0.166,0.195,0.196,0.24,0.179,0.183,0.22,0.178,3.047,0.244,0.267,0.195,0.351,0.962,0.212,0.18,0.165,0.163,0.165,0.181,0.473,0.18,0.219,0.166,0.171,0.43,0.172,0.195,1.953,0.172,0.192,0.281,0.18,0.177,0.17,0.184,0.175,0.171,0.171,0.191,0.189,0.176,0.163,0.248,0.165,0.201,0.168,0.172,0.255,0.179,0.464,0.17,0.175,0.176,0.27,0.165,0.171,0.167,0.262,0.171,0.177,0.169,0.257,0.179,0.364,0.175,0.249,0.175,1.483,0.189,0.203,0.395,0.177,0.182,0.221,2.913,0.18,0.46,0.198,0.55,0.309,0.228,0.192,0.244,0.174,0.188,0.173,0.485,0.171,0.449,0.219,0.256,0.169,0.544,0.175,0.216,0.178,1.124,0.181,0.322,0.188,0.178,0.195,0.513,0.194,0.174,0.182,0.289,0.175,0.259,0.222,0.216,0.18,0.347,0.196,0.193,0.208,0.989,0.649,0.181,0.5,0.178,0.176,0.18,0.179,0.198,0.169,0.184,0.174,0.177,0.173,0.182,0.183,0.213,0.209,0.19,0.201,0.186,0.171,0.209,0.198
0.03755787,25,0.283,0.189,0.175,0.191,0.211,0.274,0.182,0.179,0.677,0.166,0.179,0.172,0.14,0.345,0.265,0.174,0.207,0.201,0.179,0.164,0.212,0.91,0.401,0.178,0.185,0.187,0.173,0.177,0.256,0.151,0.18,0.161,0.249,0.574,0.179,0.817,0.798,0.177,0.208,0.628,0.177,1.146,0.445,0.217,0.167,0.175,0.226,0.195,0.179,0.413,0.175,0.166,0.196,0.197,0.241,0.18,0.184,0.221,0.178,3.078,0.245,0.268,0.195,0.354,0.972,0.213,0.18,0.165,0.163,0.165,0.181,0.477,0.18,0.223,0.166,0.171,0.43,0.172,0.195,1.974,0.172,0.192,0.282,0.18,0.178,0.17,0.185,0.176,0.172,0.171,0.192,0.19,0.176,0.163,0.249,0.165,0.202,0.168,0.172,0.256,0.177,0.469,0.17,0.175,0.176,0.272,0.165,0.171,0.167,0.264,0.171,0.177,0.169,0.259,0.18,0.368,0.175,0.251,0.175,1.501,0.189,0.203,0.399,0.177,0.182,0.221,2.957,0.18,0.465,0.199,0.555,0.311,0.229,0.192,0.245,0.175,0.189,0.174,0.488,0.171,0.453,0.22,0.257,0.169,0.55,0.175,0.217,0.178,1.137,0.181,0.324,0.189,0.178,0.195,0.518,0.194,0.175,0.182,0.291,0.175,0.261,0.223,0.216,0.181,0.35,0.197,0.193,0.208,0.999,0.639,0.182,0.501,0.178,0.176,0.18,0.178,0.199,0.17,0.184,0.174,0.178,0.174,0.183,0.184,0.213,0.209,0.191,0.202,0.186,0.171,0.207,0.198
0.038043981,25,0.285,0.19,0.175,0.191,0.211,0.276,0.181,0.18,0.683,0.166,0.179,0.172,0.14,0.347,0.267,0.174,0.208,0.202,0.179,0.165,0.21,0.918,0.404,0.178,0.185,0.188,0.173,0.177,0.258,0.151,0.18,0.161,0.251,0.572,0.18,0.809,0.806,0.178,0.209,0.625,0.177,1.158,0.444,0.217,0.167,0.175,0.226,0.196,0.18,0.416,0.175,0.166,0.195,0.197,0.242,0.18,0.184,0.222,0.179,3.101,0.246,0.27,0.196,0.356,0.982,0.213,0.18,0.166,0.163,0.165,0.182,0.481,0.18,0.217,0.166,0.172,0.429,0.173,0.196,1.995,0.173,0.192,0.284,0.181,0.178,0.17,0.185,0.176,0.172,0.171,0.192,0.19,0.176,0.163,0.25,0.166,0.202,0.168,0.172,0.258,0.175,0.473,0.17,0.175,0.177,0.273,0.165,0.171,0.167,0.265,0.171,0.178,0.17,0.26,0.179,0.371,0.175,0.253,0.176,1.519,0.189,0.203,0.402,0.177,0.182,0.222,2.988,0.18,0.469,0.199,0.561,0.313,0.23,0.193,0.246,0.175,0.189,0.174,0.484,0.171,0.457,0.221,0.259,0.169,0.554,0.174,0.217,0.18,1.151,0.181,0.326,0.189,0.178,0.196,0.523,0.195,0.175,0.183,0.293,0.175,0.262,0.224,0.217,0.181,0.352,0.198,0.194,0.209,1.011,0.651,0.182,0.498,0.178,0.176,0.181,0.18,0.2,0.17,0.184,0.175,0.179,0.174,0.183,0.185,0.214,0.21,0.191,0.202,0.187,0.172,0.209,0.199
0.038530093,25,0.287,0.19,0.176,0.192,0.212,0.278,0.182,0.18,0.69,0.166,0.18,0.173,0.14,0.35,0.268,0.174,0.208,0.202,0.179,0.165,0.213,0.928,0.406,0.178,0.185,0.188,0.173,0.178,0.259,0.151,0.18,0.161,0.252,0.563,0.18,0.811,0.814,0.178,0.21,0.626,0.176,1.17,0.448,0.218,0.167,0.175,0.226,0.196,0.18,0.42,0.176,0.166,0.197,0.197,0.243,0.18,0.184,0.223,0.179,3.123,0.247,0.271,0.196,0.359,0.992,0.214,0.181,0.166,0.163,0.165,0.182,0.485,0.18,0.219,0.167,0.172,0.429,0.173,0.196,2.015,0.173,0.193,0.286,0.181,0.178,0.17,0.185,0.176,0.172,0.171,0.193,0.19,0.176,0.163,0.248,0.165,0.202,0.168,0.172,0.259,0.179,0.478,0.17,0.176,0.177,0.275,0.165,0.171,0.167,0.267,0.171,0.178,0.169,0.261,0.181,0.376,0.175,0.254,0.176,1.537,0.19,0.204,0.405,0.178,0.182,0.223,3.024,0.18,0.473,0.2,0.566,0.315,0.23,0.193,0.247,0.175,0.189,0.174,0.492,0.171,0.461,0.222,0.26,0.169,0.56,0.175,0.218,0.179,1.161,0.182,0.328,0.189,0.178,0.196,0.527,0.195,0.175,0.183,0.295,0.175,0.263,0.224,0.217,0.181,0.355,0.198,0.194,0.209,1.021,0.652,0.181,0.505,0.178,0.176,0.181,0.18,0.2,0.17,0.185,0.175,0.179,0.174,0.183,0.184,0.215,0.209,0.191,0.202,0.187,0.171,0.209,0.199
0.039016204,25,0.288,0.191,0.176,0.192,0.212,0.28,0.182,0.18,0.696,0.166,0.18,0.173,0.14,0.352,0.269,0.174,0.209,0.203,0.179,0.165,0.214,0.938,0.41,0.178,0.186,0.189,0.173,0.178,0.261,0.151,0.181,0.162,0.253,0.57,0.18,0.818,0.822,0.178,0.211,0.633,0.178,1.182,0.448,0.219,0.167,0.176,0.227,0.197,0.181,0.423,0.175,0.167,0.196,0.198,0.244,0.181,0.185,0.224,0.179,3.144,0.249,0.273,0.197,0.361,1.002,0.215,0.181,0.166,0.163,0.166,0.182,0.489,0.181,0.22,0.166,0.172,0.436,0.173,0.197,2.035,0.173,0.193,0.288,0.181,0.179,0.171,0.186,0.176,0.172,0.171,0.193,0.19,0.177,0.164,0.249,0.166,0.203,0.168,0.173,0.26,0.174,0.483,0.171,0.176,0.177,0.276,0.165,0.171,0.167,0.268,0.171,0.178,0.169,0.262,0.18,0.379,0.175,0.256,0.176,1.555,0.19,0.204,0.409,0.178,0.183,0.224,3.062,0.18,0.477,0.2,0.571,0.317,0.232,0.194,0.248,0.175,0.19,0.174,0.497,0.171,0.466,0.222,0.262,0.169,0.566,0.174,0.219,0.18,1.173,0.182,0.33,0.19,0.179,0.197,0.532,0.196,0.176,0.183,0.297,0.176,0.265,0.225,0.217,0.182,0.357,0.199,0.194,0.209,1.032,0.653,0.182,0.501,0.179,0.176,0.181,0.18,0.2,0.17,0.185,0.175,0.179,0.174,0.183,0.185,0.216,0.21,0.192,0.203,0.187,0.172,0.21,0.2
0.039502315,25,0.29,0.191,0.176,0.192,0.213,0.281,0.182,0.18,0.703,0.166,0.18,0.173,0.14,0.355,0.271,0.175,0.209,0.203,0.18,0.165,0.214,0.946,0.414,0.178,0.186,0.189,0.174,0.178,0.261,0.151,0.181,0.162,0.254,0.57,0.181,0.803,0.83,0.178,0.211,0.629,0.177,1.194,0.453,0.22,0.167,0.176,0.228,0.197,0.181,0.427,0.176,0.167,0.198,0.198,0.246,0.181,0.185,0.226,0.179,3.167,0.25,0.275,0.197,0.364,1.012,0.215,0.181,0.166,0.163,0.166,0.183,0.493,0.181,0.221,0.167,0.172,0.431,0.173,0.197,2.056,0.173,0.194,0.289,0.181,0.179,0.171,0.186,0.176,0.172,0.172,0.194,0.191,0.177,0.164,0.249,0.166,0.203,0.168,0.173,0.261,0.179,0.488,0.171,0.176,0.177,0.278,0.165,0.171,0.167,0.27,0.172,0.178,0.169,0.263,0.181,0.383,0.176,0.258,0.176,1.573,0.19,0.205,0.412,0.178,0.183,0.225,3.102,0.181,0.48,0.2,0.577,0.319,0.233,0.194,0.25,0.175,0.19,0.174,0.488,0.172,0.47,0.223,0.262,0.169,0.571,0.176,0.22,0.179,1.185,0.182,0.333,0.19,0.179,0.197,0.537,0.197,0.176,0.183,0.299,0.176,0.266,0.226,0.219,0.182,0.36,0.199,0.195,0.208,1.043,0.641,0.182,0.509,0.179,0.177,0.181,0.18,0.201,0.17,0.185,0.175,0.179,0.175,0.183,0.185,0.216,0.21,0.192,0.203,0.188,0.172,0.21,0.2
0.039988426,25,0.292,0.191,0.177,0.193,0.214,0.283,0.182,0.18,0.71,0.167,0.18,0.174,0.14,0.357,0.272,0.175,0.21,0.204,0.18,0.165,0.214,0.954,0.416,0.178,0.186,0.19,0.174,0.179,0.263,0.151,0.181,0.162,0.255,0.572,0.181,0.821,0.838,0.179,0.212,0.635,0.179,1.207,0.451,0.22,0.167,0.176,0.227,0.198,0.181,0.43,0.176,0.167,0.198,0.199,0.247,0.182,0.185,0.227,0.18,3.197,0.251,0.276,0.198,0.366,1.022,0.216,0.182,0.166,0.163,0.166,0.183,0.496,0.181,0.219,0.167,0.172,0.429,0.173,0.198,2.077,0.174,0.194,0.291,0.181,0.179,0.171,0.187,0.177,0.173,0.172,0.194,0.191,0.177,0.164,0.249,0.166,0.203,0.169,0.173,0.263,0.18,0.493,0.171,0.177,0.177,0.279,0.166,0.172,0.167,0.271,0.172,0.179,0.17,0.264,0.18,0.386,0.176,0.26,0.176,1.591,0.191,0.206,0.415,0.178,0.184,0.226,3.135,0.18,0.484,0.201,0.582,0.321,0.234,0.195,0.251,0.176,0.191,0.175,0.483,0.172,0.474,0.224,0.266,0.17,0.577,0.176,0.22,0.18,1.196,0.183,0.335,0.191,0.179,0.198,0.542,0.197,0.176,0.184,0.301,0.177,0.268,0.227,0.22,0.182,0.363,0.2,0.195,0.21,1.054,0.654,0.181,0.513,0.179,0.177,0.182,0.18,0.201,0.171,0.186,0.176,0.18,0.175,0.184,0.185,0.217,0.211,0.193,0.204,0.188,0.172,0.212,0.2
0.040474537,25,0.294,0.192,0.177,0.193,0.214,0.284,0.182,0.18,0.716,0.167,0.181,0.174,0.141,0.36,0.273,0.175,0.21,0.204,0.18,0.165,0.217,0.964,0.42,0.178,0.186,0.19,0.174,0.179,0.264,0.152,0.182,0.162,0.257,0.577,0.181,0.802,0.846,0.179,0.213,0.635,0.178,1.219,0.459,0.221,0.167,0.176,0.227,0.198,0.181,0.434,0.176,0.167,0.199,0.199,0.248,0.182,0.186,0.228,0.18,3.217,0.253,0.278,0.198,0.368,1.032,0.217,0.182,0.166,0.164,0.166,0.183,0.501,0.181,0.221,0.167,0.172,0.435,0.174,0.198,2.097,0.174,0.194,0.292,0.182,0.179,0.171,0.187,0.177,0.173,0.172,0.195,0.191,0.178,0.164,0.251,0.166,0.204,0.169,0.173,0.264,0.18,0.498,0.171,0.177,0.177,0.281,0.166,0.172,0.167,0.273,0.172,0.179,0.17,0.266,0.18,0.39,0.176,0.261,0.176,1.609,0.191,0.206,0.418,0.179,0.184,0.226,3.17,0.181,0.489,0.201,0.587,0.323,0.234,0.195,0.252,0.176,0.191,0.175,0.49,0.172,0.479,0.225,0.266,0.17,0.583,0.177,0.22,0.179,1.209,0.183,0.337,0.191,0.18,0.198,0.547,0.198,0.176,0.185,0.303,0.177,0.269,0.228,0.219,0.183,0.365,0.2,0.196,0.211,1.065,0.647,0.182,0.512,0.18,0.177,0.182,0.18,0.202,0.171,0.186,0.176,0.18,0.175,0.184,0.186,0.218,0.21,0.193,0.204,0.188,0.172,0.21,0.201
0.040960648,25,0.295,0.192,0.177,0.194,0.215,0.286,0.182,0.181,0.723,0.167,0.181,0.174,0.14,0.362,0.275,0.175,0.211,0.205,0.18,0.165,0.217,0.972,0.423,0.178,0.187,0.191,0.174,0.179,0.266,0.152,0.182,0.162,0.258,0.58,0.182,0.826,0.854,0.179,0.214,0.65,0.178,1.231,0.457,0.222,0.168,0.176,0.228,0.199,0.182,0.437,0.176,0.167,0.198,0.2,0.249,0.182,0.186,0.23,0.18,3.235,0.254,0.279,0.199,0.37,1.042,0.217,0.182,0.167,0.164,0.166,0.183,0.505,0.182,0.217,0.167,0.172,0.439,0.174,0.199,2.118,0.174,0.194,0.294,0.182,0.179,0.171,0.188,0.177,0.173,0.172,0.195,0.192,0.178,0.164,0.247,0.166,0.204,0.169,0.173,0.266,0.173,0.503,0.171,0.177,0.177,0.282,0.165,0.172,0.167,0.274,0.172,0.179,0.17,0.266,0.181,0.393,0.176,0.264,0.176,1.626,0.191,0.207,0.422,0.179,0.184,0.227,3.201,0.18,0.493,0.201,0.593,0.325,0.235,0.195,0.253,0.176,0.191,0.175,0.486,0.172,0.483,0.226,0.268,0.17,0.588,0.175,0.221,0.181,1.223,0.183,0.339,0.192,0.179,0.199,0.552,0.199,0.176,0.185,0.305,0.177,0.27,0.229,0.221,0.183,0.368,0.201,0.197,0.212,1.075,0.654,0.183,0.51,0.179,0.177,0.182,0.181,0.202,0.171,0.186,0.176,0.18,0.175,0.185,0.187,0.219,0.211,0.193,0.205,0.189,0.172,0.213,0.201
0.041446759,25,0.297,0.193,0.178,0.194,0.215,0.288,0.182,0.181,0.729,0.167,0.181,0.174,0.141,0.365,0.276,0.176,0.212,0.205,0.181,0.165,0.217,0.982,0.426,0.178,0.187,0.191,0.174,0.179,0.267,0.152,0.183,0.162,0.259,0.565,0.182,0.821,0.862,0.179,0.215,0.628,0.178,1.242,0.464,0.223,0.168,0.177,0.228,0.2,0.182,0.441,0.176,0.167,0.199,0.2,0.25,0.183,0.186,0.231,0.181,3.262,0.255,0.281,0.199,0.373,1.053,0.218,0.182,0.167,0.164,0.166,0.184,0.508,0.182,0.221,0.167,0.172,0.43,0.174,0.199,2.138,0.174,0.195,0.296,0.182,0.18,0.171,0.188,0.177,0.173,0.172,0.196,0.192,0.178,0.164,0.25,0.166,0.204,0.169,0.173,0.267,0.18,0.508,0.171,0.178,0.177,0.284,0.166,0.172,0.168,0.275,0.172,0.179,0.17,0.268,0.181,0.398,0.176,0.264,0.177,1.645,0.192,0.208,0.425,0.179,0.184,0.228,3.241,0.18,0.497,0.202,0.598,0.327,0.236,0.196,0.254,0.176,0.192,0.175,0.492,0.172,0.487,0.226,0.267,0.17,0.594,0.176,0.222,0.181,1.236,0.183,0.341,0.192,0.179,0.199,0.556,0.199,0.177,0.185,0.307,0.177,0.272,0.23,0.221,0.183,0.371,0.201,0.195,0.209,1.086,0.644,0.182,0.52,0.179,0.177,0.182,0.18,0.203,0.171,0.187,0.176,0.18,0.175,0.185,0.187,0.219,0.21,0.193,0.205,0.189,0.173,0.212,0.202
