design,substrate_uM,replicate,v_over_E_per_s,start_s,end_s
C4,99.0,B,0.005638742331185053,0,200
C4,99.0,C,0.005480078178935049,0,200
C4,99.0,A,0.005146330119482712,0,200
C4,49.5,B,0.0030241820467332855,0,200
C4,49.5,C,0.003255862984742009,0,200
C4,49.5,A,0.0031040253606498436,0,200
C4,24.75,B,0.0018849036646561212,0,200
C4,24.75,C,0.0016648609046081163,0,200
C4,24.75,A,0.0017146614800679358,0,200
C4,12.38,B,0.0009394445512012599,0,200
C4,12.38,C,0.0009491881420520942,0,200
C4,12.38,A,0.0009482558849027858,0,200
C4,6.19,B,0.0004710905885133242,0,200
C4,6.19,C,0.0004880516540684801,0,200
C4,6.19,A,0.00047448881618660893,0,200
C4,3.09,B,0.00024680756207653065,0,200
C4,3.09,C,0.00022993671495517894,0,200
C4,3.09,A,0.0002389284855243129,0,200
C4,1.55,B,0.00012119342941006681,0,200
C4,1.55,C,0.00012471194832842363,0,200
C4,1.55,A,0.0001228474340298072,0,200
C4,0.77,B,6.441596173607027e-05,0,200
C4,0.77,C,6.477683547128634e-05,0,200
C4,0.77,A,6.46565442262143e-05,0,200
B11,99.0,B,0.0005573394112299673,0,200
B11,99.0,C,0.0005884346980810862,0,200
B11,99.0,A,0.0005669927836469974,0,200
B11,49.5,B,0.0003603023518019877,0,200
B11,49.5,C,0.0003557012116779828,0,200
B11,49.5,A,0.0003952770313066794,0,200
B11,24.75,B,0.00023835710211022077,0,200
B11,24.75,C,0.00025408518240338816,0,200
B11,24.75,A,0.00024491297496664617,0,200
B11,12.38,B,0.0001450411687455961,0,200
B11,12.38,C,0.00015186769690343362,0,200
B11,12.38,A,0.0001525894443738658,0,200
B11,6.19,B,8.158753697010205e-05,0,200
B11,6.19,C,8.065527982079386e-05,0,200
B11,6.19,A,8.381292500393455e-05,0,200
B11,3.09,B,4.122982424843713e-05,0,200
B11,3.09,C,3.777145095261637e-05,0,200
B11,3.09,A,4.399652288509374e-05,0,200
B11,1.55,B,2.556188957780566e-05,0,200
B11,1.55,C,2.5622035200341668e-05,0,200
B11,1.55,A,2.670465640598991e-05,0,200
B11,0.77,B,1.3773347560747047e-05,0,200
B11,0.77,C,1.3893638805819073e-05,0,200
B11,0.77,A,1.4795823143859276e-05,0,200
D11,99.0,B,0.0008632194330210524,0,300
D11,99.0,C,0.0009679552739420309,0,300
D11,99.0,A,0.0008304618957793612,0,300
D11,49.5,B,0.0004273455616385928,0,300
D11,49.5,C,0.00045676113646679053,0,300
D11,49.5,A,0.0004108879731495045,0,300
D11,24.75,B,0.00021532011606557002,0,300
D11,24.75,C,0.00023314917026208222,0,300
D11,24.75,A,0.00020932980607912032,0,300
D11,12.38,B,0.00011919140475670075,0,300
D11,12.38,C,0.00011892341720467533,0,300
D11,12.38,A,0.00010522452410408375,0,300
D11,6.19,B,5.547342326925405e-05,0,300
D11,6.19,C,5.873656581450428e-05,0,300
D11,6.19,A,5.564682697938812e-05,0,300
D11,3.09,B,2.9273699065360834e-05,0,300
D11,3.09,C,2.9068767407929656e-05,0,300
D11,3.09,A,2.5222357837682998e-05,0,300
D11,1.55,B,1.563786185936346e-05,0,300
D11,1.55,C,1.3273265812080681e-05,0,300
D11,1.55,A,1.2910694418163985e-05,0,300
D11,0.77,B,5.548918724290259e-06,0,300
D11,0.77,C,7.83469490333028e-06,0,300
D11,0.77,A,6.526285090500477e-06,0,300
