well,change_RFU
A1,6411.0
A2,6376.0
A3,6718.0
A4,6801.0
A5,7132.0
A6,9065.0
A7,6107.0
A8,6662.0
A9,6060.0
A10,6776.0
A11,5701.0
A12,5690.0
B1,6523.0
B2,6282.0
B3,6473.0
B4,7162.0
B5,6886.0
B6,7131.0
B7,6739.0
B8,7290.0
B9,5968.0
B10,5875.0
B11,10793.0
B12,5799.0
C1,6628.0
C2,6636.0
C3,6675.0
C4,25383.0
C5,6571.0
C6,7268.0
C7,8780.0
C8,7019.0
C9,8349.0
C10,7324.0
C11,5760.0
C12,6036.0
D1,8029.0
D2,6800.0
D3,7125.0
D4,6510.0
D5,6830.0
D6,6869.0
D7,6988.0
D8,6606.0
D9,6802.0
D10,6279.0
D11,9964.0
D12,5751.0
E1,6522.0
E2,6669.0
E3,6463.0
E4,7038.0
E5,6954.0
E6,7066.0
E7,8469.0
E8,7409.0
E9,6291.0
E10,6118.0
E11,5934.0
E12,5966.0
F1,6735.0
F2,7134.0
F3,7120.0
F4,7238.0
F5,6652.0
F6,6521.0
F7,6486.0
F8,6360.0
F9,6928.0
F10,6054.0
F11,5774.0
F12,9595.0
G1,6460.0
G2,6628.0
G3,6726.0
G4,7331.0
G5,6736.0
G6,6514.0
G7,8481.0
G8,6584.0
G9,6287.0
G10,8646.0
G11,5814.0
G12,5829.0
H1,6297.0
H2,6561.0
H3,7557.0
H4,6634.0
H5,7090.0
H6,7218.0
H7,6412.0
H10,5988.0
H11,6913.0
H12,5651.0
