file,role,source_path,sha256
240710_zn_hydrolase_96_order1_200uM_zinc_100uM_butyrate.xlsx,publication screening,/net/expdata/users/woodbuse/neo2_platereader/zinc_hydrolase/240710_zn_hydrolase_96_order1_200uM_zinc_100uM_butyrate.xlsx,04ba2f36b6165a58ff31a1f27ddad7bc35a3fa4074dd87f3ce122ce27e640eaa
240716_zn_hydrolase_96_Order1_0uM_zn_100uM_butyrate.tsv,archived alternate screening condition,/home/donghyo/projects/zinc_hydrolase/enzyme_design/20240405_design_campaign1/exp_data/plate_reader/240716_zn_hydrolase_96_Order1_0uM_zn_100uM_butyrate.tsv,27c734a6ecde7f3668e8c46cfc16c3eff9af5af5126dad6681f08933a9628428
240716_zn_hydrolase_96_Order1_100uM_zn_100uM_butyrate.tsv,archived alternate screening condition,/home/donghyo/projects/zinc_hydrolase/enzyme_design/20240405_design_campaign1/exp_data/plate_reader/240716_zn_hydrolase_96_Order1_100uM_zn_100uM_butyrate.tsv,1cb21b81c6dd971ec4a3e39a9d1f68912d9a017e7d385dbfb07af9099d0921d5
240716_zn_hydrolase_96_order1_12pt5_uM_zinc_100uM_butyrate.tsv,archived alternate screening condition,/home/donghyo/projects/zinc_hydrolase/enzyme_design/20240405_design_campaign1/exp_data/plate_reader/240716_zn_hydrolase_96_order1_12pt5_uM_zinc_100uM_butyrate.tsv,8a1b02b7c82907de266bf4216a217d2b0d6ece11e496489f18f588959343c6e8
240920_B11_OFFICIAL_kinetics_3uM___butyrate_subst_25C_4min_20uM_zn.xlsx,publication hit kinetics,/net/expdata/users/woodbuse/neo2_platereader/zinc_hydrolase/butyrate_paper_data/240920_B11_OFFICIAL_kinetics_3uM___butyrate_subst_25C_4min_20uM_zn.xlsx,f069714f0f921f0042646e52872cfdd380b8db371c93fac76b15ad7e3e1474fc
240920_C10_OFFICIAL_kinetics_3uM___butyrate_subst_25C_4min_20uM_zn.xlsx,archived exploratory input; not used for publication fit,/net/expdata/users/woodbuse/neo2_platereader/zinc_hydrolase/butyrate_paper_data/240920_C10_OFFICIAL_kinetics_3uM___butyrate_subst_25C_4min_20uM_zn.xlsx,16980ebfb7c5725f4e0c252e5c1442fc61944a2371ed467acb4a2a947bff41e2
240920_C4_OFFICIAL_kinetics_3uM___butyrate_subst_25C_4min_20uM_zn.xlsx,publication hit kinetics,/net/expdata/users/woodbuse/neo2_platereader/zinc_hydrolase/butyrate_paper_data/240920_C4_OFFICIAL_kinetics_3uM___butyrate_subst_25C_4min_20uM_zn.xlsx,88b1bd4741f9cf874439550f42c122cd6c362fe21b6dc59b01f9088614aeeba1
240920_D11_OFFICIAL_kinetics_3uM___butyrate_subst_25C_4min_20uM_zn.xlsx,publication hit kinetics,/net/expdata/users/woodbuse/neo2_platereader/zinc_hydrolase/butyrate_paper_data/240920_D11_OFFICIAL_kinetics_3uM___butyrate_subst_25C_4min_20uM_zn.xlsx,178150dcc1457d48ba9bdd374c8db0a5f564df7461dbe494050e2206749fb06e
240920_E10_OFFICIAL_kinetics_3uM___butyrate_subst_25C_4min_20uM_zn.xlsx,archived exploratory input; not used for publication fit,/net/expdata/users/woodbuse/neo2_platereader/zinc_hydrolase/butyrate_paper_data/240920_E10_OFFICIAL_kinetics_3uM___butyrate_subst_25C_4min_20uM_zn.xlsx,8b451c6311a36188ad7688f4e2abf789db321eb6c149167f1880e19e13991329
240920_kinetics_4mu_STANDARD_CURVE_8pts.xlsx,archived exploratory input; not used for publication fit,/net/expdata/users/woodbuse/neo2_platereader/zinc_hydrolase/butyrate_paper_data/240920_kinetics_4mu_STANDARD_CURVE_8pts.xlsx,e08ae5171c532fa0d4c465e024fc18e94cbe7d1f94e37a05099e1ef4769ec6cf
250401_4mu_standard_curves_100uL_30uMladder_and_45uMladder_25C_5prctDMSO__pH8.xlsx,final publication calibration (shared with Nature dataset),/home/woodbuse/publication/metallohydrolase/official_github/Metallohydrolase_Enzyme_Design/Manuscript_Data/Metallohydrolase_Nature_2026/raw_wetlab_data/250401_4mu_standard_curves_100uL_30uMladder_and_45uMladder_25C_5prctDMSO__pH8.xlsx,f108caae74e4e04ce551a72c79d6b685ab8610d19e0b4e9d9f8b4a35851baada
